<?xml version="1.0" encoding="UTF-8"?>
<COLLADA xmlns="http://www.collada.org/2005/11/COLLADASchema" version="1.4.1">
    <asset>
        <contributor>
            <author>VCGLab</author>
            <authoring_tool>VCGLib | MeshLab</authoring_tool>
        </contributor>
        <created>Wed Aug 6 13:56:44 2025 GMT</created>
        <modified>Wed Aug 6 13:56:44 2025 GMT</modified>
        <up_axis>Y_UP</up_axis>
    </asset>
    <library_geometries>
        <geometry id="shape0-lib" name="shape0">
            <mesh>
                <source id="shape0-lib-positions" name="position">
                    <float_array id="shape0-lib-positions-array" count="20529">13.5444 6.6 11.0814 14.5087 6.6 9.78505 14.106 8.47258 10.357 12.815 9.01382 11.9174 12.4647 9.15464 12.2833 12.4647 6.6 12.2834 13.1545 8.87512 11.5415 13.483 8.73863 11.1559 13.8003 8.60442 10.761 14.4382 7.76249 9.88871 14.3998 8.3432 9.94444 14.5214 -8.28884 9.76608 14.5765 -7.09292 9.68383 14.2983 -8.38826 10.09 14.0656 -8.49019 10.4119 14.5963 -6.6 9.6539 13.5942 -6.6 11.0203 13.8233 -8.59464 10.7315 13.5713 -8.70161 11.0485 13.3095 -8.81109 11.3626 13.0378 -8.92309 11.6733 12.4647 -6.6 12.2834 12.4647 -9.15464 12.2833 12.7562 -9.03761 11.9803 -10.8954 6.58827 -12.3911 -10.9795 6.55407 -12.3166 -11.6971 6.58186 -13.2081 -11.635 6.59564 -13.2503 -10.807 6.6 -12.4683 -11.7593 6.55787 -13.1657 -11.0566 6.49887 -12.2475 -11.8201 6.52336 -13.1244 -11.1242 6.42414 -12.1862 -11.8774 6.47854 -13.0854 -11.9295 6.42426 -13.05 -11.9749 6.36194 -13.0191 -11.1792 6.33262 -12.1357 -11.2532 6 -12.0671 -12.0765 6 -12.95 -12.0729 6.07222 -12.9524 -11.2447 6.11653 -12.0751 -12.0614 6.14643 -12.9603 -11.2197 6.22874 -12.0983 -12.0413 6.22086 -12.9739 -12.0124 6.29343 -12.9936 -11.5746 6.6 -13.2914 3.18692 7.5 5.83782 3.18692 15 5.83782 3.95986 7.5 5.15456 3.95986 15 5.15456 -10.8954 -5.41173 -12.3911 -10.9795 -5.44593 -12.3166 -11.6971 -5.41814 -13.2081 -11.635 -5.40436 -13.2503 -10.807 -5.4 -12.4683 -11.7593 -5.44213 -13.1657 -11.0566 -5.50113 -12.2475 -11.8201 -5.47664 -13.1244 -11.1242 -5.57586 -12.1862 -11.8774 -5.52146 -13.0854 -11.9295 -5.57574 -13.05 -11.9749 -5.63806 -13.0191 -11.1792 -5.66738 -12.1357 -11.2532 -6 -12.0671 -12.0765 -6 -12.95 -12.0729 -5.92778 -12.9524 -11.2447 -5.88347 -12.0751 -12.0614 -5.85357 -12.9603 -11.2197 -5.77126 -12.0983 -12.0413 -5.77914 -12.9739 -12.0124 -5.70657 -12.9936 -11.5746 -5.4 -13.2914 -10.8954 0.588273 -12.3911 -10.9795 0.554072 -12.3166 -11.6971 0.581857 -13.2081 -11.635 0.595638 -13.2503 -10.807 0.6 -12.4683 -11.7593 0.557873 -13.1657 -11.0566 0.498871 -12.2475 -11.8201 0.523356 -13.1244 -11.1242 0.424142 -12.1862 -11.8774 0.47854 -13.0854 -11.9295 0.424264 -13.05 -11.9749 0.361938 -13.0191 -11.1792 0.332621 -12.1357 -11.2532 9.0103e-13 -12.0671 -12.0765 0 -12.95 -12.0729 0.0722163 -12.9524 -11.2447 0.11653 -12.0751 -12.0614 0.146431 -12.9603 -11.2197 0.228744 -12.0983 -12.0413 0.220857 -12.9739 -12.0124 0.293425 -12.9936 -11.5746 0.6 -13.2914 13.5783 5.4 11.04 14.6013 4.60113 9.64639 14.5683 5.4 9.69613 13.6516 0.6 10.9492 14.653 3.0018 9.56774 14.6295 3.80171 9.60362 14.6719 2.2015 9.5387 12.4647 0.6 12.2834 12.4647 5.4 12.2834 14.6863 1.40087 9.51645 14.6963 0.6 9.50091 13.6556 -0.6 10.9441 14.7028 -1.40043 9.49092 14.7034 -0.6 9.49005 14.6982 -2.20074 9.49811 14.6894 -3.00089 9.5117 14.6764 -3.80085 9.53174 13.6177 -5.4 10.9912 14.6374 -5.4 9.59146 14.6591 -4.60057 9.55831 12.4647 -0.6 12.2834 12.4647 -5.4 12.2834 -10.807 -6.6 -12.4683 -10.8954 -5.41173 -12.3911 -10.807 -5.4 -12.4683 -10.8956 -6.5881 -12.3909 -10.9795 -5.44593 -12.3166 -10.9798 -6.55362 -12.3163 -11.0569 -6.49837 -12.2472 -11.0566 -5.50113 -12.2475 -11.1242 -5.57586 -12.1862 -11.1241 -6.42416 -12.1862 -11.1788 -6.33317 -12.1361 -11.1792 -5.66738 -12.1357 -11.2194 -6.22926 -12.0987 -11.2197 -5.77126 -12.0983 -11.2446 -6.11676 -12.0752 -11.2447 -5.88347 -12.0751 -11.2532 -6 -12.0671 -9.56587 -6.6 -13.4441 -9.56587 -5.4 -13.4441 -8.23719 -6.6 -14.2968 -8.23719 -5.4 -14.2968 -6.8331 -6.6 -15.0186 -6.8331 -5.4 -15.0186 -5.36644 -6.6 -15.6029 -5.36644 -5.4 -15.6029 -3.85066 -6.6 -16.0444 -3.85066 -5.4 -16.0444 -2.29962 -6.6 -16.339 -2.29962 -5.4 -16.339 -0.727535 -5.4 -16.484 -0.727535 -6.6 -16.484 0.851215 -5.4 -16.478 0.851215 -6.6 -16.478 2.42217 -5.4 -16.3212 2.42217 -6.6 -16.3212 3.97095 -5.4 -16.015 3.97095 -6.6 -16.015 5.48338 -5.4 -15.5622 5.48338 -6.6 -15.5622 6.94561 -5.4 -14.9669 6.94561 -6.6 -14.9669 8.34424 -5.4 -14.2346 9.66649 -6.6 -13.3719 8.34424 -6.6 -14.2346 9.66649 -5.4 -13.3719 10.9002 -6.6 -12.3869 10.9002 -5.4 -12.3869 12.0342 -6.6 -11.2884 12.0342 -5.4 -11.2884 13.058 -6.6 -10.0866 13.058 -5.4 -10.0866 13.9622 -6.6 -8.79243 15.3801 -6.6 -5.97521 14.7386 -5.4 -7.41778 15.3801 -5.4 -5.97521 15.8807 -6.6 -4.47794 15.8807 -5.4 -4.47794 16.236 -6.6 -2.93967 16.236 -5.4 -2.93967 16.4427 -6.6 -1.37449 16.4427 -5.4 -1.37449 16.4987 -6.6 0.203273 16.4987 -5.4 0.203273 16.4038 -6.6 1.77918 16.4038 -5.4 1.77918 16.1587 -6.6 3.33879 16.1587 -5.4 3.33879 15.7656 -6.6 4.86784 15.7656 -5.4 4.86784 15.2282 -6.6 6.35232 15.2282 -5.4 6.35232 13.9622 -5.4 -8.79243 14.7386 -6.6 -7.41778 14.5514 -6.6 7.77865 14.5514 -5.4 7.77865 13.7413 -6.6 9.13376 13.7413 -5.4 9.13376 12.8055 -6.6 10.4052 12.8055 -5.4 10.4052 11.7524 -6.6 11.5815 11.7524 -5.4 11.5815 3.18692 -15 5.83782 3.18692 -7.5 5.83782 3.95986 -15 5.15456 3.95986 -7.5 5.15456 -1.68494 -7.5 -2.48213 -1.16832 -7.5 -2.76315 -1.68494 7.5 -2.48213 -0.606811 -7.5 -2.93799 -1.16832 7.5 -2.76315 -0.606811 7.5 -2.93799 -0.0219779 -7.5 -2.99992 -0.0219779 7.5 -2.99992 0.5637 -7.5 -2.94656 1.12771 -7.5 -2.77997 0.5637 7.5 -2.94656 1.12771 7.5 -2.77997 1.64839 7.5 -2.50655 1.64839 -7.5 -2.50655 2.10572 -7.5 -2.1368 2.10572 7.5 -2.1368 2.48213 -7.5 -1.68494 2.48213 7.5 -1.68494 2.76315 -7.5 -1.16832 2.76315 7.5 -1.16832 2.93799 -7.5 -0.606811 2.99992 -7.5 -0.0219779 2.93799 7.5 -0.606811 2.99992 7.5 -0.0219779 2.1368 7.5 2.10572 2.50655 7.5 1.64839 2.1368 -7.5 2.10572 2.50655 -7.5 1.64839 2.77997 7.5 1.12771 2.77997 -7.5 1.12771 2.94656 7.5 0.5637 2.94656 -7.5 0.5637 -2.1368 -7.5 -2.10572 -2.1368 7.5 -2.10572 -0.95031 7.5 12.2282 -0.95031 -7.5 12.2282 -1.1647 7.5 12.5542 -0.876996 7.5 11.845 -0.955918 7.5 11.4629 -0.876996 -7.5 11.845 -0.955918 -7.5 11.4629 -1.17506 -7.5 11.14 -1.17506 7.5 11.14 -1.50106 7.5 10.9256 -1.50106 -7.5 10.9256 -1.88429 7.5 10.8523 -1.88429 -7.5 10.8523 -2.58924 7.5 11.1504 -2.58924 -7.5 11.1504 -2.26641 -7.5 10.9312 -2.26641 7.5 10.9312 -1.1647 -7.5 12.5542 -9.46577 7.5 -5.62388 -9.46577 -7.5 -5.62388 -9.68016 7.5 -5.29788 -9.39246 7.5 -6.00711 -9.47138 7.5 -6.38923 -9.39246 -7.5 -6.00711 -9.47138 -7.5 -6.38923 -9.69052 -7.5 -6.71205 -9.69052 7.5 -6.71205 -10.0165 7.5 -6.92644 -10.0165 -7.5 -6.92644 -10.3998 7.5 -6.99976 -10.3998 -7.5 -6.99976 -11.1047 7.5 -6.70169 -11.1047 -7.5 -6.70169 -10.7819 -7.5 -6.92084 -10.7819 7.5 -6.92084 -9.68016 -7.5 -5.29788 5.87582 14.2174 15.0222 6.39722 14.2674 14.5701 4.44964 14.4427 15.5614 6.73804 14.1049 14.5693 4.76165 13.8686 -14.5809 4.98384 14.1132 -14.0283 6.18657 13.9826 -13.353 3.6207 13.9182 -15.1542 3.01291 14.2446 -14.9594 -6.70741 13.3887 -16.0665 -6.32493 13.2885 -16.236 -7.45179 13.3679 -15.7653 -5.67388 13.3039 -16.4429 -6.31544 13.455 -16.1858 -4.35542 13.1411 -16.8236 -7.63921 13.5618 -15.6187 -8.08076 13.5288 -15.4198 10.8521 12.4402 -10.9134 10.6582 12.7201 -10.7245 11.6817 12.3278 -9.88665 10.1003 12.2894 -12.0644 9.46748 12.7134 -12.2174 13.7173 9.55205 10.7554 14.3021 9.13984 10.0065 14.2236 9.53483 10.0209 13.0065 9.69258 11.6344 7.22914 14.2391 13.9474 6.6149 14.3443 14.2639 8.58213 14.1016 12.9114 7.52067 14.3479 13.4674 6.76224 13.9074 14.8229 6.04438 13.8865 15.3378 7.66156 13.6268 14.4765 5.72329 14.069 15.3252 -4.45667 13.7255 -16.5387 -4.90529 13.6788 -16.4773 -5.60692 13.8639 -16.1983 -3.17258 13.5739 -16.7985 -6.64985 13.8964 -15.8545 -4.72088 13.8674 -16.3986 14.7678 12.607 -0.570407 15.2463 12.1833 0.144105 14.6277 12.5526 -1.91506 14.6843 12.7716 0.60177 9.03318 14.3818 11.7099 9.19521 14.2192 11.9431 10.0141 14.3144 10.5113 7.88524 14.4846 12.77 16.4913 9.43695 4.66821 16.5334 9.2391 4.74641 16.8181 9.04264 3.63257 16.1472 9.57656 5.80041 16.7108 9.79587 -1.05592 16.5961 10.1961 -0.0308061 16.7805 9.83721 0.648249 16.4911 9.95259 -2.19072 17.2465 8.29807 1.5511 17.3503 7.95529 0.64769 17.2891 8.26426 0.590373 17.1042 8.434 2.73135 17.2454 7.79338 2.49767 13.6709 13.5744 2.74539 14.0197 13.3367 2.28207 13.9033 13.4153 0.880552 13.5657 13.544 4.23719 10.3651 10.2776 14.0876 10.4355 9.93488 14.047 10.7416 9.82037 13.8144 9.39551 10.6425 14.7503 9.8084 10.1666 14.4918 9.48771 10.2837 14.7039 8.39129 10.9871 15.344 8.83282 10.5204 15.1066 10.3332 10.3996 14.1007 10.348 10.5062 14.076 9.34582 10.7658 14.7714 11.2691 10.0077 13.37 12.2334 9.51727 12.5046 12.1918 9.26288 12.5541 12.4647 9.15464 12.2833 11.3382 9.59426 13.3295 11.6284 9.48273 13.0773 8.61534 11.5478 15.1087 9.03179 11.2736 14.8982 9.59032 11.2999 14.4905 7.16643 12.0605 15.8315 7.19086 11.7432 15.8945 9.97581 10.9492 14.2858 8.75908 11.6965 14.9677 17.4787 6.95292 -0.0262083 17.4851 6.6 -0.569859 17.4683 6.6 -0.930372 17.4436 7.06282 1.13381 17.4963 6.6 0.151373 -3.49981 12.2476 -17.1448 -3.55362 12.1662 -17.1352 -4.11266 12.2896 -17.0096 -2.11157 11.9503 -17.3694 -2.42474 11.8968 -17.3311 -2.99511 12.326 -17.2273 -1.00367 11.7669 -17.4626 -2.99078 12.0351 -17.2423 10.0066 14.8074 7.72835 9.95278 14.8954 6.60252 9.04311 14.8925 9.07314 10.8905 14.6557 6.62043 10.6319 14.8416 4.46576 6.8882 14.0743 -12.5266 6.23816 14.2094 -12.8295 8.09767 14.0352 -11.2985 3.86172 14.8917 14.8521 2.92111 14.928 15.2551 1.44059 14.914 16.0152 5.53076 14.9093 13.5253 7.90403 14.8233 -7.95333 7.33582 14.9266 -7.85827 8.64973 14.8265 -6.23071 7.44018 14.6798 -9.80215 6.57439 14.8186 -10.1974 3.89864 13.9027 16.4567 4.6513 13.9601 16.0548 2.58768 14.2172 16.6913 4.8946 13.7553 16.1188 2.97204 11.6897 -17.0355 2.15058 12.0542 -17.1114 3.28749 11.8384 -16.8954 2.04092 11.8236 -17.2097 1.11578 12.2161 -17.2481 17.4154 7.50041 -0.326134 17.4564 7.223 0.0775245 17.3394 7.3443 -1.70345 17.4005 7.45142 1.27443 11.8633 13.3593 9.94925 11.2873 13.5895 10.4213 10.4158 13.6619 11.5659 12.7487 13.2172 8.5266 12.4156 13.5672 8.27751 11.4312 13.2703 10.8346 12.2017 13.0894 9.90573 5.78724 14.7619 -11.4823 6.75235 14.5907 -11.1409 5.25508 14.6467 -12.4848 16.193 10.3391 -2.7407 15.998 10.3788 -3.53124 15.8778 10.5951 -3.50291 16.112 10.1599 -3.55818 12.7433 8.95914 -11.5813 12.8655 9.29484 -11.2686 13.4732 8.6591 -10.7638 11.9262 9.19468 -12.4242 9.609 14.3685 -7.67921 8.75073 14.6053 -7.99871 10.7379 14.2429 -5.84561 9.16941 14.2298 -9.13678 7.98275 14.4421 -10.1292 10.5253 10.8973 13.8526 5.93438 11.7663 16.4548 5.32842 11.7419 16.6685 5.69333 11.6175 16.5475 4.99085 12.1419 16.7594 3.88301 12.42 17.0569 2.72568 13.2826 17.189 3.38375 13.247 17.0215 1.56003 13.5828 17.343 3.71502 12.9828 17.0064 2.92883 11.9965 -16.938 4.06379 11.7603 -16.6715 5.08024 11.5409 -16.3622 4.68647 11.8962 -16.3684 6.30315 11.488 -15.7934 10.4896 9.22711 -13.7952 10.5313 9.4358 -13.6943 11.4339 8.88722 -13.0343 9.4419 9.38367 -14.5797 9.55089 9.64143 -14.4286 -9.83274 13.1951 -14.4532 -9.82193 13.3902 -14.4373 -8.53939 13.2994 -15.2413 -9.29248 13.1905 -14.8173 -8.16285 13.1419 -15.4665 -8.37705 12.9413 -15.3645 4.78837 11.4813 -16.5074 4.0922 11.4653 -16.7708 0.270561 14.8973 -14.5259 1.13509 14.9481 -13.9255 1.76704 14.8446 -14.1322 -1.53174 14.9245 -14.8547 6.3439 10.4932 -16.1436 6.10288 10.7961 -16.1716 7.32176 10.4564 -15.6455 5.32279 10.7895 -16.5138 -6.1155 14.8316 -14.8961 -6.09122 14.8491 -14.8576 -5.05887 14.8113 -15.1871 -7.16992 14.8305 -14.5417 2.66568 13.2167 17.2217 4.82984 12.6842 16.7156 4.57873 12.9916 16.7095 -7.37187 14.9436 -14.088 -5.93592 14.9459 -14.5703 -6.03842 14.9159 -14.6653 -8.93804 14.9616 -13.1381 -7.31314 14.9667 -13.9937 10.9833 9.48015 -13.2668 10.0998 9.79154 -13.938 16.2064 10.7771 2.86381 16.2651 10.5154 3.50869 16.4456 10.5 1.64177 15.8696 11.1193 3.89893 15.689 11.0522 5.03573 15.7392 11.2524 4.18389 16.0692 11.0719 2.46714 16.7431 9.36377 3.49724 17.047 8.77599 2.53436 13.0057 13.6849 6.03287 12.4843 13.9327 6.53454 12.1063 13.7776 8.29773 12.9571 13.9232 4.4263 12.7899 13.5701 7.28949 12.9307 13.376 7.60652 2.39312 14.0517 -15.5288 2.59294 13.844 -15.7139 0.65802 14.0256 -16.1217 17.3171 7.03649 -2.18788 17.4394 6.9521 -1.05001 17.0471 6.84896 -3.79355 17.0223 7.09703 -3.78617 17.3727 6.6 -2.0114 17.3259 6.6 -2.37096 10.1827 10.7722 -13.3689 10.5232 11.0251 -12.8549 11.0395 10.5345 -12.6645 9.18334 10.961 -14.1355 11.4593 10.7936 -12.005 11.1605 11.0705 -12.1216 12.4037 10.5055 -11.0555 10.3182 10.3506 -13.4902 6.224 14.9872 12.1489 6.09907 15 11.8305 5.81357 15 12.1567 8.09196 14.9548 10.0829 7.32332 15 10.1355 3.91845 14.9833 14.2661 4.53473 15 13.3993 4.18111 15 13.6914 7.56676 14.8971 11.4298 11.8203 8.36529 -12.7862 11.2015 8.32859 -13.3753 11.053 8.70003 -13.437 12.6896 8.0587 -11.9307 12.4114 7.81524 -12.2794 9.29837 12.1053 14.3901 8.49399 12.5026 14.7872 8.45973 12.2391 14.9557 10.2898 11.8776 13.6588 8.78095 12.5956 14.507 9.86003 12.3976 13.7191 7.71471 12.8228 15.1439 8.54732 12.7972 14.5482 6.63274 12.9469 15.7505 14.6326 11.2876 7.90473 14.2229 11.2688 8.83077 14.8745 10.9333 7.79406 14.1156 11.4679 8.80939 -6.70972 13.0524 -16.1416 -6.84787 13.0006 -16.0923 -5.62462 12.8802 -16.5524 -7.73108 13.1978 -15.6735 -6.45262 13.1125 -16.2306 -5.25178 12.9256 -16.6582 15.2606 10.045 7.79757 15.64 9.68002 7.17391 15.6774 9.9643 6.82006 14.673 10.2304 8.89551 14.7453 10.0152 8.90025 16.7503 8.02474 4.875 16.8346 7.8369 4.63456 17.056 7.86718 3.63163 16.3276 8.2514 6.15107 16.8836 8.37095 4.09969 16.5956 8.54087 5.15109 12.0291 12.3689 11.2632 12.4701 12.4478 10.5019 11.119 12.6416 12.1526 12.7704 12.0663 10.5061 8.76481 13.7673 -11.1372 5.29047 10.5196 -16.5873 6.19691 10.3734 -16.2407 6.18793 10.1309 -16.2928 4.14572 10.932 -16.8982 16.2134 10.9289 0.752289 16.2772 10.8156 1.43432 16.3895 10.6006 0.138636 16.0536 11.162 1.76199 16.6117 8.85483 4.83894 15.943 9.23059 6.71058 5.20659 13.6153 -14.6569 3.82754 13.7943 -15.2146 5.78381 13.7572 -14.0571 7.11546 13.496 -13.3944 1.66797 14.3546 -15.3535 1.08294 14.218 -15.7597 -0.354695 14.3688 -15.899 13.4745 13.3492 5.98001 -4.41909 14.3151 -16.0612 -3.96369 14.3572 -16.0707 -3.46348 14.2086 -16.2778 -5.81088 14.3655 -15.7225 -5.59436 14.4302 -15.7032 6.96546 12.765 15.6575 9.48643 11.8259 14.3771 -2.18329 12.2754 -17.3325 -1.86133 12.2942 -17.3552 -1.05523 11.9813 -17.4395 -3.38168 12.5372 -17.1402 -1.80194 13.5022 -16.8921 -1.4156 13.6211 -16.799 -0.100878 13.3484 -16.867 -3.43402 13.812 -16.6204 0.214871 12.5595 -17.2397 -0.38665 12.537 -17.2978 -1.7734 12.986 -17.16 1.68602 12.2651 -17.1299 -0.257885 14.6996 -15.2779 -1.14454 14.8312 -15.1229 0.958657 14.8088 -14.6052 -1.53821 14.6922 -15.5291 -2.92323 14.8 -15.3829 11.1879 11.7558 12.8362 11.5234 11.92 12.3425 11.9388 11.6093 12.0778 -7.09337 14.3718 -15.2994 -7.20275 14.4204 -15.2025 -8.25337 14.3854 -14.765 -8.26742 14.4396 -14.6958 -5.77637 14.2877 -15.8131 -4.59376 14.2177 -16.1347 -6.89936 14.2673 -15.4782 15.1585 10.4856 -6.0075 15.4153 9.90982 -6.18468 14.429 10.1454 -8.11383 15.6528 10.3764 -4.78121 15.7655 10.1587 -4.81334 12.2673 14.195 5.51603 11.6162 14.411 6.32155 12.0828 14.1072 6.86366 12.4425 14.2319 3.97995 13.7401 7.75577 -10.7005 13.6549 7.36927 -10.8888 11.8202 8.64151 -12.7198 12.6275 8.55353 -11.8697 4.40294 14.2895 15.8093 7.99978 13.9808 13.7031 -0.569037 14.2017 -16.1607 -0.401018 14.2866 -16.023 -1.97798 14.2756 -16.2198 -8.07681 14.3099 -14.9324 -9.03459 14.2568 -14.4604 -9.51405 14.4142 -13.9848 15.0698 7.39164 -8.7347 15.2285 7.66218 -8.35449 15.5784 7.35054 -7.77277 14.4526 7.40694 -9.75382 14.6098 7.85095 -9.37717 14.3507 7.21473 -9.94627 15.1198 7.13991 -8.70872 -9.65395 14.1111 -14.1904 -7.88065 14.2129 -15.117 -8.43841 14.1301 -14.9076 10.2419 14.1388 10.7 11.0237 13.9555 9.93566 10.9574 14.1072 9.57732 9.7289 13.9885 11.8036 15.1252 10.3948 7.79675 14.5947 10.4435 8.88797 -5.34682 12.7201 -16.6559 -4.81208 12.5808 -16.8209 -6.71222 12.9264 -16.1547 -4.48663 12.6111 -16.9033 8.54755 9.92918 -15.0544 -8.48044 13.6636 -15.1622 9.28484 14.9597 -1.65945 9.43985 14.8876 -3.04823 7.92316 15 -3.0919 10.1236 14.8607 -1.29687 10.9148 12.51 12.5324 13.4546 11.9334 9.4983 13.4722 11.9502 9.44283 1.1041 13.1473 -16.7923 0.909387 13.274 -16.7465 2.23575 13.0971 -16.5367 16.3518 10.4977 -1.1201 9.65988 12.9441 -11.6438 9.41141 13.3271 -11.2657 10.6554 13.1202 -9.95806 8.64401 13.0724 -12.5823 -8.68285 14.0914 -14.8048 -7.7318 14.0387 -15.3233 -6.77984 14.0391 -15.7118 8.71821 13.1377 14.1163 8.07491 13.4232 14.3682 7.80552 13.209 14.7857 9.72682 13.0038 13.3096 9.03711 13.3238 13.6299 2.77656 13.0059 17.2429 3.35508 12.7213 17.1557 3.83265 12.6737 17.0406 1.56432 13.3923 17.3907 1.56693 13.1974 17.4198 -5.73357 13.9706 -16.0924 -5.5096 14.0395 -16.0999 -6.53636 13.1957 -16.1824 -7.57744 13.3098 -15.7231 -5.48882 13.0704 -16.5608 -3.09799 14.0257 -16.4752 -3.1107 14.0877 -16.4182 -1.96883 13.9442 -16.562 -4.21913 14.0846 -16.3144 -1.81649 14.0207 -16.4854 -0.138126 13.8701 -16.4509 15.3769 10.7498 6.7118 15.1717 11.1207 6.73107 15.852 10.478 5.58899 4.18768 12.2445 -16.3917 3.00561 12.2727 -16.7944 5.26074 12.147 -15.9691 6.25959 11.6928 -15.7102 5.66728 12.2036 -15.7242 7.03297 11.799 -15.1849 3.82734 12.5169 -16.3743 11.5687 13.5194 -7.20909 11.5426 13.7658 -6.31083 12.3683 13.323 -6.08744 10.5879 13.4873 -9.17576 10.4891 13.8422 -8.24227 4.53119 14.745 -12.7437 4.28263 14.597 -13.4288 6.7964 14.4946 -11.4514 2.77667 14.5664 -14.4402 2.12891 14.7439 -14.298 -3.29472 14.1544 -16.3437 2.79912 12.9032 -16.4948 3.39404 12.9646 -16.2357 16.1618 9.82891 5.44532 -9.23741 13.5741 -14.7614 -9.75791 13.7654 -14.3432 12.0079 11.5198 -10.5655 11.3354 12.046 -10.8267 12.5779 11.7807 -9.31875 11.5864 11.2691 -11.4172 10.3321 11.913 -12.2434 9.71115 11.4898 14.3351 7.97594 12.147 15.3233 10.6714 11.2063 13.6251 13.865 9.09246 -9.9738 14.2136 9.27649 -9.29079 14.4149 8.74654 -9.29077 13.2011 9.68851 -10.5756 15.0573 12.4201 1.89624 15.1438 12.281 2.70932 15.5528 11.8668 1.13223 14.6394 12.7893 2.80534 14.676 12.605 4.14109 14.7456 9.92569 -7.71356 14.2705 9.77265 -8.79054 -8.30649 14.6305 -14.4123 -8.21255 14.672 -14.3922 -7.00683 14.649 -14.9673 -9.34357 14.6629 -13.7342 7.44718 13.0313 15.1833 7.53969 13.0747 15.0874 6.19906 13.2261 15.8232 16.1779 10.8259 -0.941168 16.0594 10.7316 -2.22221 5.11761 9.83337 -16.7298 5.16296 10.0067 -16.7039 6.27102 9.4559 -16.3319 3.92717 10.1712 -17.0508 3.97228 10.3474 -17.0301 6.03551 9.28665 -16.426 5.49453 9.47491 -16.6147 7.57555 9.07726 -15.7651 7.09751 8.91227 -15.996 2.80061 12.8028 17.265 4.63661 12.3103 16.8551 -2.76552 13.3024 -16.9758 -2.36633 13.301 -16.999 -1.67655 13.1219 -17.1006 -3.94417 13.4641 -16.7659 14.193 11.9422 7.92121 13.8639 12.1326 8.35405 13.6056 11.9592 9.17422 14.7633 11.8847 6.44659 2.29925 10.9921 -17.325 2.77274 10.7286 -17.2661 0.928352 11.1583 -17.4706 3.4001 10.7474 -17.1323 2.55678 11.2237 -17.2459 0.710673 11.4806 -17.4598 4.84971 10.2765 -16.781 7.75312 12.2684 -14.3169 7.45135 12.5184 -14.3173 9.3772 12.1132 -13.0396 6.67244 12.3991 -14.9793 15.8716 7.68947 -6.9969 16.0151 8.13856 -6.39297 16.5626 7.83387 -5.03964 15.4164 8.21987 -7.71981 1.14345 13.4314 -16.5762 0.853223 13.6247 -16.4813 2.06659 13.4489 -16.3073 0.0105283 13.5337 -16.7176 5.8573 13.513 15.8053 9.40617 12.7739 13.8373 -4.51001 12.7092 -16.8865 9.89968 14.9551 1.06976 9.03555 15 0.969858 9.11659 15 1.53481 10.618 13.3691 11.812 9.38596 13.8082 12.5744 9.35871 13.6415 12.8792 12.7043 11.0973 -10.0338 13.0039 11.2453 -9.36784 13.4058 10.8077 -9.23332 -0.377123 13.1492 -17.022 -0.816819 13.3028 -16.971 0.821453 12.9436 -16.972 -1.46899 13.3028 -17.0044 15.4806 11.9051 2.46479 15.3821 11.8625 3.73699 11.4476 14.5673 5.33546 0.19644 12.2638 -17.3424 0.798503 11.9662 -17.3637 -1.06684 12.3215 -17.3783 15.153 11.7447 5.4002 15.1586 11.5086 6.00185 15.9203 10.9595 -2.18706 15.7517 10.8082 -3.473 15.6918 11.3269 -2.03204 15.6198 11.0177 -3.44157 17.2393 7.59067 -2.21059 16.9908 7.34419 -3.77724 17.3078 7.86882 -1.14441 -8.2245 14.6917 -14.3511 13.1902 12.3173 9.44079 13.036 12.5543 9.34519 15.2434 9.53043 8.18932 14.8713 9.57919 8.90183 15.392 9.19216 8.04645 14.8114 9.79807 8.90242 9.33708 10.5729 -14.2231 8.33836 10.7154 -14.9047 8.21444 11.0962 -14.8021 -0.515099 14.6264 -15.4929 -1.67293 14.6375 -15.6542 1.59343 14.5386 -15.0412 1.19019 14.6693 -14.905 0.428075 14.4821 -15.5351 8.57066 13.5252 13.8228 10.0455 13.1796 12.7693 13.1173 11.9861 -7.97651 12.6798 12.3481 -8.10775 13.9442 11.8582 -6.4373 8.65837 14.8035 10.4935 9.89985 14.6713 9.10014 11.7311 14.2873 -2.72209 12.0687 14.0369 -3.47728 12.3556 14.1839 -1.06089 3.9201 13.3887 16.7823 3.76383 13.5582 16.7493 2.75406 13.6131 17.0529 5.10185 13.1184 16.4386 -7.17214 13.7274 -15.749 -6.53151 13.7516 -15.9793 -5.6469 13.6188 -16.3246 -8.51642 13.7898 -15.0845 -8.19182 13.9127 -15.1855 15.7033 11.5279 -0.875663 15.3645 11.8812 -1.3133 7.26229 11.4148 15.9056 7.00512 11.3942 16.0293 6.16185 11.8398 16.3568 9.55173 13.5085 12.868 7.92632 13.7443 14.113 -0.659881 12.8576 -17.1898 -2.90932 13.0782 -17.0604 17.2467 7.39929 2.80118 8.97442 10.9965 14.9869 6.35332 12.3267 16.1695 7.01904 12.2467 15.853 5.75287 12.7123 16.3214 16.972 9.23735 1.8522 16.9639 9.36149 1.11031 16.7101 9.74731 2.71804 17.0853 9.01138 0.937732 6.66999 9.59676 -16.1527 4.39555 9.85114 -16.9387 3.8387 10.0381 -17.0736 4.94769 9.66323 -16.7857 2.82429 14.4649 16.3231 2.51296 14.5486 16.3345 1.50222 14.5466 16.7004 4.38556 14.2352 15.8879 2.96861 14.3456 16.412 -8.51174 13.4269 -15.2267 -4.11353 13.2413 -16.8346 -5.23912 13.4061 -16.5271 -2.87126 12.9506 -17.1095 15.0275 10.623 7.79082 14.5106 10.6541 8.87741 15.5938 10.3091 6.67266 14.4206 10.8619 8.8643 4.45446 12.6205 16.8627 4.38729 12.7342 16.8587 3.27027 12.9308 17.1419 5.63241 12.2836 16.5014 6.41474 11.3699 16.2817 6.77089 11.2468 16.1369 -0.430113 14.9728 -14.326 0.655868 14.9825 -13.8537 -3.26387 14.9807 -14.6886 -1.69025 15 -14.206 -3.79218 12.8639 -17.0073 -3.64059 12.7448 -17.0601 -2.6123 12.6435 -17.2223 -3.1155 12.8364 -17.1164 -1.3277 12.5908 -17.3053 -4.99148 13.0826 -16.695 4.96094 11.8667 16.7815 1.56782 12.9999 17.4296 3.86536 12.8158 -16.1566 5.01131 12.6986 -15.7115 3.19382 14.581 15.9869 3.56841 14.6313 15.7124 1.47304 14.7641 16.376 3.24694 13.3934 -15.9292 2.89874 13.5675 -15.8982 4.70595 13.4599 -15.1498 1.3205 13.66 -16.3327 7.53511 14.6385 12.6838 7.7535 14.7033 12.2073 5.62334 14.7279 14.161 8.53619 14.59 11.675 15.8446 11.4559 2.01104 -0.406861 12.9909 -17.109 13.4148 10.241 -9.81219 13.4684 10.4685 -9.50312 7.01739 11.549 -15.3469 7.03478 11.4404 -15.3965 7.00813 11.6548 -15.2907 -8.02873 14.4652 -14.7847 13.5436 13.6727 1.39774 13.9622 13.2328 -1.04142 13.3236 13.7033 -0.657804 1.32988 12.4835 -17.1082 -0.859052 13.7587 -16.6489 7.98934 13.5352 -12.501 7.31522 13.7778 -12.7259 13.4821 12.985 7.33965 13.8378 13.1098 5.6787 9.12318 12.5933 -12.7459 7.69658 12.7828 -13.8438 -2.00344 14.533 -15.8659 -3.99934 14.5665 -15.7885 -3.94276 14.7061 -15.5549 -5.38874 14.5586 -15.5825 -6.12559 14.6858 -15.1964 4.55477 13.1 16.6752 7.86828 14.9813 -5.10904 7.29406 15 -5.11544 7.60819 15 -4.07575 2.57751 14.761 15.932 1.45719 14.8478 16.1998 6.11837 14.629 14.0395 9.73005 14.5776 9.9362 10.2105 14.9292 3.65103 11.5344 14.6256 3.11593 11.006 14.768 1.41676 13.2411 9.91056 11.2903 12.8958 10.1907 11.6366 12.5098 10.0235 12.1365 14.1253 9.92582 10.0248 11.1759 14.3037 8.30985 -8.2589 14.7471 -14.2265 10.1335 11.6121 -12.7639 7.77422 11.437 15.6376 8.1177 11.4967 15.4312 -7.54471 13.6487 -15.6264 7.13898 11.1186 -15.4947 16.8219 9.14906 -2.24924 16.6869 9.50601 -2.22103 16.8774 9.55473 -0.159519 16.5875 9.0284 -3.67422 16.5048 9.25959 -3.65368 16.5412 10.2815 1.94184 15.3769 8.38283 -7.70556 14.745 8.19982 -9.00807 16.1727 6.6 -6.63617 16.2617 7.32452 -6.19659 11.9152 14.0467 7.67726 14.8852 12.091 5.41123 14.3617 12.5214 6.00437 13.8804 12.5151 7.52064 14.7857 12.4644 4.29466 5.71726 14.9668 -9.98069 5.31946 15 -9.50622 5.51791 15 -9.20275 3.82828 14.9263 -12.4013 3.86599 15 -11.2648 13.61 8.3385 -10.7028 3.14053 13.7611 16.8497 1.54659 13.9437 17.1937 5.34949 13.3195 16.2107 9.32423 14.0358 -9.59163 -2.0592 12.8659 -17.1972 4.97559 14.59 14.9706 4.67437 14.6577 15.018 6.5648 14.4774 14.0338 1.48806 14.6638 16.543 15.2408 8.87127 -7.65377 16.031 8.71864 -5.89237 14.8297 11.1494 -5.68722 15.1423 11.2179 -4.63524 15.2782 11.0129 -4.67452 13.885 11.2818 -7.66919 -4.33361 14.8508 -15.1875 -6.1338 14.777 -15.0176 7.46717 9.77292 -15.7365 11.9112 12.6362 -8.92558 12.1967 12.8697 -7.84937 13.0645 12.5616 -6.79733 10.6415 14.5848 -3.50079 13.2391 12.8653 8.28181 -6.33648 14.1393 -15.785 -5.57057 14.1367 -16.0056 -4.147 13.9223 -16.4557 -7.30262 14.537 -15.0172 -3.96613 14.8926 -15.0925 -8.11297 14.8982 -13.9121 -9.14908 14.8478 -13.4483 17.4904 6.6 0.512093 17.427 6.6 1.59467 16.3163 8.79554 -4.97026 16.3871 8.55884 -4.99041 15.6036 9.46028 -6.25641 1.86949 13.776 -16.0528 0.0638801 13.9083 -16.3772 13.0046 13.9518 0.266572 13.0659 13.9578 2.60064 14.7946 11.4023 7.32022 14.0482 11.5673 8.8203 7.47371 11.973 -14.7661 7.37157 11.9846 -14.8292 7.57865 11.9438 -14.7131 9.07518 11.879 -13.5527 -6.95209 14.9841 -14.0164 -4.6602 14.9616 -14.7373 -4.66731 12.4048 -16.8659 -5.21696 12.5113 -16.7042 -6.29886 12.6965 -16.3271 -6.82994 12.7741 -16.1121 15.4825 11.2231 -3.40871 15.3396 11.4244 -3.37506 15.911 11.3875 0.747337 7.39905 10.1166 -15.6987 3.62277 11.2031 -16.9924 16.9286 8.71788 3.47943 17.2119 8.40165 -0.853275 17.0586 8.9409 -0.827205 17.139 8.02908 -2.3154 16.9195 8.59556 -2.75945 5.68334 12.8757 16.286 7.34443 12.3898 15.6128 1.42353 14.9617 15.8256 5.75859 12.7941 -15.2145 3.95151 13.1134 -15.8801 16.9077 7.83554 -3.75505 16.9526 7.59046 -3.76686 12.093 11.3914 12.038 13.2129 11.1229 10.7177 13.7154 11.0604 9.97274 12.9061 11.6172 10.765 13.8711 10.6896 10.0003 -6.42557 13.6065 -16.0866 11.9202 10.0161 -12.0162 11.3958 9.85641 -12.6872 15.805 8.1018 7.48335 15.7782 8.29996 7.50766 15.0776 8.46524 8.85621 16.4078 7.80365 6.04387 6.1721 11.2261 -15.9817 5.39203 14.4575 -12.9488 10.5047 14.5593 8.48073 10.0733 8.35577 -14.2873 10.0422 8.51217 -14.2942 11.335 7.87876 -13.3122 8.75835 8.71093 -15.137 16.2296 8.65001 6.25919 15.4558 8.88698 8.03479 16.2976 10.012 4.59944 10.9934 12.333 12.6085 12.0809 12.1149 11.4654 14.5078 10.7679 -7.13625 15.0011 11.4184 -4.59483 16.883 7.66577 4.50684 16.4626 7.31079 5.93528 16.6114 7.22039 5.50523 15.7574 7.69831 7.61253 15.0999 8.24015 8.83853 10.3418 8.77387 -14.024 8.66943 9.32382 -15.1167 8.70216 9.12001 -15.1285 -4.54377 14.49 -15.8316 -5.57134 14.495 -15.6279 -0.869262 12.0962 -17.4251 16.7343 8.55873 -3.7109 16.6639 8.79478 -3.69331 16.7984 8.32007 -3.72703 12.8869 13.5119 -3.89207 2.49657 12.7874 -16.666 2.33032 13.2752 -16.3704 3.00893 13.9159 16.7911 2.6795 14.0428 16.809 1.53754 14.1119 17.093 4.76535 13.5807 16.3164 6.74144 13.61 15.1707 11.1625 10.4686 13.395 11.8969 10.6584 12.6198 11.4447 7.35531 -13.2379 11.0298 7.50202 -13.5856 12.6225 6.94843 -12.1205 5.90812 13.1972 -14.7123 14.0489 12.5276 -4.32301 14.2201 12.3539 -4.37204 4.72889 13.1551 -15.4597 1.75835 11.6521 -17.3056 0.831899 11.7726 -17.4035 14.9728 9.13654 8.8918 15.0141 8.91349 8.88261 14.3115 13.0099 3.68522 7.27465 13.2504 -13.6156 14.7555 9.47683 -8.14013 9.30338 11.4653 -13.6903 7.68269 11.8977 -14.6722 1.52706 14.2695 16.9766 1.51528 14.4147 16.8456 14.9251 9.35856 8.89825 6.14462 13.0441 -14.7228 13.5409 11.4222 9.93533 13.4972 11.5295 9.90047 12.7926 13.668 -3.36757 12.7797 13.6657 -3.42394 12.8332 13.6626 -3.25934 7.52574 9.42616 -15.7587 13.6741 11.9313 9.0787 13.5444 11.97 9.2781 2.95493 12.4349 -16.728 1.13146 12.7963 -16.9952 -2.64617 14.3987 -16.0847 4.27877 14.8653 -12.4045 4.88082 14.3571 -13.6032 8.44975 10.3258 -14.9888 8.63232 9.5268 -15.1007 12.5544 12.7294 9.93426 -7.08527 15 -13.6878 -6.6521 15 -13.8513 -8.71857 15 -12.8155 2.92676 14.8379 15.57 11.5885 11.1228 12.7591 10.9897 11.4743 13.2039 12.9741 10.7063 11.3169 11.4013 14.6017 -0.275633 12.0736 14.4282 1.42299 14.3704 12.5419 -3.14818 14.1916 12.7114 -3.10683 14.5445 12.3673 -3.1889 9.22614 15 3.02141 9.22929 15 3.3315 2.78627 14.4036 -14.7831 13.6284 13.1882 -2.97584 13.4327 13.3362 -2.92862 11.1299 13.0961 11.5536 12.0601 9.93561 12.6323 13.1616 9.29781 11.5106 13.1545 8.87512 11.5415 12.815 9.01382 11.9174 7.23505 10.7907 -15.5774 15.2895 6.6 -8.4908 2.1506 14.9978 -12.8114 2.63586 15 -12.3172 2.96258 15 -12.0671 0.820414 15 -13.3972 17.4559 6.6 1.23374 17.477 6.6 0.872882 8.14737 11.283 -14.7442 1.00474 10.9426 -17.4708 0.43227 11.114 -17.4944 2.14584 10.5889 -17.3678 -2.46144 13.8607 -16.636 -0.713449 11.4434 -17.4853 -1.28547 11.6005 -17.4527 2.71325 10.4075 -17.2883 -0.140664 11.2811 -17.4992 14.3246 11.0668 8.84892 2.76393 13.4684 17.114 16.6472 7.34341 -5.06296 16.6796 7.09667 -5.07171 1.55411 13.767 17.2772 15.8721 9.93823 -4.84407 15.9728 9.71509 -4.87308 12.2415 7.07811 -12.505 11.8487 7.21387 -12.8776 14.4269 6.6 -9.90005 14.6553 6.6 -9.55541 6.93251 15 -6.22011 3.84493 12.2428 17.0719 4.21902 12.1172 16.9832 2.33186 12.7472 17.3438 1.95032 12.8735 17.3909 16.0675 9.48926 -4.9001 16.1564 9.26073 -4.92516 15.049 8.6897 8.8708 16.9899 6.96571 4.19389 16.8751 7.04779 4.63424 8.697 15 -0.633359 8.55942 15 -1.14132 7.76266 15 -3.57832 16.2196 9.9385 -3.58395 16.416 9.48834 -3.63176 16.3209 9.71465 -3.60849 16.5104 8.0775 -5.02517 16.4518 8.31937 -5.00878 8.49891 10.6399 15.2972 7.12376 11.1243 15.9844 13.0948 13.5504 -2.97911 13.0488 13.5747 -3.00549 16.8563 8.07887 -3.74176 7.01773 11.7547 -15.2231 7.05477 11.8389 -15.1448 8.01659 11.5686 -14.66 7.9507 11.6662 -14.6422 13.6923 12.8606 -4.22118 13.8729 12.6966 -4.27272 -8.87557 12.9736 -15.0821 -9.36458 12.9933 -14.7835 7.52792 15 9.78766 8.60641 15 7.33209 14.7035 11.8059 -4.51092 14.8548 11.6144 -4.55358 14.0078 10.311 10.0178 14.0081 12.8756 -3.06464 15.0371 11.8148 -3.30529 14.8779 12.0036 -3.26791 15.191 11.6217 -3.3408 13.4932 11.9618 9.38738 8.07653 11.4674 -14.6822 1.20668 15 -13.207 -1.2524 15 -14.1147 -2.1341 15 -14.2781 13.4208 11.8184 9.70684 13.4227 11.7781 9.75217 16.7056 6.84887 -5.0785 9.16247 10.4017 14.9088 12.7713 13.6399 -3.59522 12.7718 13.6603 -3.48107 17.4945 6.6 -0.209277 15.4089 10.8039 -4.71195 15.5339 10.5915 -4.74752 7.78215 11.8357 -14.6453 13.4576 11.6347 9.85581 7.12226 15 -5.65947 4.65068 15 -10.4035 4.88612 15 -10.1074 9.1308 15 4.94171 9.16697 15 4.61199 9.19453 15 4.286 14.7137 12.1878 -3.22886 16.6082 7.58908 -5.05225 13.8203 13.0346 -3.02108 13.5072 13.0195 -4.16839 13.0403 13.3877 -4.0133 12.9593 13.4519 -3.96003 13.3366 13.4018 -2.928 13.2394 13.465 -2.93508 13.7478 11.8876 8.99354 13.8249 11.828 8.92232 13.8639 11.7919 8.8936 13.9027 11.7519 8.87011 13.9778 11.6631 8.83773 17.1413 6.6 -3.44415 17.0651 6.6 -3.79929 17.2102 6.6 -3.08756 17.2717 6.6 -2.72976 17.4439 6.6 -1.29088 17.412 6.6 -1.6513 17.2651 6.73711 2.85706 17.3335 6.66699 2.40718 17.0931 6.88653 3.75072 17.1849 6.81031 3.305 16.7489 7.1327 5.07145 15.1163 8.01447 8.81745 15.3404 7.90678 8.42143 15.5542 7.80137 8.01969 15.9499 7.59766 7.20023 16.1318 7.49949 6.78306 16.3027 7.40384 6.36132 17.3903 6.6 1.95568 13.1422 13.5237 -2.9589 13.4296 11.7335 9.79262 13.4404 11.9117 9.55318 13.4299 11.8851 9.60669 13.4233 11.854 9.65814 14.3605 8.74255 9.98146 14.106 8.47258 10.357 14.3998 8.3432 9.94444 13.8003 8.60442 10.761 13.483 8.73863 11.1559 11.913 9.37225 12.8188 11.0426 9.70682 13.5752 10.1244 10.0503 14.2729 8.1609 10.76 15.4803 6.0555 11.4935 16.4186 4.59108 11.9918 16.8864 2.71228 12.6209 17.2883 3.09138 12.4947 17.2245 3.46899 12.3687 17.1523 7.47317 11.0023 15.824 7.81894 10.8808 15.656 13.4415 11.6855 9.82696 12.8912 13.6449 -3.16036 12.9639 13.6154 -3.07447 1.8088 15 15.2288 1.38862 15 15.4375 1.40622 14.9904 15.6331 2.2182 15 15.009 2.63615 15 14.7665 3.0416 15 14.5129 3.43436 15 14.2488 3.81426 15 13.9747 4.87493 15 13.0992 5.20154 15 12.7916 5.51441 15 12.4773 6.37095 15 11.4993 6.62927 15 11.1636 7.10541 15 10.4811 6.87407 15 10.824 7.71942 15 9.43821 7.89805 15 9.08755 8.06405 15 8.73613 8.21765 15 8.38443 8.7128 15 6.98373 8.48859 15 7.68195 8.35909 15 8.03288 8.80812 15 6.63721 8.89272 15 6.29279 8.96694 15 5.95075 9.03113 15 5.61137 9.08564 15 5.27493 9.22531 15 3.64568 9.21385 15 3.96388 9.21625 15 2.71549 9.19998 15 2.41382 9.1777 15 2.11647 8.937 15 0.420782 8.82337 15 -0.113259 8.41194 15 -1.63905 8.25585 15 -2.12847 12.7906 13.6078 -3.70523 6.71865 15 -6.797 6.60095 15 -7.09066 6.47523 15 -7.38723 6.34088 15 -7.68627 12.8076 13.5876 -3.75719 6.19726 15 -7.98734 6.04375 15 -8.29003 5.87972 15 -8.59389 12.8294 13.5647 -3.80633 5.70457 15 -8.89838 12.856 13.5394 -3.8515 5.10896 15 -9.80802 4.40234 15 -10.6957 4.14085 15 -10.983 3.57785 15 -11.54 3.27664 15 -11.8077 2.2967 15 -12.5572 1.94529 15 -12.786 1.58186 15 -13.003 0.423761 15 -13.5729 0.0174392 15 -13.7333 -0.397838 15 -13.8775 -0.821355 15 -14.0049 -2.58283 15 -14.3306 -3.03532 15 -14.3629 -3.49042 15 -14.3747 -3.947 15 -14.3655 -4.40392 15 -14.3351 -4.86005 15 -14.2829 -5.76526 15 -14.1119 -5.31426 15 -14.2086 -6.21165 15 -13.9927 -7.50984 15 -13.5023 -7.92446 15 -13.295 -8.12763 15 -13.1832 -8.52485 15 -12.9434 -8.32782 15 -13.066 7.08176 11.8738 -15.1038 7.00982 11.7061 -15.2584 -7.86958 12.897 -15.6305 -7.35369 12.8411 -15.8798 -5.76101 12.6087 -16.5245 -1.85611 11.7517 -17.4012 1.57614 10.7674 -17.4286 3.27774 10.2238 -17.1902 6.57003 9.09894 -16.2197 7.61736 8.72713 -15.7551 -9.84355 13 -14.4691 7.11327 11.904 -15.0624 7.18801 11.9503 -14.9801 7.27532 11.9773 -14.9013 13.1242 13.3213 -4.05913 13.3178 13.1732 -4.11437 14.3863 12.1756 -4.4198 14.5474 11.9929 -4.46627 7.82885 11.7985 -14.6381 7.87277 11.7572 -14.6355 16.2394 9.0295 -4.94853 9.72364 7.96963 -14.5496 9.26906 8.1333 -14.8436 14.8753 6.6 -9.20529 15.0868 6.6 -8.85025 10.1689 7.80958 -14.2418 10.6044 7.65358 -13.9203 13.9452 6.6 -10.5719 13.6917 6.6 -10.8989 13.348 6.70897 -11.3171 12.9915 6.82525 -11.7245 14.1903 6.6 -10.2389 15.8451 6.6 -7.38947 15.6685 6.6 -7.76037 16.0132 6.6 -7.01474 16.3236 6.6 -6.25375 16.5998 6.6 -5.47735 16.7249 6.6 -5.08335 16.466 6.6 -5.86748 15.4834 6.6 -8.12744 8.80556 8.3002 -15.1232 13.005 13.5964 -3.03763 16.1059 7.05941 -4.89646 16.1497 6.6 -4.90789 16.7056 6.84887 -5.0785 16.7249 6.6 -5.08335 16.1308 6.83029 -4.9031 16.075 7.28738 -4.88799 16.6796 7.09667 -5.07171 16.6472 7.34341 -5.06296 16.0383 7.51418 -4.87769 16.6082 7.58908 -5.05225 16.5626 7.83387 -5.03964 15.9955 7.73982 -4.86557 16.5104 8.0775 -5.02517 15.9468 7.96429 -4.85164 16.4518 8.31937 -5.00878 15.8921 8.1876 -4.83591 16.3871 8.55884 -4.99041 15.8315 8.40975 -4.81839 16.3163 8.79554 -4.97026 15.765 8.63011 -4.79928 16.2394 9.0295 -4.94853 15.6927 8.84796 -4.77873 15.6149 9.06319 -4.75669 16.1564 9.26073 -4.92516 15.5317 9.27566 -4.73309 16.0675 9.48926 -4.9001 15.9728 9.71509 -4.87308 15.2782 11.0129 -4.67452 14.7976 10.687 -4.52271 14.9189 10.4937 -4.55752 14.5396 11.0635 -4.44847 14.8548 11.6144 -4.55358 14.4029 11.2462 -4.40999 14.7035 11.8059 -4.51092 14.5474 11.9929 -4.46627 14.2614 11.425 -4.37016 14.3863 12.1756 -4.4198 14.1154 11.5997 -4.32846 14.2201 12.3539 -4.37204 13.965 11.7701 -4.2851 13.4868 12.2544 -4.14844 13.8729 12.6966 -4.27272 13.6923 12.8606 -4.22118 13.319 12.4064 -4.10072 13.5072 13.0195 -4.16839 14.0489 12.5276 -4.32301 13.6505 12.0975 -4.19508 13.8099 11.9361 -4.24063 12.9715 12.6959 -4.00203 13.1472 12.5537 -4.05191 13.3178 13.1732 -4.11437 12.7922 12.8332 -3.95107 13.1242 13.3213 -4.05913 15.0011 11.4184 -4.59483 14.6712 10.877 -4.48615 15.1423 11.2179 -4.63524 15.4089 10.8039 -4.71195 15.0348 10.2974 -4.59058 15.5339 10.5915 -4.74752 15.1452 10.0984 -4.6219 15.6528 10.3764 -4.78121 15.25 9.89676 -4.65183 15.3493 9.69242 -4.68053 15.7655 10.1587 -4.81334 15.8721 9.93823 -4.84407 15.4431 9.48538 -4.70771 13.3366 13.4018 -2.928 13.0031 12.9104 -2.84163 13.2394 13.465 -2.93508 13.4327 13.3362 -2.92862 13.0952 12.8478 -2.8412 13.1422 13.5237 -2.9589 12.9101 12.9706 -2.85024 12.8173 13.026 -2.87636 13.0948 13.5504 -2.97911 12.7724 13.0508 -2.89768 13.0488 13.5747 -3.00549 12.7292 13.0732 -2.92484 13.005 13.5964 -3.03763 12.5827 13.1367 -3.0786 12.8332 13.6626 -3.25934 12.8912 13.6449 -3.16036 12.6501 13.1102 -2.99407 12.5289 13.1524 -3.17472 12.4908 13.157 -3.27873 12.7926 13.668 -3.36757 12.9639 13.6154 -3.07447 12.7797 13.6657 -3.42394 12.4701 13.1501 -3.38739 12.7718 13.6603 -3.48107 12.4675 13.1319 -3.49695 12.8076 13.5876 -3.75719 12.7906 13.6078 -3.70523 12.4829 13.1029 -3.60303 12.7713 13.6399 -3.59522 12.5401 13.0402 -3.74559 12.8294 13.5647 -3.80633 12.5164 13.0636 -3.70123 13.0403 13.3877 -4.0133 12.7922 12.8332 -3.95107 13.1242 13.3213 -4.05913 12.7123 12.8966 -3.90626 12.9593 13.4519 -3.96003 12.6355 12.9579 -3.85363 12.8869 13.5119 -3.89207 12.5682 13.0146 -3.78583 12.856 13.5394 -3.8515 17.0651 6.6 -3.79929 16.4786 6.6 -3.66682 17.0471 6.84896 -3.79355 16.461 6.83153 -3.66041 16.4372 7.06216 -3.65263 17.0223 7.09703 -3.78617 16.407 7.2919 -3.6435 16.9908 7.34419 -3.77724 16.9526 7.59046 -3.76686 16.3707 7.52075 -3.63303 16.9077 7.83554 -3.75505 16.3282 7.74861 -3.6212 16.8563 8.07887 -3.74176 16.2796 7.97506 -3.60801 16.2249 8.19967 -3.59349 16.7984 8.32007 -3.72703 16.1644 8.422 -3.57767 16.7343 8.55873 -3.7109 16.0981 8.64195 -3.56049 16.6639 8.79478 -3.69331 16.026 8.8597 -3.54191 16.5875 9.0284 -3.67422 15.9481 9.07523 -3.52199 16.5048 9.25959 -3.65368 15.8645 9.28852 -3.50079 16.416 9.48834 -3.63176 15.7749 9.49954 -3.47837 16.3209 9.71465 -3.60849 15.6796 9.70829 -3.45478 16.2196 9.9385 -3.58395 16.112 10.1599 -3.55818 15.5783 9.91474 -3.43008 15.998 10.3788 -3.53124 15.4711 10.1189 -3.40434 15.8778 10.5951 -3.50291 15.3586 10.3198 -3.37736 15.7517 10.8082 -3.473 15.2411 10.5166 -3.349 15.4825 11.2231 -3.40871 15.1187 10.7094 -3.31935 14.9915 10.8982 -3.28851 15.3396 11.4244 -3.37506 14.8595 11.0831 -3.25709 15.191 11.6217 -3.3408 14.7225 11.2641 -3.2252 15.0371 11.8148 -3.30529 14.5808 11.4412 -3.19222 14.8779 12.0036 -3.26791 14.4345 11.6144 -3.15748 14.2834 11.7836 -3.1212 14.7137 12.1878 -3.22886 14.1275 11.9488 -3.08408 14.5445 12.3673 -3.1889 14.0081 12.8756 -3.06464 14.1916 12.7114 -3.10683 13.8005 12.2671 -3.00762 13.8203 13.0346 -3.02108 13.6299 12.4197 -2.9682 13.4554 12.5674 -2.92754 13.6284 13.1882 -2.97584 13.2771 12.7101 -2.88531 13.4327 13.3362 -2.92862 13.0952 12.8478 -2.8412 13.9665 12.11 -3.0462 14.3704 12.5419 -3.14818 15.6198 11.0177 -3.44157 -11.5746 6.6 -13.2914 -9.84355 6.6 -14.4691 -10.807 6.6 -12.4683 -7.6835 6.6 -15.723 -7.64827 6.6 -14.6203 -8.78592 6.6 -15.1346 -9.29015 6.6 -13.6361 -5.90345 6.6 -15.4078 -5.18294 6.6 -16.0856 -6.5419 6.6 -16.2313 -5.36695 6.6 -16.6567 -4.0506 6.6 -16.4074 -4.19441 6.6 -16.9899 -2.68502 6.6 -17.2928 -2.19999 6.6 -16.3527 -4.07917 6.6 -15.9878 -0.291195 6.6 -16.4974 -1.15485 6.6 -17.4619 1.62152 6.6 -16.4201 0.384251 6.6 -17.4958 1.92038 6.6 -17.3943 3.51241 6.6 -16.1218 3.44165 6.6 -17.1582 5.35602 6.6 -15.6065 4.93628 6.6 -16.7894 7.53226 6.6 -15.1286 8.6253 6.6 -14.5332 7.12754 6.6 -14.8811 6.39272 6.6 -16.2906 7.79968 6.6 -15.6657 8.80313 6.6 -13.9555 8.93152 6.6 -15.0492 10.2581 6.6 -14.1782 11.5004 6.6 -13.1906 10.3602 6.6 -12.842 12.6481 6.6 -12.0945 11.7779 6.6 -11.5556 13.037 6.6 -10.1137 13.6917 6.6 -10.8989 13.9452 6.6 -10.5719 14.1903 6.6 -10.2389 14.4269 6.6 -9.90005 14.6553 6.6 -9.55541 14.1206 6.6 -8.53567 14.8753 6.6 -9.20529 15.0868 6.6 -8.85025 15.2895 6.6 -8.4908 15.4834 6.6 -8.12744 15.6685 6.6 -7.76037 15.0142 6.6 -6.84275 15.8451 6.6 -7.38947 16.0132 6.6 -7.01474 16.1727 6.6 -6.63617 16.3236 6.6 -6.25375 15.7057 6.6 -5.05773 16.466 6.6 -5.86748 16.303 6.6 -4.37538 16.1858 6.6 -3.20463 16.5998 6.6 -5.47735 16.7249 6.6 -5.08335 16.1497 6.6 -4.90789 16.4786 6.6 -3.66682 16.3946 6.6 -4.02204 17.1413 6.6 -3.44415 17.0651 6.6 -3.79929 17.2102 6.6 -3.08756 17.2717 6.6 -2.72976 17.3259 6.6 -2.37096 16.448 6.6 -1.3084 17.3727 6.6 -2.0114 17.412 6.6 -1.6513 17.4439 6.6 -1.29088 17.4683 6.6 -0.930372 17.4851 6.6 -0.569859 17.4945 6.6 -0.209277 16.4889 6.6 0.605436 17.4963 6.6 0.151373 17.4904 6.6 0.512093 17.477 6.6 0.872882 17.4559 6.6 1.23374 17.427 6.6 1.59467 16.3078 6.6 2.51113 17.3903 6.6 1.95568 15.9072 6.6 4.38302 17.101 6.6 3.71571 15.2925 6.6 6.19592 16.6339 6.6 5.43715 14.6673 6.6 8.39521 14.0113 6.6 9.44956 14.472 6.6 7.92542 15.1881 6.6 8.69326 13.4566 6.6 9.54824 14.5087 6.6 9.78505 15.9941 6.6 7.10209 13.5444 6.6 11.0814 12.4647 6.6 12.2834 12.2602 6.6 11.0425 10.8987 6.6 12.3882 10.7791 6.6 13.7863 9.39054 6.6 13.5672 9.8671 6.6 14.453 8.91399 6.6 15.0596 7.75598 6.6 14.5635 7.92373 6.6 15.6034 6.01702 6.6 15.3638 6.90044 6.6 16.0821 4.77199 6.6 16.8368 4.60837 6.6 16.2595 5.8484 6.6 16.4938 3.46906 6.6 16.5401 4.19707 6.6 15.9573 2.42524 6.6 17.3311 2.32063 6.6 16.336 3.00873 6.6 17.2292 11.6462 6.6 13.062 17.2456 6.6 2.8357 3.59222 6.6 17.1273 17.2456 6.6 2.8357 17.3335 6.66699 2.40718 17.2651 6.73711 2.85706 15.1541 7.3076 8.75237 15.3404 7.90678 8.42143 15.1163 8.01447 8.81745 15.1881 6.6 8.69326 15.5542 7.80137 8.01969 15.9941 6.6 7.10209 15.7574 7.69831 7.61253 15.9499 7.59766 7.20023 16.1318 7.49949 6.78306 16.3027 7.40384 6.36132 16.6339 6.6 5.43715 16.4626 7.31079 5.93528 16.6114 7.22039 5.50523 16.7489 7.1327 5.07145 16.8751 7.04779 4.63424 17.101 6.6 3.71571 16.9899 6.96571 4.19389 17.0931 6.88653 3.75072 17.1849 6.81031 3.305 17.3903 6.6 1.95568 14.3246 11.0668 8.84892 13.8384 10.8104 8.60758 14.4206 10.8619 8.8643 14.2229 11.2688 8.83077 13.7432 10.9955 8.59509 13.9283 10.6228 8.61749 13.643 11.1781 8.57956 14.1156 11.4679 8.80939 14.673 10.2304 8.89551 14.5947 10.4435 8.88797 14.0921 10.2397 8.63074 14.0129 10.4326 8.6253 14.5106 10.6541 8.87741 14.1662 10.0446 8.63334 14.2348 9.84733 8.6333 14.2977 9.6484 8.63081 14.8114 9.79807 8.90242 14.7453 10.0152 8.90025 14.3549 9.44787 8.62573 14.8713 9.57919 8.90183 14.4067 9.24579 8.61783 14.9251 9.35856 8.89825 14.9728 9.13654 8.8918 14.4528 9.04244 8.60725 15.0141 8.91349 8.88261 14.4933 8.83809 8.59411 14.5801 8.22118 8.53936 14.598 8.01448 8.51513 15.1163 8.01447 8.81745 15.0999 8.24015 8.83853 14.5568 8.42738 8.5604 15.0776 8.46524 8.85621 14.5279 8.63303 8.57854 15.049 8.6897 8.8708 13.0784 11.1521 9.66455 13.4972 11.5295 9.90047 13.5409 11.4222 9.93533 13.4415 11.6855 9.82696 13.4576 11.6347 9.85581 12.9991 11.3527 9.59 13.0363 11.2536 9.63258 12.9752 11.4445 9.52748 13.4296 11.7335 9.79262 12.9849 11.4 9.56177 12.9708 11.4848 9.48726 13.4208 11.8184 9.70684 13.4227 11.7781 9.75217 12.9714 11.5206 9.44283 12.9761 11.5518 9.39549 13.4233 11.854 9.65814 13.4299 11.8851 9.60669 12.9846 11.5784 9.3461 13.4404 11.9117 9.55318 13.0123 11.6178 9.24328 13.0523 11.6395 9.13862 13.4722 11.9502 9.44283 13.4546 11.9334 9.4983 13.1025 11.6438 9.03635 13.1608 11.6322 8.93928 13.6056 11.9592 9.17422 13.5444 11.97 9.2781 13.4932 11.9618 9.38738 13.7478 11.8876 8.99354 13.2254 11.6059 8.8491 13.2945 11.5654 8.7684 13.6741 11.9313 9.0787 13.8639 11.7919 8.8936 13.8249 11.828 8.92232 13.3666 11.511 8.69976 14.0482 11.5673 8.8203 13.643 11.1781 8.57956 14.1156 11.4679 8.80939 13.5784 11.2711 8.59304 13.9778 11.6631 8.83773 13.5111 11.3602 8.61295 13.9027 11.7519 8.87011 13.4398 11.4419 8.64731 14.3605 8.74255 9.98146 13.8637 8.70736 9.64662 13.8044 9.06955 9.6785 14.3998 8.3432 9.94444 14.3998 8.3432 9.9444 14.3021 9.13984 10.0065 13.727 9.42964 9.70071 14.2236 9.53483 10.0209 13.6319 9.78635 9.7131 13.5194 10.1379 9.71529 14.1253 9.92582 10.0248 14.0078 10.311 10.0178 13.3894 10.4834 9.70769 13.8711 10.6896 10.0003 13.7154 11.0604 9.97274 13.0784 11.1521 9.66455 13.5409 11.4222 9.93533 13.2423 10.8218 9.69066 13.9061 8.3432 9.60349 3.08359 5.4 17.2132 2.42524 5.4 17.3311 2.42524 0.6 17.3311 3.00873 6.6 17.2292 3.59222 6.6 17.1273 3.43106 7.6888 17.1604 3.80594 4.8019 17.0811 3.86305 4.20309 17.0683 11.6462 6.6 13.062 11.6284 9.48273 13.0773 11.3382 9.59426 13.3295 10.7791 6.6 13.7863 11.0426 9.70682 13.5752 9.8671 6.6 14.453 10.4355 9.93488 14.047 10.1244 10.0503 14.2729 8.91399 6.6 15.0596 9.48771 10.2837 14.7039 9.16247 10.4017 14.9088 7.92373 6.6 15.6034 8.49891 10.6399 15.2972 6.90044 6.6 16.0821 7.47317 11.0023 15.824 5.8484 6.6 16.4938 6.41474 11.3699 16.2817 5.69333 11.6175 16.5475 6.0555 11.4935 16.4186 5.32842 11.7419 16.6685 4.6499 7.46877 16.8709 4.77199 6.6 16.8368 4.96094 11.8667 16.7815 4.50254 8.39854 16.9109 4.59108 11.9918 16.8864 4.46037 8.50369 16.922 4.41085 8.60512 16.935 4.34596 8.69689 16.9518 4.21902 12.1172 16.9832 4.30667 8.7368 16.9618 4.2628 8.77173 16.9729 4.06062 8.85967 17.0224 3.95087 8.87529 17.0482 3.84017 8.87123 17.0735 3.84493 12.2428 17.0719 3.73165 8.84707 17.0975 3.46899 12.3687 17.1523 3.62904 8.8034 17.1196 3.53526 8.74144 17.1392 3.4551 8.66239 17.1555 3.42229 8.61649 17.1621 3.09138 12.4947 17.2245 3.39552 8.56667 17.1674 3.36038 8.45852 17.1743 3.37485 8.51375 17.1715 3.34079 8.23163 17.1782 3.34584 8.34553 17.1772 2.42524 6.6 17.3311 2.71228 12.6209 17.2883 2.33186 12.7472 17.3438 2.30882 6.58826 17.347 1.56782 7.5 17.4296 2.19745 6.55403 17.3614 2.09467 6.49878 17.3742 1.84148 5.88289 17.4029 1.84118 0.116177 17.4029 1.87507 0.228457 17.3993 1.87576 5.77047 17.3992 1.92984 0.332405 17.3933 1.93063 5.66663 17.3932 2.00402 0.423991 17.3849 2.00432 5.5757 17.3848 1.82961 5.99959 17.4041 2.09467 0.498777 17.3742 1.84118 6.11618 17.4029 2.19714 5.44634 17.3615 2.09441 5.50155 17.3742 1.87507 6.22846 17.3993 3.95687 3.00372 17.0468 2.00402 6.42399 17.3849 4.1658 8.82548 16.9969 3.91334 3.60367 17.0568 3.74194 5.4 17.0953 3.99399 2.40332 17.0381 4.02486 1.80254 17.0309 4.04925 1.20142 17.0251 2.3087 5.41189 17.347 2.19745 0.554026 17.3614 1.82961 -0.000407238 17.4041 1.56782 -7.5 17.4296 1.84148 -0.117106 17.4029 1.84118 -5.88382 17.4029 1.87507 -5.77154 17.3993 1.87576 -0.229535 17.3992 1.92984 -5.66759 17.3933 1.93063 -0.333372 17.3932 2.00402 -5.57601 17.3849 2.00432 -0.424296 17.3848 2.09467 -5.50122 17.3742 2.30882 0.58826 17.347 2.42524 -0.6 17.3311 2.42524 -5.4 17.3311 3.99143 -4.20138 17.0387 4.06693 0.6 17.0209 2.30882 -5.41174 17.347 2.3087 -0.588114 17.347 2.19745 -5.44597 17.3614 2.19714 -0.553661 17.3615 2.09441 -0.498452 17.3742 1.82961 -6.00041 17.4041 1.84148 -6.11711 17.4029 1.87576 -6.22953 17.3992 1.93063 -6.33337 17.3932 2.00432 -6.4243 17.3848 2.09441 -6.49845 17.3742 2.19714 -6.55366 17.3615 2.07059 -12.8338 17.3771 2.3087 -6.58811 17.347 2.54608 -12.6762 17.3139 4.07737 -1.80111 17.0184 4.0653 -2.40144 17.0213 3.95478 -4.80089 17.0473 3.91202 -5.4 17.0571 2.42524 -6.6 17.3311 3.66942 -7.87854 17.111 3.80816 -6.6 17.0806 2.99426 -12.5273 17.242 3.49125 -9.22253 17.1482 3.49893 -9.33755 17.1466 3.51639 -9.45131 17.1431 3.41509 -12.3871 17.1635 3.58289 -9.60848 17.1293 3.55383 -9.55912 17.1354 3.53197 -9.5065 17.1399 3.70118 -9.72994 17.1041 3.618 -9.65358 17.1219 3.80861 -12.2554 17.0806 3.79773 -9.78777 17.0829 3.90327 -9.82604 17.0591 4.01339 -9.84373 17.0336 4.17503 -12.1323 16.9948 4.12464 -9.84099 17.0069 4.23404 -9.81879 16.98 4.33792 -9.77732 16.9538 4.51459 -12.0179 16.9077 4.43264 -9.71676 16.9293 4.82751 -11.9121 16.821 4.51212 -9.63704 16.9083 4.47472 -9.6792 16.9182 4.658 -9.33031 16.8687 4.61922 -9.4377 16.8794 4.5732 -9.54174 16.8919 5.55709 -11.664 16.5942 4.08441 -1.20065 17.0167 7.04944 -6.6 16.0173 6.0267 -6.6 16.4295 6.51647 -11.3349 16.2415 8.0442 -6.6 15.5416 7.58156 -10.9644 15.7724 7.81894 10.8808 15.656 9.93408 -6.6 14.4071 9.00702 -6.6 15.0041 9.53743 -10.2658 14.6727 10.8217 -6.6 13.7528 10.5091 -9.90769 13.9932 11.6664 -6.6 13.044 11.3999 -9.57079 13.2775 11.6791 -9.46322 13.0326 12.2114 -9.25514 12.5351 11.9496 -9.358 12.785 10.7416 9.82037 13.8144 11.1119 -9.68073 13.5195 10.815 -9.79303 13.7581 9.8084 10.1666 14.4918 9.87037 -10.1441 14.4508 10.1943 -10.0247 14.2242 8.83282 10.5204 15.1066 8.1609 10.76 15.4803 8.933 -10.4845 15.0483 9.19544 -10.3899 14.8894 7.12376 11.1243 15.9844 6.77089 11.2468 16.1369 7.23696 -11.0849 15.9335 6.88193 -11.2084 16.09 4.08461 -0.6 17.0166 4.98002 -6.6 16.7765 4.88669 -7.51184 16.8039 4.04686 -3.00159 17.0257 12.1918 9.26288 12.5541 1.95032 12.8735 17.3909 1.56782 12.9999 17.4296 1.92984 6.33241 17.3933 4.77932 -8.422 16.8347 1.56782 -12.9999 17.4296 6.14055 -11.4643 16.3873 11.913 9.37225 12.8188 1.42353 14.9617 15.8256 1.40622 14.9904 15.6331 1.38862 15 15.4375 1.44059 14.914 16.0152 1.53754 14.1119 17.093 1.50222 14.5466 16.7004 1.48806 14.6638 16.543 1.45719 14.8478 16.1998 1.47304 14.7641 16.376 1.52706 14.2695 16.9766 1.51528 14.4147 16.8456 1.56432 13.3923 17.3907 1.54659 13.9437 17.1937 1.56003 13.5828 17.343 1.55411 13.767 17.2772 1.56693 13.1974 17.4198 1.56782 12.9999 17.4296 1.05909 7.5 11.7741 1.56782 7.5 17.4296 1.05909 15 11.7741 4.77181 15 4.41359 8.80812 15 6.63721 8.89272 15 6.29279 3.95986 15 5.15456 8.60641 15 7.33209 5.44729 15 3.5464 9.03113 15 5.61137 9.08564 15 5.27493 9.21385 15 3.96388 9.19453 15 4.286 9.21625 15 2.71549 5.96699 15 2.57779 9.22614 15 3.02141 9.11659 15 1.53481 6.31604 15 1.53546 9.1777 15 2.11647 8.937 15 0.420782 6.48446 15 0.449214 9.03555 15 0.969858 8.697 15 -0.633359 6.46743 15 -0.649878 8.41194 15 -1.63905 6.26544 15 -1.73038 8.25585 15 -2.12847 7.92316 15 -3.0919 5.88427 15 -2.7614 7.60819 15 -4.07575 5.33482 15 -3.71345 7.29406 15 -5.11544 7.12226 15 -5.65947 4.63279 15 -4.5593 6.71865 15 -6.797 6.60095 15 -7.09066 3.79828 15 -5.27476 6.34088 15 -7.68627 6.19726 15 -7.98734 6.47523 15 -7.38723 2.85514 15 -5.83936 5.87972 15 -8.59389 5.70457 15 -8.89838 6.04375 15 -8.29003 6.93251 15 -6.22011 7.76266 15 -3.57832 5.51791 15 -9.20275 5.31946 15 -9.50622 -8.37953 15 -8.33868 -8.71857 15 -12.8155 -11.1892 15 -11.1347 4.40234 15 -10.6957 4.14085 15 -10.983 1.83035 15 -6.23697 3.86599 15 -11.2648 0.753208 15 -6.45621 3.57785 15 -11.54 3.27664 15 -11.8077 -0.345472 15 -6.49081 2.2967 15 -12.5572 1.94529 15 -12.786 1.58186 15 -13.003 1.20668 15 -13.207 0.820414 15 -13.3972 0.423761 15 -13.5729 0.0174392 15 -13.7333 -1.43427 15 -6.33978 -0.397838 15 -13.8775 -0.821355 15 -14.0049 -1.2524 15 -14.1147 -1.69025 15 -14.206 -2.36428 15 -6.19004 -2.1341 15 -14.2781 -2.58283 15 -14.3306 -3.03532 15 -14.3629 -3.30571 15 -6.15805 -3.49042 15 -14.3747 -4.24374 15 -6.24432 -3.947 15 -14.3655 -5.16355 15 -6.44749 -4.40392 15 -14.3351 -4.86005 15 -14.2829 -6.05064 15 -6.76435 -5.31426 15 -14.2086 -5.76526 15 -14.1119 -6.89101 15 -7.18992 -6.21165 15 -13.9927 -7.67141 15 -7.71747 -6.6521 15 -13.8513 -7.08527 15 -13.6878 -7.50984 15 -13.5023 -8.32782 15 -13.066 -8.52485 15 -12.9434 -7.92446 15 -13.295 -8.12763 15 -13.1832 2.63586 15 -12.3172 4.65068 15 -10.4035 4.88612 15 -10.1074 5.10896 15 -9.80802 8.55942 15 -1.14132 8.82337 15 -0.113259 9.19998 15 2.41382 9.22929 15 3.3315 9.22531 15 3.64568 9.16697 15 4.61199 9.1308 15 4.94171 8.7128 15 6.98373 8.48859 15 7.68195 8.35909 15 8.03288 8.21765 15 8.38443 8.06405 15 8.73613 3.18692 15 5.83782 7.89805 15 9.08755 7.71942 15 9.43821 2.6484 15 6.44709 7.32332 15 10.1355 2.17901 15 7.11108 7.10541 15 10.4811 1.78426 15 7.82198 6.87407 15 10.824 6.62927 15 11.1636 1.46879 15 8.57144 6.37095 15 11.4993 1.23631 15 9.35064 6.09907 15 11.8305 5.81357 15 12.1567 1.08956 15 10.1504 5.51441 15 12.4773 1.03025 15 10.9614 5.20154 15 12.7916 4.87493 15 13.0992 1.8088 15 15.2288 1.05909 15 11.7741 1.38862 15 15.4375 2.2182 15 15.009 2.63615 15 14.7665 3.0416 15 14.5129 3.43436 15 14.2488 3.81426 15 13.9747 4.18111 15 13.6914 4.53473 15 13.3993 -9.84355 13 -14.4691 -12.633 13 -12.5714 -12.6304 13.1192 -12.5688 -9.83274 13.1951 -14.4532 -12.6225 13.2407 -12.561 -12.6089 13.3639 -12.5474 -12.5893 13.4881 -12.528 -12.5636 13.6125 -12.5024 -12.5316 13.7362 -12.4705 -12.4932 13.8584 -12.4323 -11.2753 14.9964 -11.2203 -8.71857 15 -12.8155 -11.1892 15 -11.1347 -11.363 14.9855 -11.3076 -11.4519 14.9666 -11.3961 -11.5416 14.9395 -11.4853 -11.6313 14.9039 -11.5746 -11.7207 14.8596 -11.6635 -11.8089 14.8064 -11.7513 -11.8953 14.7445 -11.8373 -11.9793 14.674 -11.9209 -12.0601 14.5951 -12.0013 -12.1373 14.5084 -12.0781 -12.2101 14.4142 -12.1506 -12.2781 14.3133 -12.2182 -12.3407 14.2065 -12.2806 -12.3976 14.0944 -12.3372 -12.4486 13.9781 -12.3879 -8.78592 6.6 -15.1346 -8.87557 12.9736 -15.0821 -8.37705 12.9413 -15.3645 -7.6835 6.6 -15.723 -7.86958 12.897 -15.6305 -6.5419 6.6 -16.2313 -7.35369 12.8411 -15.8798 -9.84355 6.6 -14.4691 -9.36458 12.9933 -14.7835 -6.82994 12.7741 -16.1121 -5.60571 8.67316 -16.5779 -5.44072 7.2918 -16.6328 -6.29886 12.6965 -16.3271 -5.59807 8.78963 -16.5805 -5.5811 8.90496 -16.5862 -5.76101 12.6087 -16.5245 -5.56603 8.96109 -16.5912 -5.54495 9.0146 -16.5983 -5.48273 9.111 -16.619 -5.44396 9.15242 -16.6317 -5.51687 9.06486 -16.6077 -5.40118 9.18923 -16.6456 -5.21696 12.5113 -16.7042 -5.09154 9.30518 -16.7429 -5.20113 9.2875 -16.7092 -4.98049 9.30166 -16.7763 -4.871 9.27806 -16.8084 -4.66731 12.4048 -16.8659 -4.76688 9.23466 -16.8382 -4.59263 9.08958 -16.8866 -4.62988 9.13298 -16.8764 -4.67195 9.17177 -16.8648 -4.11266 12.2896 -17.0096 -4.53206 8.9918 -16.903 -4.48684 8.88531 -16.915 -4.44904 8.77557 -16.925 -3.55362 12.1662 -17.1352 -5.30583 9.24846 -16.6762 -4.27225 7.32607 -16.9705 -4.35713 8.05128 -16.9489 -4.19441 6.6 -16.9899 -2.68502 6.6 -17.2928 -2.42474 11.8968 -17.3311 -1.85611 11.7517 -17.4012 -1.15485 6.6 -17.4619 -1.28547 11.6005 -17.4527 -0.713449 11.4434 -17.4853 0.384251 6.6 -17.4958 -0.140664 11.2811 -17.4992 0.43227 11.114 -17.4944 3.44165 6.6 -17.1582 2.71325 10.4075 -17.2883 3.27774 10.2238 -17.1902 2.14584 10.5889 -17.3678 1.92038 6.6 -17.3943 1.57614 10.7674 -17.4286 7.72515 7.53313 -15.7026 7.79968 6.6 -15.6657 7.09751 8.91227 -15.996 7.61736 8.72713 -15.7551 6.39272 6.6 -16.2906 4.39555 9.85114 -16.9387 4.93628 6.6 -16.7894 6.57003 9.09894 -16.2197 6.03551 9.28665 -16.426 5.49453 9.47491 -16.6147 4.94769 9.66323 -16.7857 3.8387 10.0381 -17.0736 1.00474 10.9426 -17.4708 -2.99078 12.0351 -17.2423 -5.36695 6.6 -16.6567 -9.84355 13 -14.4691 6.75024 11.1891 -14.9316 7.13898 11.1186 -15.4947 7.03478 11.4404 -15.3965 7.32176 10.4564 -15.6455 6.94817 10.599 -15.0865 7.03595 10.296 -15.1429 7.23505 10.7907 -15.5774 6.85286 10.8967 -15.016 7.1876 9.67593 -15.2144 7.46717 9.77292 -15.7365 7.11594 9.988 -15.1856 7.39905 10.1166 -15.6987 7.25102 9.36124 -15.2292 7.52574 9.42616 -15.7587 7.57555 9.07726 -15.7651 7.35605 8.72723 -15.215 7.61736 8.72713 -15.7551 7.30692 9.04474 -15.2296 8.01659 11.5686 -14.66 7.70256 11.2865 -14.2334 7.9507 11.6662 -14.6422 8.07653 11.4674 -14.6822 7.76179 11.192 -14.2519 7.87277 11.7572 -14.6355 7.63749 11.3776 -14.2195 7.56147 11.4612 -14.2166 7.82885 11.7985 -14.6381 7.47463 11.5323 -14.2289 7.68269 11.8977 -14.6722 7.78215 11.8357 -14.6453 7.28322 11.631 -14.2948 7.18513 11.6589 -14.344 7.57865 11.9438 -14.7131 7.08911 11.6721 -14.4017 7.47371 11.973 -14.7661 7.38064 11.5887 -14.2559 7.37157 11.9846 -14.8292 6.99725 11.6697 -14.4673 7.27532 11.9773 -14.9013 7.11327 11.904 -15.0624 7.18801 11.9503 -14.9801 6.83771 11.6132 -14.6154 6.91223 11.6502 -14.5394 6.80552 11.5878 -14.654 7.08176 11.8738 -15.1038 6.77733 11.5577 -14.6927 7.05477 11.8389 -15.1448 6.75382 11.5229 -14.7308 7.01739 11.549 -15.3469 6.75024 11.1891 -14.9316 7.03478 11.4404 -15.3965 6.73238 11.2918 -14.8855 7.00813 11.6548 -15.2907 6.72383 11.3913 -14.8324 7.00982 11.7061 -15.2584 6.72675 11.4389 -14.8015 7.01773 11.7547 -15.2231 6.73653 11.4832 -14.7674 7.03297 11.799 -15.1849 8.75835 8.71093 -15.137 8.44924 8.6748 -14.6239 8.38727 9.04798 -14.6227 8.80556 8.3002 -15.1232 8.66943 9.32382 -15.1167 8.31343 9.41915 -14.6038 8.70216 9.12001 -15.1285 8.63232 9.5268 -15.1007 8.22638 9.78654 -14.568 8.12782 10.1487 -14.5144 8.54755 9.92918 -15.0544 8.44975 10.3258 -14.9888 8.01723 10.5046 -14.4435 8.33836 10.7154 -14.9047 7.89564 10.8526 -14.3556 8.14737 11.283 -14.7442 7.76179 11.192 -14.2519 8.07653 11.4674 -14.6822 8.21444 11.0962 -14.8021 8.50368 8.30019 -14.6047 13.348 6.70897 -11.3171 12.6481 6.6 -12.0945 12.9915 6.82525 -11.7245 13.6917 6.6 -10.8989 12.6225 6.94843 -12.1205 12.2415 7.07811 -12.505 11.5004 6.6 -13.1906 11.8487 7.21387 -12.8776 11.4447 7.35531 -13.2379 11.0298 7.50202 -13.5856 10.2581 6.6 -14.1782 10.1689 7.80958 -14.2418 10.6044 7.65358 -13.9203 9.72364 7.96963 -14.5496 8.93152 6.6 -15.0492 9.26906 8.1333 -14.8436 8.80556 8.3002 -15.1232 12.9715 12.6959 -4.00203 13.2771 12.7101 -2.88531 13.4554 12.5674 -2.92754 12.7922 12.8332 -3.95107 13.1472 12.5537 -4.05191 13.6299 12.4197 -2.9682 13.319 12.4064 -4.10072 13.4868 12.2544 -4.14844 13.8005 12.2671 -3.00762 13.9665 12.11 -3.0462 13.8099 11.9361 -4.24063 13.6505 12.0975 -4.19508 14.1275 11.9488 -3.08408 14.2834 11.7836 -3.1212 13.965 11.7701 -4.2851 14.1154 11.5997 -4.32846 14.4345 11.6144 -3.15748 14.2614 11.425 -4.37016 14.5808 11.4412 -3.19222 14.7225 11.2641 -3.2252 14.4029 11.2462 -4.40999 14.8595 11.0831 -3.25709 14.5396 11.0635 -4.44847 14.9915 10.8982 -3.28851 14.6712 10.877 -4.48615 14.7976 10.687 -4.52271 15.1187 10.7094 -3.31935 15.2411 10.5166 -3.349 15.3586 10.3198 -3.37736 14.9189 10.4937 -4.55752 15.0348 10.2974 -4.59058 15.4711 10.1189 -3.40434 15.1452 10.0984 -4.6219 15.25 9.89676 -4.65183 15.5783 9.91474 -3.43008 15.3493 9.69242 -4.68053 15.6796 9.70829 -3.45478 15.7749 9.49954 -3.47837 15.4431 9.48538 -4.70771 15.8645 9.28852 -3.50079 15.5317 9.27566 -4.73309 15.6149 9.06319 -4.75669 15.9481 9.07523 -3.52199 15.6927 8.84796 -4.77873 16.026 8.8597 -3.54191 15.765 8.63011 -4.79928 16.0981 8.64195 -3.56049 15.8315 8.40975 -4.81839 15.8921 8.1876 -4.83591 16.1644 8.422 -3.57767 16.4372 7.06216 -3.65263 16.461 6.83153 -3.66041 16.1308 6.83029 -4.9031 16.3946 6.6 -4.02204 16.303 6.6 -4.37538 16.4786 6.6 -3.66682 16.1497 6.6 -4.90789 16.1059 7.05941 -4.89646 16.407 7.2919 -3.6435 16.075 7.28738 -4.88799 16.3707 7.52075 -3.63303 16.0383 7.51418 -4.87769 16.3282 7.74861 -3.6212 15.9955 7.73982 -4.86557 16.2796 7.97506 -3.60801 15.9468 7.96429 -4.85164 16.2249 8.19967 -3.59349 13.0952 12.8478 -2.8412 12.7123 12.8966 -3.90626 13.0031 12.9104 -2.84163 12.6355 12.9579 -3.85363 12.9101 12.9706 -2.85024 12.5682 13.0146 -3.78583 12.5401 13.0402 -3.74559 12.8173 13.026 -2.87636 12.7724 13.0508 -2.89768 12.5164 13.0636 -3.70123 12.4829 13.1029 -3.60303 12.7292 13.0732 -2.92484 12.6501 13.1102 -2.99407 12.4675 13.1319 -3.49695 12.5827 13.1367 -3.0786 12.4701 13.1501 -3.38739 12.4908 13.157 -3.27873 12.5289 13.1524 -3.17472 -10.807 5.4 -12.4683 -10.8954 6.58827 -12.3911 -10.807 6.6 -12.4683 -10.8956 5.4119 -12.3909 -10.9795 6.55407 -12.3166 -11.0569 5.50163 -12.2472 -11.0566 6.49887 -12.2475 -10.9798 5.44638 -12.3163 -11.1242 6.42414 -12.1862 -11.1241 5.57584 -12.1862 -11.1788 5.66683 -12.1361 -11.1792 6.33262 -12.1357 -11.2194 5.77074 -12.0987 -11.2197 6.22874 -12.0983 -11.2446 5.88324 -12.0752 -11.2447 6.11653 -12.0751 -11.2532 6 -12.0671 -9.29015 5.4 -13.6361 -9.29015 6.6 -13.6361 -7.64827 5.4 -14.6203 -7.64827 6.6 -14.6203 -5.90345 5.4 -15.4078 -5.90345 6.6 -15.4078 -4.07917 5.4 -15.9878 -4.07917 6.6 -15.9878 -2.19999 5.4 -16.3527 -2.19999 6.6 -16.3527 -0.291195 5.4 -16.4974 -0.291195 6.6 -16.4974 1.62152 5.4 -16.4201 1.62152 6.6 -16.4201 3.51241 6.6 -16.1218 3.51241 5.4 -16.1218 5.35602 6.6 -15.6065 5.35602 5.4 -15.6065 7.12754 6.6 -14.8811 7.12754 5.4 -14.8811 8.80313 6.6 -13.9555 8.80313 5.4 -13.9555 10.3602 6.6 -12.842 10.3602 5.4 -12.842 11.7779 6.6 -11.5556 11.7779 5.4 -11.5556 13.037 6.6 -10.1137 13.037 5.4 -10.1137 14.1206 6.6 -8.53567 14.1206 5.4 -8.53567 15.0142 5.4 -6.84275 15.0142 6.6 -6.84275 15.7057 5.4 -5.05773 15.7057 6.6 -5.05773 16.1858 5.4 -3.20463 16.1858 6.6 -3.20463 16.448 5.4 -1.3084 16.448 6.6 -1.3084 16.4889 5.4 0.605436 16.4889 6.6 0.605436 16.3078 5.4 2.51113 16.3078 6.6 2.51113 15.9072 5.4 4.38302 15.9072 6.6 4.38302 15.2925 5.4 6.19592 15.2925 6.6 6.19592 14.472 6.6 7.92542 14.472 5.4 7.92542 13.4566 6.6 9.54824 13.4566 5.4 9.54824 12.2602 6.6 11.0425 12.2602 5.4 11.0425 10.8987 6.6 12.3882 10.8987 5.4 12.3882 9.39054 6.6 13.5672 7.75598 6.6 14.5635 7.75598 5.4 14.5635 6.01702 6.6 15.3638 4.19707 5.4 15.9573 6.01702 5.4 15.3638 4.19707 6.6 15.9573 2.32063 5.4 16.336 2.32063 6.6 16.336 2.20423 5.41174 16.3521 2.20411 6.58811 16.3521 2.09288 5.44597 16.3667 2.09258 6.55366 16.3667 1.98986 6.49846 16.3795 1.99011 5.50122 16.3795 1.89947 5.576 16.3903 1.89977 6.4243 16.3903 1.82608 6.33338 16.3987 1.77121 6.22954 16.4047 1.82529 5.66759 16.3988 1.77052 5.77154 16.4048 1.73693 6.11711 16.4083 1.73663 5.88382 16.4084 1.72506 6.00041 16.4096 9.39054 5.4 13.5672 -11.2532 6 -12.0671 -12.0729 5.92778 -12.9524 -11.2446 5.88324 -12.0752 -12.0614 5.85357 -12.9603 -11.2194 5.77074 -12.0987 -12.0413 5.77914 -12.9739 -11.1788 5.66683 -12.1361 -12.0124 5.70657 -12.9936 -11.1241 5.57584 -12.1862 -11.9749 5.63806 -13.0191 -11.8774 5.52146 -13.0854 -11.9295 5.57574 -13.05 -11.0569 5.50163 -12.2472 -11.8201 5.47664 -13.1244 -10.9798 5.44638 -12.3163 -11.635 5.40436 -13.2503 -10.807 5.4 -12.4683 -11.5746 5.4 -13.2914 -10.8956 5.4119 -12.3909 -11.6971 5.41814 -13.2081 -11.7593 5.44213 -13.1657 -11.5746 5.4 -13.2914 -11.5746 0.6 -13.2914 -11.635 5.40436 -13.2503 -9.84355 5.4 -14.4691 -11.635 0.595638 -13.2503 -11.6971 5.41814 -13.2081 -11.6971 0.581857 -13.2081 -11.7593 5.44213 -13.1657 -11.7593 0.557873 -13.1657 -11.8201 5.47664 -13.1244 -11.8201 0.523356 -13.1244 -11.8774 5.52146 -13.0854 -11.8774 0.47854 -13.0854 -12.0124 5.70657 -12.9936 -11.9749 5.63806 -13.0191 -11.9749 0.361938 -13.0191 -12.0765 6 -12.95 -12.0729 5.92778 -12.9524 -12.633 7.5 -12.5714 -17.6746 7.5 -9.14149 -12.0729 6.07222 -12.9524 -12.0614 5.85357 -12.9603 -12.0614 6.14643 -12.9603 -12.0413 6.22086 -12.9739 -12.0124 6.29343 -12.9936 -11.9749 6.36194 -13.0191 -11.9295 6.42426 -13.05 -11.8774 6.47854 -13.0854 -11.8201 6.52336 -13.1244 -11.7593 6.55787 -13.1657 -12.0413 5.77914 -12.9739 -11.6971 6.58186 -13.2081 -11.9295 0.424264 -13.05 -11.9295 5.57574 -13.05 -12.633 13 -12.5714 -12.0614 0.146431 -12.9603 -12.0729 0.0722163 -12.9524 -17.6746 -7.5 -9.14149 -12.0765 0 -12.95 -12.0729 -0.0722163 -12.9524 -12.633 -7.5 -12.5714 -12.0413 -6.22086 -12.9739 -12.0124 -6.29343 -12.9936 -11.7593 -6.55787 -13.1657 -11.8201 -6.52336 -13.1244 -9.84355 -6.6 -14.4691 -9.84355 -13 -14.4691 -12.633 -13 -12.5714 -11.5746 -6.6 -13.2914 -11.635 -6.59564 -13.2503 -11.6971 -6.58186 -13.2081 -11.8774 -6.47854 -13.0854 -11.9295 -6.42426 -13.05 -12.0614 -6.14643 -12.9603 -11.9749 -6.36194 -13.0191 -12.0729 -6.07222 -12.9524 -12.0765 -6 -12.95 -12.0729 -5.92778 -12.9524 -12.0614 -5.85357 -12.9603 -12.0413 -5.77914 -12.9739 -12.0124 -0.293425 -12.9936 -12.0124 -5.70657 -12.9936 -11.9749 -5.63806 -13.0191 -11.9749 -0.361938 -13.0191 -11.9295 -5.57574 -13.05 -11.9295 -0.424264 -13.05 -11.8774 -5.52146 -13.0854 -11.8201 -5.47664 -13.1244 -11.8774 -0.47854 -13.0854 -11.7593 -5.44213 -13.1657 -11.7593 -0.557873 -13.1657 -11.6971 -5.41814 -13.2081 -9.84355 -5.4 -14.4691 -11.5746 -0.6 -13.2914 -9.84355 -0.6 -14.4691 -12.0413 -0.220857 -12.9739 -11.5746 -5.4 -13.2914 -11.635 -0.595638 -13.2503 -11.635 -5.40436 -13.2503 -11.6971 -0.581857 -13.2081 -11.8201 -0.523356 -13.1244 -12.0614 -0.146431 -12.9603 -12.0124 0.293425 -12.9936 -12.0413 0.220857 -12.9739 -11.5746 6.6 -13.2914 -11.635 6.59564 -13.2503 -9.84355 0.6 -14.4691 -5.36695 6.6 -16.6567 -5.44072 7.2918 -16.6328 -5.18294 6.6 -16.0856 -5.60571 8.67316 -16.5779 -5.31017 7.80464 -16.0441 -5.41352 8.67316 -16.0095 -4.0506 6.6 -16.4074 -5.18294 6.6 -16.0856 -4.15286 7.57256 -16.3818 -4.60035 9.23293 -16.2618 -4.50908 9.16949 -16.2874 -4.46883 9.13048 -16.2985 -4.43318 9.08681 -16.3082 -4.33259 8.8841 -16.3352 -4.2965 8.77557 -16.3447 -4.3755 8.98934 -16.3238 -4.7015 9.27723 -16.2328 -4.91873 9.30507 -16.1684 -4.80886 9.30155 -16.2013 -5.31017 7.80464 -16.0441 -5.12841 9.24624 -16.1031 -5.02662 9.28664 -16.1351 -5.22068 9.18531 -16.0734 -5.26182 9.14782 -16.06 -5.33049 9.05972 -16.0373 -5.29879 9.10595 -16.0478 -5.41352 8.67316 -16.0095 -5.3563 9.00954 -16.0287 -5.40631 8.78751 -16.0119 -5.3763 8.95629 -16.022 -5.3906 8.90085 -16.0172 -4.19441 6.6 -16.9899 -4.0506 6.6 -16.4074 -4.27225 7.32607 -16.9705 -4.15286 7.57256 -16.3818 -4.35713 8.05128 -16.9489 -4.2965 8.77557 -16.3447 -4.44904 8.77557 -16.925 7.53226 6.6 -15.1286 7.79968 6.6 -15.6657 7.46128 7.5209 -15.1637 7.72515 7.53313 -15.7026 7.35605 8.72723 -15.215 7.61736 8.72713 -15.7551 8.6253 6.6 -14.5332 7.53226 6.6 -15.1286 8.17888 8.42167 -14.7891 8.50368 8.30019 -14.6047 7.35605 8.72723 -15.215 7.79697 8.56402 -14.994 7.46128 7.5209 -15.1637 8.93152 6.6 -15.0492 8.6253 6.6 -14.5332 8.50368 8.30019 -14.6047 8.80556 8.3002 -15.1232 14.6673 6.6 8.39521 15.1881 6.6 8.69326 14.6345 7.30758 8.45229 15.1541 7.3076 8.75237 14.598 8.01448 8.51513 15.1163 8.01447 8.81745 14.0113 6.6 9.44956 14.6673 6.6 8.39521 14.3789 8.12091 8.8801 14.1483 8.23048 9.24302 13.9061 8.3432 9.60349 13.9812 7.13848 9.49404 14.6345 7.30758 8.45229 14.598 8.01448 8.51513 14.5087 6.6 9.78505 13.9812 7.13848 9.49404 14.4382 7.76249 9.88871 13.9061 8.3432 9.60349 14.3998 8.3432 9.9444 14.3998 8.3432 9.94444 14.0113 6.6 9.44956 4.60837 6.6 16.2595 4.77199 6.6 16.8368 4.49055 7.46825 16.2925 4.6499 7.46877 16.8709 4.34816 8.39854 16.3311 4.50254 8.39854 16.9109 4.60837 6.6 16.2595 4.49055 7.46825 16.2925 3.46906 6.6 16.5401 4.11885 8.77013 16.3904 3.31344 7.68872 16.572 3.59846 8.8453 16.5124 3.49841 8.8002 16.5339 3.40836 8.73693 16.5527 3.33243 8.65701 16.5682 3.30114 8.61092 16.5745 3.22625 8.23163 16.5892 3.27585 8.56132 16.5795 3.23102 8.34366 16.5883 3.25733 8.5092 16.5831 3.24447 8.45489 16.5856 3.70441 8.87068 16.489 3.92097 8.86032 16.4388 3.81299 8.87557 16.4642 4.02427 8.82512 16.4138 4.16101 8.73498 16.3797 4.19866 8.69492 16.3701 4.26067 8.60319 16.3541 4.30793 8.50252 16.3417 4.34816 8.39854 16.3311 3.59222 6.6 17.1273 3.46906 6.6 16.5401 3.31344 7.68872 16.572 3.43106 7.6888 17.1604 3.22625 8.23163 16.5892 3.34079 8.23163 17.1782 2.20411 6.58811 16.3521 2.42524 6.6 17.3311 2.30882 6.58826 17.347 2.09258 6.55366 16.3667 2.19745 6.55403 17.3614 1.98986 6.49846 16.3795 2.09467 6.49878 17.3742 2.00402 6.42399 17.3849 1.89977 6.4243 16.3903 1.82608 6.33338 16.3987 1.92984 6.33241 17.3933 1.77121 6.22954 16.4047 1.87507 6.22846 17.3993 1.84118 6.11618 17.4029 1.73693 6.11711 16.4083 1.72506 6.00041 16.4096 1.82961 5.99959 17.4041 1.73663 5.88382 16.4084 1.84148 5.88289 17.4029 1.82529 5.66759 16.3988 1.77052 5.77154 16.4048 1.87576 5.77047 17.3992 2.09288 5.44597 16.3667 2.19714 5.44634 17.3615 2.3087 5.41189 17.347 1.89947 5.576 16.3903 1.93063 5.66663 17.3932 2.00432 5.5757 17.3848 2.20423 5.41174 16.3521 2.42524 5.4 17.3311 2.32063 5.4 16.336 1.99011 5.50122 16.3795 2.09441 5.50155 17.3742 2.32063 6.6 16.336 14.5801 8.22118 8.53936 14.3789 8.12091 8.8801 14.598 8.01448 8.51513 13.8637 8.70736 9.64662 14.1483 8.23048 9.24302 14.5568 8.42738 8.5604 13.8044 9.06955 9.6785 14.5279 8.63303 8.57854 14.4528 9.04244 8.60725 14.4933 8.83809 8.59411 14.4067 9.24579 8.61783 13.727 9.42964 9.70071 14.3549 9.44787 8.62573 13.6319 9.78635 9.7131 14.2977 9.6484 8.63081 13.5194 10.1379 9.71529 14.2348 9.84733 8.6333 14.1662 10.0446 8.63334 14.0921 10.2397 8.63074 13.3894 10.4834 9.70769 14.0129 10.4326 8.6253 13.2423 10.8218 9.69066 13.9283 10.6228 8.61749 13.0784 11.1521 9.66455 13.8384 10.8104 8.60758 13.7432 10.9955 8.59509 13.0363 11.2536 9.63258 12.9849 11.4 9.56177 13.5784 11.2711 8.59304 12.9752 11.4445 9.52748 13.5111 11.3602 8.61295 12.9714 11.5206 9.44283 12.9708 11.4848 9.48726 13.643 11.1781 8.57956 12.9846 11.5784 9.3461 12.9761 11.5518 9.39549 13.4398 11.4419 8.64731 13.3666 11.511 8.69976 13.2945 11.5654 8.7684 13.0123 11.6178 9.24328 13.0523 11.6395 9.13862 13.2254 11.6059 8.8491 13.1025 11.6438 9.03635 13.1608 11.6322 8.93928 12.9991 11.3527 9.59 13.9061 8.3432 9.60349 -3.94136 5.4 -16.434 -2.19999 5.4 -16.3527 -2.57312 5.4 -17.3098 -4.07917 5.4 -15.9878 -1.04512 5.4 -17.4688 1.62152 5.4 -16.4201 0.490932 5.4 -17.4931 -0.291195 5.4 -16.4974 2.0232 5.4 -17.3827 3.51241 5.4 -16.1218 3.53988 5.4 -17.1382 5.35602 5.4 -15.6065 5.02928 5.4 -16.7618 7.61044 5.4 -15.0894 7.12754 5.4 -14.8811 8.69605 5.4 -14.491 7.88063 5.4 -15.6252 6.47992 5.4 -16.2561 8.80313 5.4 -13.9555 9.00478 5.4 -15.0055 10.3442 5.4 -14.1155 11.5963 5.4 -13.1063 10.3602 5.4 -12.842 12.7505 5.4 -11.9864 11.7779 5.4 -11.5556 14.727 5.4 -9.45336 13.797 5.4 -10.7654 13.037 5.4 -10.1137 15.5326 5.4 -8.06154 14.1206 5.4 -8.53567 15.0142 5.4 -6.84275 16.207 5.4 -6.60164 16.1705 5.4 -4.91161 15.7057 5.4 -5.05773 16.4946 5.4 -3.67962 16.7446 5.4 -5.08599 16.1858 5.4 -3.20463 17.0802 5.4 -3.81026 17.4886 5.4 -0.631362 16.448 5.4 -1.3084 16.4889 5.4 0.605436 17.3573 5.4 -2.23018 17.4729 5.4 0.972764 16.3078 5.4 2.51113 17.3105 5.4 2.56872 15.9072 5.4 4.38302 17.0025 5.4 4.14308 15.2925 5.4 6.19592 16.5517 5.4 5.68263 14.7153 5.4 8.31088 14.472 5.4 7.92542 14.0688 5.4 9.36369 15.2377 5.4 8.60594 15.9618 5.4 7.17443 13.4566 5.4 9.54824 14.5683 5.4 9.69613 13.5783 5.4 11.04 12.4647 5.4 12.2834 12.2602 5.4 11.0425 10.8987 5.4 12.3882 10.8089 5.4 13.7629 11.6603 5.4 13.0495 9.39054 5.4 13.5672 8.979 5.4 15.0209 9.91391 5.4 14.421 7.00457 5.4 16.037 7.75598 5.4 14.5635 6.01702 5.4 15.3638 8.00792 5.4 15.5603 4.91737 5.4 16.7949 5.973 5.4 16.4491 4.74877 5.4 16.2191 4.19707 5.4 15.9573 3.61364 5.4 16.5091 2.32063 5.4 16.336 3.08359 5.4 17.2132 2.42524 5.4 17.3311 3.74194 5.4 17.0953 -4.08129 5.4 -17.0174 -7.64827 5.4 -14.6203 -7.63049 5.4 -15.7488 -8.76042 5.4 -15.1494 -5.90345 5.4 -15.4078 -6.45981 5.4 -16.2641 -9.29015 5.4 -13.6361 -5.07445 5.4 -16.1202 -11.5746 5.4 -13.2914 -10.807 5.4 -12.4683 -9.84355 5.4 -14.4691 -5.25461 5.4 -16.6925 3.92749 0.6 16.4373 4.04925 1.20142 17.0251 4.06693 0.6 17.0209 3.91041 1.20143 16.4414 4.02486 1.80254 17.0309 3.95687 3.00372 17.0468 3.99399 2.40332 17.0381 3.85705 2.40341 16.454 3.88686 1.8026 16.447 3.77917 3.60361 16.472 3.8212 3.00377 16.4623 3.91334 3.60367 17.0568 3.73062 4.20293 16.4831 3.86305 4.20309 17.0683 3.80594 4.8019 17.0811 3.61364 5.4 16.5091 3.74194 5.4 17.0953 3.67547 4.80173 16.4955 -11.5746 0.6 -13.2914 -9.84355 0.6 -14.4691 -10.807 0.6 -12.4683 -9.29015 0.6 -13.6361 -8.70182 0.6 -15.1832 -7.64827 0.6 -14.6203 -7.50857 0.6 -15.8073 -5.90345 0.6 -15.4078 -6.27085 0.6 -16.3379 -4.82471 0.600001 -16.1967 -3.68988 0.6 -16.4923 -4.07917 0.6 -15.9878 -2.31703 0.6 -17.3459 -2.19999 0.6 -16.3527 -3.82088 0.6 -17.0778 -0.291195 0.6 -16.4974 -0.795528 0.6 -17.4819 1.62152 0.6 -16.4201 0.732035 0.6 -17.4847 2.25402 0.6 -17.3542 3.51241 0.6 -16.1218 3.75883 0.6 -17.0916 5.35602 0.6 -15.6065 5.235 0.6 -16.6986 7.7805 0.6 -15.0025 7.12754 0.6 -14.8811 8.05674 0.6 -15.5351 6.67129 0.6 -16.1785 8.84957 0.6 -14.3977 8.80313 0.6 -13.9555 10.4753 0.6 -14.0185 9.16376 0.6 -14.9089 11.7009 0.6 -13.013 10.3602 0.6 -12.842 12.8305 0.6 -11.9008 11.7779 0.6 -11.5556 14.7654 0.6 -9.39323 13.037 0.6 -10.1137 13.8548 0.6 -10.6909 15.5549 0.6 -8.01851 14.1206 0.6 -8.53567 15.0142 0.6 -6.84275 16.2167 0.6 -6.578 16.1713 0.6 -4.90922 16.4904 0.6 -3.69798 15.7057 0.6 -5.05773 16.7454 0.6 -5.08351 16.1858 0.6 -3.20463 17.3516 0.6 -2.27405 16.448 0.6 -1.3084 17.486 0.6 -0.700307 16.4889 0.6 0.605436 17.0759 0.6 -3.82927 17.4779 0.6 0.879142 16.3078 0.6 2.51113 17.3274 0.6 2.45143 15.9072 0.6 4.38302 17.0358 0.6 4.00375 15.2925 0.6 6.19592 16.6055 0.6 5.52345 14.8174 0.6 8.12732 14.1925 0.6 9.17517 14.472 0.6 7.92542 16.0398 0.6 6.99816 13.4566 0.6 9.54824 14.6963 0.6 9.50091 15.3435 0.6 8.41587 13.6516 0.6 10.9492 12.4647 0.6 12.2834 12.2602 0.6 11.0425 10.8987 0.6 12.3882 10.8733 0.6 13.7121 11.6908 0.6 13.0221 9.39054 0.6 13.5672 10.0151 0.6 14.3509 9.11948 0.6 14.936 7.75598 0.6 14.5635 8.18978 0.6 15.4654 7.22948 0.6 15.9369 5.2315 0.599998 16.6997 5.05214 0.6 16.1272 6.24215 0.6 16.3489 6.01702 0.6 15.3638 3.92749 0.6 16.4373 4.19707 0.6 15.9573 2.42524 0.6 17.3311 2.32063 0.6 16.336 4.06693 0.6 17.0209 -4.996 0.6 -16.7717 2.20423 -0.588261 16.3521 2.09288 -0.554029 16.3667 2.3087 -0.588114 17.347 2.42524 -0.6 17.3311 2.32063 -0.6 16.336 2.19714 -0.553661 17.3615 1.99011 -0.498782 16.3795 2.09441 -0.498452 17.3742 1.89947 -0.423996 16.3903 1.93063 -0.333372 17.3932 2.00432 -0.424296 17.3848 1.82529 -0.332409 16.3988 1.87576 -0.229535 17.3992 1.77052 -0.22846 16.4048 1.84148 -0.117106 17.4029 1.73663 -0.116178 16.4084 1.82961 -0.000407238 17.4041 1.72506 0.000407461 16.4096 1.84118 0.116177 17.4029 1.73693 0.117108 16.4083 1.77121 0.229538 16.4047 1.87507 0.228457 17.3993 1.92984 0.332405 17.3933 1.82608 0.333377 16.3987 2.00402 0.423991 17.3849 1.89977 0.424301 16.3903 2.19745 0.554026 17.3614 2.09258 0.553663 16.3667 2.30882 0.58826 17.347 2.20411 0.588114 16.3521 2.32063 0.6 16.336 2.42524 0.6 17.3311 1.98986 0.498456 16.3795 2.09467 0.498777 17.3742 -3.67247 -0.6 -16.4962 -2.19999 -0.6 -16.3527 -2.29955 -0.6 -17.3483 -4.07917 -0.6 -15.9878 -0.778744 -0.6 -17.4827 1.62152 -0.6 -16.4201 0.747989 -0.6 -17.484 -0.291195 -0.6 -16.4974 2.26903 -0.6 -17.3523 3.51241 -0.6 -16.1218 3.7728 -0.6 -17.0885 5.35602 -0.6 -15.6065 5.24785 -0.6 -16.6946 7.79062 -0.6 -14.9972 8.06721 -0.6 -15.5297 7.12754 -0.6 -14.8811 6.68297 -0.6 -16.1737 8.85865 -0.6 -14.3922 8.80313 -0.6 -13.9555 10.4829 -0.6 -14.0128 9.17316 -0.6 -14.9031 11.7068 -0.6 -13.0077 10.3602 -0.6 -12.842 12.8349 -0.6 -11.896 11.7779 -0.6 -11.5556 14.7672 -0.6 -9.39039 13.8578 -0.6 -10.687 13.037 -0.6 -10.1137 15.5557 -0.6 -8.01689 14.1206 -0.6 -8.53567 15.0142 -0.6 -6.84275 16.2168 -0.6 -6.57773 16.1709 -0.6 -4.91037 15.7057 -0.6 -5.05773 16.4899 -0.6 -3.70032 16.745 -0.6 -5.0847 16.1858 -0.6 -3.20463 17.3511 -0.6 -2.2778 16.448 -0.6 -1.3084 17.4858 -0.6 -0.705374 16.4889 -0.6 0.605436 17.0754 -0.6 -3.8317 17.4782 -0.6 0.872787 16.3078 -0.6 2.51113 17.3285 -0.6 2.44385 15.9072 -0.6 4.38302 17.0379 -0.6 3.99504 15.2925 -0.6 6.19592 16.6087 -0.6 5.51373 14.8234 -0.6 8.11646 14.472 -0.6 7.92542 14.1993 -0.6 9.16467 16.0444 -0.6 6.98759 13.4566 -0.6 9.54824 14.7034 -0.6 9.49005 15.3497 -0.6 8.40462 13.6556 -0.6 10.9441 12.4647 -0.6 12.2834 12.2602 -0.6 11.0425 10.8987 -0.6 12.3882 10.8767 -0.6 13.7094 11.6925 -0.6 13.0206 9.39054 -0.6 13.5672 9.12695 -0.6 14.9315 10.0205 -0.6 14.3471 7.75598 -0.6 14.5635 8.19945 -0.6 15.4602 7.24143 -0.6 15.9315 5.2482 -0.600002 16.6945 6.25646 -0.6 16.3434 5.06827 -0.6 16.1221 6.01702 -0.6 15.3638 4.19707 -0.6 15.9573 3.94457 -0.6 16.4332 2.32063 -0.6 16.336 2.42524 -0.6 17.3311 4.08461 -0.6 17.0166 -3.80285 -0.6 -17.0818 -7.64827 -0.6 -14.6203 -7.49994 -0.6 -15.8114 -8.69768 -0.6 -15.1855 -5.90345 -0.6 -15.4078 -6.25747 -0.6 -16.343 -9.29015 -0.6 -13.6361 -4.80703 -0.6 -16.2019 -11.5746 -0.6 -13.2914 -10.807 -0.6 -12.4683 -9.84355 -0.6 -14.4691 -4.97769 -0.6 -16.7771 3.94437 -1.20061 16.4333 4.08441 -1.20065 17.0167 3.93758 -1.80104 16.4349 3.94457 -0.6 16.4332 4.08461 -0.6 17.0166 3.92592 -2.40134 16.4377 4.07737 -1.80111 17.0184 4.0653 -2.40144 17.0213 3.85459 -4.20129 16.4546 4.04686 -3.00159 17.0257 3.99143 -4.20138 17.0387 3.90811 -3.00148 16.4419 3.95478 -4.80089 17.0473 3.91202 -5.4 17.0571 3.77789 -5.4 16.4723 3.77789 -5.4 16.4723 3.64206 -5.4 16.093 4.90698 -5.4 16.1719 4.93933 -5.4 15.7433 2.42524 -5.4 17.3311 3.91202 -5.4 17.0571 6.11361 -5.4 16.3974 5.08146 -5.39998 16.746 6.20386 -5.4 15.2893 7.42725 -5.4 14.7338 8.10293 -5.4 15.511 7.12207 -5.4 15.9852 8.60139 -5.4 14.0807 9.05238 -5.4 14.9768 9.96675 -5.4 14.3845 11.6762 -5.4 13.0352 10.8425 -5.4 13.7365 10.7712 -5.4 12.4993 9.7185 -5.4 13.3342 11.7524 -5.4 11.5815 12.8055 -5.4 10.4052 12.4647 -5.4 12.2834 14.1356 -5.4 9.26261 13.7413 -5.4 9.13376 14.7712 -5.4 8.21099 14.5514 -5.4 7.77865 16.0051 -5.4 7.0772 15.2957 -5.4 8.5025 15.2282 -5.4 6.35232 16.5821 -5.4 5.59333 17.3206 -5.4 2.49935 16.1587 -5.4 3.33879 16.4038 -5.4 1.77918 15.7656 -5.4 4.86784 17.0218 -5.4 4.06315 16.4987 -5.4 0.203273 17.4761 -5.4 0.914861 16.4427 -5.4 -1.37449 17.4869 -5.4 -0.6772 16.49 -5.4 -3.70002 17.0754 -5.4 -3.83138 16.236 -5.4 -2.93967 17.353 -5.4 -2.26366 16.1678 -5.4 -4.92058 15.3801 -5.4 -5.97521 16.2086 -5.4 -6.59777 15.8807 -5.4 -4.47794 16.7418 -5.4 -5.09528 14.7442 -5.4 -9.42646 15.5409 -5.4 -8.0455 13.9622 -5.4 -8.79243 14.7386 -5.4 -7.41778 13.058 -5.4 -10.0866 12.7913 -5.4 -11.9429 13.8251 -5.4 -10.7292 11.6514 -5.4 -13.0574 12.0342 -5.4 -11.2884 9.66649 -5.4 -13.3719 10.4147 -5.4 -14.0636 10.9002 -5.4 -12.3869 8.77985 -5.4 -14.4404 8.34424 -5.4 -14.2346 7.70596 -5.4 -15.0409 6.94561 -5.4 -14.9669 6.59038 -5.4 -16.2116 7.97955 -5.4 -15.5749 5.48338 -5.4 -15.5622 5.15097 -5.4 -16.7248 3.97095 -5.4 -16.015 3.67227 -5.4 -17.1104 2.42217 -5.4 -16.3212 2.16558 -5.4 -17.3655 0.851215 -5.4 -16.478 0.642368 -5.4 -17.4882 -0.727535 -5.4 -16.484 -0.885739 -5.4 -17.4776 -3.77603 -5.4 -16.4728 -3.85066 -5.4 -16.0444 -4.90838 -5.4 -16.1715 -2.29962 -5.4 -16.339 -5.36644 -5.4 -15.6029 -3.91009 -5.4 -17.0576 -2.40709 -5.4 -17.3337 -6.33415 -5.4 -16.3134 -5.08264 -5.4 -16.7456 -6.8331 -5.4 -15.0186 -7.5494 -5.4 -15.7879 -8.23719 -5.4 -14.2968 -8.72144 -5.4 -15.1719 -9.84355 -5.4 -14.4691 -9.56587 -5.4 -13.4441 -11.5746 -5.4 -13.2914 9.09156 -5.4 -14.953 13.6177 -5.4 10.9912 14.6374 -5.4 9.59146 2.32063 -5.4 16.336 -10.807 -5.4 -12.4683 2.20423 -6.58826 16.3521 2.09288 -6.55403 16.3667 2.3087 -6.58811 17.347 2.42524 -6.6 17.3311 2.32063 -6.6 16.336 2.19714 -6.55366 17.3615 1.99011 -6.49878 16.3795 2.09441 -6.49845 17.3742 1.89947 -6.424 16.3903 1.93063 -6.33337 17.3932 2.00432 -6.4243 17.3848 1.82529 -6.33241 16.3988 1.87576 -6.22953 17.3992 1.77052 -6.22846 16.4048 1.84148 -6.11711 17.4029 1.73663 -6.11618 16.4084 1.82961 -6.00041 17.4041 1.72506 -5.99959 16.4096 1.84118 -5.88382 17.4029 1.73693 -5.88289 16.4083 1.77121 -5.77046 16.4047 1.87507 -5.77154 17.3993 1.92984 -5.66759 17.3933 1.82608 -5.66662 16.3987 2.00402 -5.57601 17.3849 1.89977 -5.5757 16.3903 2.19745 -5.44597 17.3614 2.09258 -5.44634 16.3667 2.30882 -5.41174 17.347 2.20411 -5.41189 16.3521 2.32063 -5.4 16.336 2.42524 -5.4 17.3311 1.98986 -5.50154 16.3795 2.09467 -5.50122 17.3742 -10.807 -6.6 -12.4683 -9.56587 -6.6 -13.4441 -11.5746 -6.6 -13.2914 -9.84355 -6.6 -14.4691 -8.23719 -6.6 -14.2968 -8.73713 -6.6 -15.1629 -7.58207 -6.6 -15.7722 -6.8331 -6.6 -15.0186 -0.727535 -6.6 -16.484 -0.955431 -6.6 -17.4739 -2.29962 -6.6 -16.339 -2.47727 -6.6 -17.3238 0.851215 -6.6 -16.478 0.573704 -6.6 -17.4906 2.09846 -6.6 -17.3737 5.08837 -6.6 -16.7439 3.60719 -6.6 -17.1242 3.97095 -6.6 -16.015 2.42217 -6.6 -16.3212 6.5307 -6.6 -16.2358 5.48338 -6.6 -15.5622 8.73016 -6.6 -14.4705 7.65152 -6.6 -15.0687 8.34424 -6.6 -14.2346 10.9002 -6.6 -12.3869 11.548 -6.6 -13.1489 10.3349 -6.6 -14.1223 9.66649 -6.6 -13.3719 12.0342 -6.6 -11.2884 12.6699 -6.6 -12.0716 13.6917 -6.6 -10.8989 13.058 -6.6 -10.0866 13.9445 -6.6 -10.5729 14.4241 -6.6 -9.90473 13.9622 -6.6 -8.79243 14.651 -6.6 -9.56271 14.1886 -6.6 -10.2415 16.2468 -6.6 -4.57814 16.1463 -6.6 -4.91895 15.8807 -6.6 -4.47794 17.3227 -6.6 -2.39509 17.268 -6.6 -2.75368 16.236 -6.6 -2.93967 17.1363 -6.6 -3.46875 16.473 -6.6 -3.69194 17.4843 -6.6 -0.591323 17.4669 -6.6 -0.953623 16.4427 -6.6 -1.37449 17.4097 -6.6 -1.67577 17.3699 -6.6 -2.03579 17.4961 -6.6 0.135651 17.494 -6.6 -0.228151 16.4987 -6.6 0.203273 17.4561 -6.6 1.22843 17.4772 -6.6 0.864181 16.6569 -6.6 5.36638 17.1088 -6.6 3.67935 15.7656 -6.6 4.86784 16.1587 -6.6 3.33879 15.2282 -6.6 6.35232 16.4038 -6.6 1.77918 17.3903 -6.6 1.95568 17.4271 -6.6 1.59234 14.0959 -6.6 9.32291 14.7382 -6.6 8.27019 13.7413 -6.6 9.13376 11.7524 -6.6 11.5815 12.4647 -6.6 12.2834 12.8055 -6.6 10.4052 13.5942 -6.6 11.0203 10.7712 -6.6 12.4993 11.6664 -6.6 13.044 10.8217 -6.6 13.7528 9.7185 -6.6 13.3342 9.93408 -6.6 14.4071 8.60139 -6.6 14.0807 7.42725 -6.6 14.7338 8.0442 -6.6 15.5416 9.00702 -6.6 15.0041 -3.84373 -6.6 -16.4571 -3.85066 -6.6 -16.0444 2.32063 -6.6 16.336 2.42524 -6.6 17.3311 3.67759 -6.6 16.495 -4.97529 -6.6 -16.1511 3.80816 -6.6 17.0806 7.04944 -6.6 16.0173 3.64206 -6.6 16.093 16.3403 -6.6 -4.23533 4.98002 -6.6 16.7765 6.0267 -6.6 16.4295 4.80928 -6.6 16.2013 4.93933 -6.6 15.7433 6.20386 -6.6 15.2893 14.5963 -6.6 9.6539 16.039 -6.6 6.99995 14.5514 -6.6 7.77865 15.2614 -6.6 8.5638 17.2496 -6.6 2.81751 17.4906 -6.6 0.499842 17.442 -6.6 -1.31505 17.2059 -6.6 -3.11157 17.0592 -6.6 -3.82521 16.7215 -6.6 -5.09471 16.5962 -6.6 -5.48792 16.4621 -6.6 -5.87773 15.3801 -6.6 -5.97521 16.3192 -6.6 -6.26418 16.1677 -6.6 -6.64728 16.0073 -6.6 -7.02717 14.7386 -6.6 -7.41778 15.8383 -6.6 -7.40354 15.6608 -6.6 -7.77577 15.4752 -6.6 -8.14327 15.2814 -6.6 -8.50571 15.0795 -6.6 -8.86314 14.8694 -6.6 -9.21549 9.0401 -6.6 -14.9842 6.94561 -6.6 -14.9669 7.92317 -6.6 -15.6036 -3.98019 -6.6 -17.0414 -5.36644 -6.6 -15.6029 -5.15193 -6.6 -16.7245 -6.38477 -6.6 -16.2937 3.67759 -6.6 16.495 3.80816 -6.6 17.0806 3.58858 -7.47571 16.5146 3.66942 -7.87854 17.111 3.48625 -8.34989 16.5365 3.49125 -9.22253 17.1482 3.37155 -9.22253 16.5603 4.5732 -9.54174 16.8919 4.41778 -9.53897 16.3124 4.35974 -9.63401 16.328 4.61922 -9.4377 16.8794 4.46141 -9.43618 16.3005 4.658 -9.33031 16.8687 4.51212 -9.63704 16.9083 4.32403 -9.6764 16.3375 4.19213 -9.77563 16.3718 4.33792 -9.77732 16.9538 4.43264 -9.71676 16.9293 4.47472 -9.6792 16.9182 4.2837 -9.71427 16.3481 4.09073 -9.81803 16.3974 4.23404 -9.81879 16.98 3.98338 -9.84088 16.4238 3.87397 -9.8436 16.45 4.01339 -9.84373 17.0336 4.12464 -9.84099 17.0069 3.76592 -9.82504 16.475 3.90327 -9.82604 17.0591 3.79773 -9.78777 17.0829 3.66299 -9.78541 16.4982 3.70118 -9.72994 17.1041 3.56955 -9.72618 16.5187 3.58289 -9.60848 17.1293 3.618 -9.65358 17.1219 3.48996 -9.64882 16.5357 3.45681 -9.60348 16.5427 3.37879 -9.33553 16.5588 3.37155 -9.22253 16.5603 3.49125 -9.22253 17.1482 3.49893 -9.33755 17.1466 3.39499 -9.44747 16.5555 3.51639 -9.45131 17.1431 3.40939 -9.50198 16.5525 3.53197 -9.5065 17.1399 3.42965 -9.55418 16.5483 3.55383 -9.55912 17.1354 4.49829 -9.33031 16.2903 4.98002 -6.6 16.7765 4.80928 -6.6 16.2013 4.71943 -7.50918 16.2277 4.88669 -7.51184 16.8039 4.61579 -8.41928 16.2575 4.77932 -8.422 16.8347 4.49829 -9.33031 16.2903 4.658 -9.33031 16.8687 14.0959 -6.6 9.32291 14.5963 -6.6 9.6539 14.0772 -7.08068 9.35106 14.5765 -7.09292 9.68383 14.0235 -8.28884 9.43124 14.5214 -8.28884 9.76608 10.4661 -10.3287 -13.3638 9.82972 -10.2284 -13.9825 11.1493 -9.64385 -13.0392 9.65192 -10.6187 -13.9376 15.9712 -9.1675 6.6764 15.9519 -9.39762 6.56281 16.4032 -8.87923 5.57963 15.4707 -9.24389 7.85208 15.4878 -9.65268 7.56757 2.2993 -14.0954 16.8916 1.52719 -14.2679 16.978 3.79912 -13.9138 16.4896 1.53769 -14.1099 17.0947 3.98165 -14.6419 -13.5102 3.51271 -14.74 -13.515 2.88292 -14.601 -14.2995 5.41606 -14.5757 -12.5791 2.06079 -13.9205 -15.8233 1.51642 -13.7719 -16.1669 3.45871 -13.7991 -15.3908 1.17035 -14.1679 -15.8024 -0.218968 -14.0344 -16.2957 -1.43643 -12.782 -17.2418 -1.61082 -12.8805 -17.204 -2.5673 -12.992 -17.1217 -0.256715 -12.5258 -17.2933 -2.00055 -13.0929 -17.1096 -0.264482 -12.8637 -17.1576 -3.15432 -13.9154 -16.5645 -3.87345 -14.1098 -16.3356 -5.02345 -14.1629 -16.1069 -2.02145 -13.8306 -16.6597 -2.11156 -13.9218 -16.5849 2.89003 -14.4317 16.3392 3.01341 -14.4766 16.227 4.49879 -14.354 15.6683 1.50237 -14.5452 16.702 12.4272 -12.3035 -8.67414 12.2982 -12.7279 -7.99989 11.553 -12.5738 -9.65129 13.2715 -11.9205 -7.79304 13.1839 -12.5194 -6.63408 10.2279 -14.8443 -1.24294 9.41169 -14.9706 -0.693417 8.77079 -14.9747 -2.70754 10.9922 -14.7233 -0.16898 10.3693 -14.8818 0.606247 5.54112 -14.65 14.4365 5.19143 -14.7752 14.3466 6.65723 -14.6787 13.4291 4.43649 -14.5957 15.2974 3.10951 -14.7335 15.738 -4.51869 -14.5749 -15.7145 -4.84225 -14.671 -15.5091 -6.26309 -14.6518 -15.2139 -3.12006 -14.4497 -16.0109 -2.15421 -14.5856 -15.7888 5.85572 -11.8705 16.4763 5.46825 -12.133 16.5924 6.91884 -11.5615 16.0547 4.86479 -12.1242 16.8015 7.30918 -11.5518 15.8659 8.49075 -11.0401 15.2809 6.51647 -11.3349 16.2415 3.54356 -12.5721 17.1273 17.3097 -7.94641 1.605 17.2336 -8.2259 1.92353 17.3023 -8.20686 0.4855 17.2284 -7.78324 2.63999 14.3755 -12.0791 7.1709 14.4355 -12.2233 6.6448 14.8032 -11.9437 6.16322 13.756 -12.0889 8.66704 13.6814 -12.136 8.74826 15.107 -11.9858 4.78397 14.7472 -11.6314 7.04142 13.9119 -11.9502 8.55469 12.7675 -13.7189 6.70579 12.5334 -14.0038 5.89446 13.3961 -13.5742 4.99532 12.3 -13.6846 8.1607 11.7849 -14.0838 7.84873 6.41985 -9.57607 -16.2631 6.91046 -9.56617 -16.046 5.20614 -10.2058 -16.6685 7.7582 -9.04905 -15.6738 4.52387 -10.1256 -16.8948 5.11438 -9.60601 -16.7356 5.6656 -9.41553 -16.5571 3.22674 -10.565 -17.1885 3.42959 -10.1738 -17.1605 14.7403 -11.2734 7.66213 14.2455 -11.4621 8.54377 14.1254 -11.6728 8.5119 14.3588 -11.2478 8.57313 6.03492 -14.9113 -10.2005 6.62828 -14.8223 -10.0978 7.06024 -14.9442 -8.12973 3.87012 -14.9455 -12.2178 5.04018 -14.8077 -12.0172 9.95053 -11.2146 14.236 9.65926 -11.5803 14.3424 10.8386 -11.1964 13.475 9.06995 -11.4175 14.836 8.32102 -11.881 15.1994 2.81715 -13.246 17.1773 2.68776 -13.1964 17.2219 1.56011 -13.5799 17.3439 4.08993 -12.9167 16.9077 4.89587 -12.6184 16.7088 4.15145 -12.745 16.9326 4.6589 -12.9531 16.6933 5.99614 -12.4823 16.2901 11.0291 -9.36066 -13.2678 11.1528 -8.76139 -13.3324 11.8533 -9.1313 -12.5271 10.1258 -9.7492 -13.9319 9.59132 -9.37357 -14.4723 -5.33947 -13.3145 -16.5343 -5.65622 -13.4809 -16.3836 -6.31046 -13.4505 -16.1891 -4.26763 -13.1062 -16.8521 -4.10271 -13.3328 -16.8001 14.3493 -12.9918 3.53786 14.6967 -12.6458 3.7076 14.061 -13.0669 4.87491 14.4266 -13.0115 2.1567 14.8202 -12.6336 2.51862 15.1077 -12.2065 3.6858 14.4599 -12.4698 5.81253 15.2742 -12.1648 2.28646 15.5973 -7.8431 -7.535 15.6118 -7.9997 -7.4243 14.9825 -7.88507 -8.72303 16.1101 -7.69425 -6.41522 15.9282 -8.93529 -5.96436 16.3108 -8.79881 -4.98438 16.2337 -9.03271 -4.9629 15.4428 -8.90985 -7.18203 15.6329 -8.47392 -7.08469 -5.4737 -14.941 -14.7013 -5.67358 -14.9603 -14.5635 -6.93479 -14.9501 -14.2337 -3.76083 -14.9007 -15.0765 -3.68302 -14.9415 -14.9167 -6.34917 -14.9806 -14.253 -3.93078 -14.9908 -14.5799 -6.55862 -13.1476 -16.1841 -6.68486 -13.1161 -16.1413 -5.28932 -12.9771 -16.6381 -7.66576 -13.3045 -15.6834 -7.96357 -13.2205 -15.5564 -8.4913 -13.1914 -15.2854 -7.13927 -12.9654 -15.9717 -8.67583 -13.3116 -15.1633 -4.07861 -13.4425 -16.7551 -3.38339 -13.5377 -16.7992 -4.85033 -13.6893 -16.4832 -3.14843 -13.2843 -16.9513 -2.18146 -13.3048 -17.0033 1.13534 -13.5681 -16.464 0.266664 -13.8403 -16.4059 -0.981433 -13.7922 -16.6327 2.318 -13.4655 -16.2105 -2.25095 -14.8753 -15.1329 -0.283026 -14.8735 -14.7876 0.213201 -14.913 -14.4754 -1.63014 -14.9476 -14.7585 1.09762 -14.8249 -14.4977 -2.98104 -14.8001 -15.3835 -0.641467 -14.7932 -15.1307 -5.35195 -14.8764 -14.9579 16.9374 -8.04405 4.09531 16.8445 -7.83592 4.59602 16.3672 -8.25685 6.03484 17.1495 -7.44335 3.36366 16.6323 -8.53088 5.02308 16.8517 -8.59167 4.04328 6.58213 -14.5192 -11.6055 6.00095 -14.6893 -11.5839 7.77154 -14.4088 -10.5525 7.32966 -14.6646 -10.0463 -7.28603 -13.5953 -15.7608 -6.52127 -13.6282 -16.0434 -8.18338 -13.7955 -15.2549 -8.95841 -13.6494 -14.9003 -9.229 -13.572 -14.7673 -8.05425 -13.5214 -15.4355 -9.75791 -13.7654 -14.3432 17.1997 -8.52042 1.49148 17.0762 -9.04236 0.90309 17.138 -8.78438 -0.322541 17.0507 -8.71545 2.63561 16.8158 -9.01576 3.68834 16.762 -9.38154 3.33762 16.5197 -9.23374 4.80975 6.77868 -14.2274 -12.2676 12.8299 -12.332 10.0673 12.4358 -12.769 10.0745 13.2233 -12.583 8.91762 12.177 -12.3826 11.0343 11.6773 -12.8366 11.1647 -2.65113 -14.3678 -16.1245 -4.90429 -14.4911 -15.7715 -1.20471 -14.3151 -16.1052 -5.82126 -14.2968 -15.792 -5.95761 -14.1732 -15.8705 -4.58779 -14.2392 -16.1144 11.4813 -13.4952 -7.4765 11.9806 -13.1074 -7.64532 11.9828 -13.6174 -5.87995 10.3353 -13.7495 -8.83732 10.4778 -13.3667 -9.66773 10.1033 -13.0203 12.8977 10.3429 -13.2753 12.2979 10.9282 -12.8604 12.1326 9.14642 -13.1232 13.7468 9.3765 -13.4304 13.1616 13.0236 -13.9863 2.28955 13.4798 -13.716 2.1093 12.8861 -14.0031 3.91707 12.5265 -14.2201 0.900359 12.9191 -13.9483 -0.503244 10.859 -10.3952 13.6752 11.1125 -10.0248 13.5042 9.91471 -10.7289 14.3741 11.6917 -10.1621 12.9588 6.34403 -11.1075 -15.942 5.57795 -11.463 -16.1714 5.43472 -11.195 -16.3426 7.4074 -10.9454 -15.4105 3.66734 -12.7358 17.0751 2.84584 -13.0545 17.2183 2.67364 -12.9913 17.2669 1.56438 -13.3896 17.3914 4.8491 -12.4035 16.7719 5.29083 -12.4109 16.6092 6.69781 -12.1759 16.0434 6.50239 -12.0163 16.1776 8.05183 -14.5207 12.4851 8.2106 -14.6514 11.8587 9.06029 -14.4396 11.497 6.87935 -14.5668 13.544 -3.51562 -14.203 -16.2796 -0.975635 -13.9632 -16.4762 0.14671 -13.601 -16.6421 14.056 -9.5082 -9.38501 14.6259 -9.09862 -8.69242 14.6302 -9.42591 -8.42739 13.2628 -9.72282 -10.4629 13.6189 -9.04569 -10.3696 4.69808 -12.5204 -15.9974 4.65096 -12.7559 -15.847 3.58836 -12.6955 -16.3521 5.7902 -12.2815 -15.6042 14.0605 -8.52744 -9.9724 13.4114 -8.63757 -10.8571 14.7519 -8.31797 -8.93955 5.72654 -13.4426 -14.5396 5.03717 -13.392 -15.0367 6.49798 -13.0598 -14.46 4.87671 -13.6676 -14.7931 6.56761 -13.6844 15.2125 6.18175 -13.8667 15.2714 8.15232 -13.6875 13.9912 5.54991 -13.7394 15.7844 7.5342 -12.9863 -13.7393 7.81838 -12.5642 -13.98 9.2301 -12.4619 -12.7978 6.51972 -12.8668 -14.6519 -7.65638 -14.0763 -15.33 -7.76595 -14.1303 -15.2391 -8.76234 -14.145 -14.718 -6.66701 -14.0464 -15.7467 2.84074 -13.9012 16.8588 3.45043 -13.651 16.8089 1.54668 -13.9422 17.1946 3.96576 -13.7537 16.5438 4.64255 -13.5347 16.404 9.31699 -12.306 14.259 9.55227 -12.3878 14.0043 10.476 -12.18 13.2834 8.2865 -12.5893 14.8873 10.998 -14.7756 1.77697 10.4849 -14.8888 2.83519 11.6376 -14.5948 2.79852 10.5463 -14.8477 4.90223 15.1588 -11.2698 6.50331 15.4895 -11.3272 5.1758 15.1218 -10.861 7.26448 15.6512 -11.3009 -2.36535 15.4678 -11.2292 -3.45027 15.6057 -11.0235 -3.48283 15.3242 -11.4309 -3.41699 7.38731 -14.9468 11.237 7.09189 -14.9884 11.0456 8.6679 -14.9251 9.43767 6.01843 -14.9079 13.0883 4.10016 -14.9833 14.1343 -6.70626 -13.3768 -16.0706 -6.36538 -13.2764 -16.225 -5.6574 -13.288 -16.4528 -7.48827 -13.3599 -15.7512 9.75879 -14.7537 8.82157 10.0587 -14.8141 7.50471 10.5505 -14.6869 7.4026 8.66216 -14.7993 10.5146 3.33285 -14.8241 15.394 1.47317 -14.7632 16.3775 1.45734 -14.8471 16.2014 16.1243 -9.54945 5.90433 15.9672 -9.99897 5.90291 16.3734 -9.89015 4.47236 15.6933 -9.75926 6.96928 9.64817 -14.9838 4.37664 9.19453 -15 4.286 9.21385 -15 3.96388 9.74324 -14.9263 6.69321 -8.58896 -14.0767 -14.8676 -9.65395 -14.1111 -14.1904 -7.28526 -13.9322 -15.5882 -6.24685 -13.8796 -16.0011 13.3792 -8.34646 -11.01 12.5969 -8.54914 -11.9064 14.0914 -8.09829 -10.1006 7.51129 -13.9754 14.142 7.37376 -14.1327 14.0099 8.72044 -13.7756 13.3358 6.35278 -14.0132 14.9785 5.86891 -14.1893 15.068 14.4496 -7.12594 -9.81238 14.7946 -7.41334 -9.20402 13.7712 -7.81927 -10.6425 14.8694 -6.6 -9.21549 15.0795 -6.6 -8.86314 13.8319 -12.4485 7.80161 13.5 -12.8081 7.7849 13.6126 -12.1673 8.84136 13.5519 -12.1819 8.94301 -2.60875 -14.7048 -15.5888 -2.61037 -14.7494 -15.4937 -3.94015 -14.7016 -15.5637 -1.28821 -14.6588 -15.564 -0.94174 -14.7442 -15.3189 -0.0555764 -14.5161 -15.5982 0.753689 -14.6098 -15.1917 -9.02979 -14.2588 -14.4615 -7.86595 -14.2188 -15.1187 -8.17463 -13.9163 -15.1919 -9.51405 -14.4142 -13.9848 -8.31326 -14.6403 -14.3929 -8.21143 -14.6598 -14.4136 -9.34357 -14.6629 -13.7342 -7.25173 -14.5999 -14.9484 -7.98133 -14.7017 -14.4557 13.6195 -10.5714 10.4746 14.0994 -10.4657 9.77147 14.1687 -10.2544 9.78584 12.4901 -10.9967 11.7846 13.2184 -10.9414 10.8376 11.8805 -11.3451 12.3185 11.8438 -10.9884 12.5451 10.991 -11.4394 13.2202 11.1387 -14.6779 5.23518 4.11569 -14.2611 15.9935 2.40915 -14.3663 16.6038 5.36012 -14.0661 15.5513 4.17087 -14.1063 16.1428 8.54301 -10.6413 -14.794 11.3905 -10.074 -12.5748 10.3109 -10.7027 -13.2911 12.6864 -9.13434 -11.5734 15.5973 -11.7976 1.85152 15.3167 -11.9931 3.44723 15.241 -12.2278 0.999634 15.9529 -8.16717 -6.5307 16.5052 -8.08187 -5.03841 16.4465 -8.32344 -5.02235 13.5741 -13.5989 3.53103 14.0434 -13.2554 3.46451 13.9747 -13.3755 2.02671 9.39732 -14.1494 11.8589 9.42382 -14.2694 11.5139 10.3206 -14.0362 10.862 8.30389 -14.147 13.1116 7.41332 -14.39 13.476 12.4743 -11.0077 -10.4783 12.4807 -10.7296 -10.749 13.2863 -10.9172 -9.30594 11.5665 -11.1953 -11.5163 0.851929 -11.2613 -17.4698 0.991007 -11.3078 -17.4556 0.163586 -11.6106 -17.4761 2.06867 -10.9194 -17.3665 1.71091 -10.7255 -17.4159 2.28652 -10.5442 -17.3498 0.554702 -11.0777 -17.4909 -0.4041 -11.578 -17.4884 10.29 -13.4606 12.0824 11.27 -13.343 10.9462 10.1574 -12.4081 -11.8427 9.87893 -12.7746 -11.6479 11.0658 -12.2773 -10.8671 16.7484 -9.51679 -1.76815 16.579 -9.73773 -2.26766 16.405 -9.49292 -3.66896 16.7952 -9.74149 -0.253581 17.0326 -9.00044 -0.909011 17.1419 -8.48468 -1.40616 16.7018 -9.75813 2.7545 16.614 -10.1167 2.02174 16.9292 -9.46321 0.990956 16.2649 -10.2996 4.14059 16.9619 -9.28783 1.74673 16.2153 -10.6807 3.24187 15.9849 -11.0885 3.21118 16.2145 -10.9282 1.18197 15.9384 -10.8287 4.45627 12.9511 -12.8748 -6.17516 13.864 -12.7001 -4.28807 1.96597 -12.6979 -16.8641 1.94788 -12.8063 -16.807 0.795409 -12.9207 -16.9894 3.12864 -12.4332 -16.6735 3.1383 -12.6422 -16.5497 0.448267 -13.061 -16.9671 -0.285794 -13.0041 -17.0912 -1.15921 -13.2996 -16.9944 -1.74725 -13.5163 -16.8822 -3.09867 -13.5896 -16.7953 -0.328046 -13.3536 -16.8919 -0.0013791 -14.3414 -15.866 1.17584 -14.3268 -15.5692 9.13475 -14.5234 -7.75221 8.21588 -14.7406 -8.06978 10.0508 -14.4868 -5.93127 8.71411 -14.7854 -6.56156 -2.28994 -14.1188 -16.403 -2.37565 -14.1731 -16.3479 5.90159 -11.7017 -15.8972 5.45179 -11.9815 -15.9723 4.90772 -11.8117 -16.3148 7.30244 -11.306 -15.302 7.18687 -11.6577 -15.1751 -5.64038 -13.9812 -16.1098 2.26158 -13.3103 -16.3637 16.9526 -8.57448 -2.60613 16.7543 -9.08538 -2.78143 16.6555 -8.79579 -3.72772 -4.71255 -12.8198 -16.8204 -3.78448 -12.7711 -17.0293 -7.62952 -14.998 -13.5442 -8.12763 -15 -13.1832 -8.32782 -15 -13.066 -5.76526 -15 -14.1119 -3.6477 -14.6562 -15.6681 -4.80309 -14.8129 -15.2252 -6.06021 -14.7488 -15.0968 16.8658 -7.41525 4.63633 16.8941 -7.03457 4.56451 16.7732 -7.11676 4.99069 17.1917 -6.80439 3.26951 17.4001 -7.13615 1.67101 17.4772 -6.6 0.864181 17.4561 -6.6 1.22843 17.4289 -7.40061 0.769766 17.494 -6.6 -0.228151 9.7387 -11.674 14.2402 10.8607 -10.9265 13.5497 10.4885 -10.942 13.8718 12.0159 -10.7535 12.4555 13.7436 -13.5318 1.03148 13.5738 -13.5098 -1.01328 14.2506 -13.1366 0.498592 4.19113 -12.4646 -16.2596 17.0576 -8.2059 -2.57078 17.1981 -7.68517 -2.38151 17.34 -7.9051 -0.551477 16.8496 -8.0759 -3.77358 16.9012 -7.83258 -3.78591 12.5376 -13.9549 -2.39645 12.8186 -13.666 -3.29024 12.8773 -13.6476 -3.19362 11.704 -14.2244 -3.3201 12.7646 -13.6695 -3.45265 -9.82193 -13.3902 -14.4373 -0.15336 -12.2182 -17.38 1.00465 -11.939 -17.346 5.28433 -14.272 -13.4885 4.721 -14.1524 -14.1355 6.03385 -14.0184 -13.411 4.19783 -14.4296 -13.9161 6.57115 -13.6693 -13.5827 7.18661 -13.2622 -13.6738 8.41395 -13.0305 -12.8767 8.59697 -13.2906 -12.2852 14.896 -9.89153 8.68453 14.8239 -10.1246 8.67385 16.5577 -7.83813 -5.05255 8.94255 -11.14 14.9848 7.89714 -11.4794 15.5622 -4.39273 -14.3307 -16.0478 -3.63638 -14.3342 -16.1277 -5.99743 -14.4308 -15.5974 -0.603936 -11.4128 -17.4894 -0.0246298 -11.2476 -17.4997 -1.59769 -11.9967 -17.4121 -1.75993 -11.7266 -17.4112 7.12636 -12.1787 15.8169 7.44676 -11.8657 15.731 1.95781 -11.1622 -17.3593 1.09676 -11.5105 -17.4216 3.7658 -10.6526 -17.0533 2.84046 -11.1756 -17.195 1.51537 -14.4137 16.8466 2.42443 -14.2586 16.7092 11.1515 -11.9174 -11.2434 12.176 -11.7744 -9.97791 10.7318 -11.7853 -11.9218 14.8799 -12.5551 0.0518519 -1.50022 -14.9766 -14.5488 0.448323 -14.9739 -14.0204 -3.947 -15 -14.3655 -4.40392 -15 -14.3351 -1.4062 -14.9976 -14.2703 -2.58283 -15 -14.3306 -2.1341 -15 -14.2781 0.0174392 -15 -13.7333 3.4942 -13.1471 -16.0489 4.29179 -12.2376 -16.3532 4.54799 -14.3865 15.593 4.68979 -14.4809 15.3581 6.44761 -14.3881 14.3134 3.58097 -14.5755 15.8069 -5.90276 -14.8463 -14.9157 -7.18875 -14.8991 -14.3365 -8.53162 -13.422 -15.2172 3.00143 -14.2646 -14.931 2.10219 -14.4589 -14.9912 10.0984 -13.6209 12.0532 11.2544 -13.0693 11.4227 11.6897 -11.4989 -11.0331 13.1943 -11.2852 -8.98562 6.79107 -12.625 -14.6996 5.16526 -12.9744 -15.3934 2.08105 -14.1641 -15.4937 13.6609 -9.43888 10.8581 13.4746 -9.28964 11.1275 12.8701 -9.75644 11.7828 14.4252 -9.17233 9.8088 14.4583 -8.9524 9.80348 9.98194 -13.8827 11.7013 11.3963 -13.9413 9.28048 11.537 -13.5645 10.0578 -3.40807 -13.8066 -16.6266 -4.10199 -13.9436 -16.4459 -4.28956 -13.8509 -16.4855 -1.81671 -13.5981 -16.8291 -6.55201 -13.8056 -15.9428 -5.16825 -13.5598 -16.4781 -5.92105 -14.5617 -15.4485 -5.57176 -14.58 -15.5099 9.92693 -11.7884 14.0299 8.85537 -12.1569 14.7077 1.62252 -14.9464 -13.7041 2.2967 -15 -12.5572 4.53473 -15 13.3993 4.87493 -15 13.0992 1.40631 -14.9901 15.6341 2.63615 -15 14.7665 10.121 -14.0758 -8.04426 8.94478 -14.2967 -9.23951 8.67517 -14.0125 -10.6164 12.0719 -12.1242 -9.60611 12.1401 -10.0811 -11.712 11.6678 -10.473 -12.0055 16.1375 -10.9525 -0.524878 15.9224 -11.2057 -1.00813 16.1299 -10.7432 -1.73374 15.6368 -11.7503 0.627979 16.2854 -8.66283 6.08987 14.2264 -12.9062 -1.92068 15.7659 -9.47876 -5.80477 16.0612 -9.49312 -4.91483 15.966 -9.71965 -4.88788 16.1505 -9.26414 -4.93974 12.3024 -10.3535 12.2787 13.2173 -10.3748 11.1511 11.4554 -10.4784 13.1194 5.88417 -10.3933 -16.3737 6.37965 -10.4169 -16.146 4.35872 -10.9303 -16.8307 6.87716 -9.81216 -16.0294 7.65386 -9.82093 -15.625 12.7738 -13.2897 8.26979 13.3303 -13.449 6.04073 12.273 -13.1928 9.56288 6.78448 -10.5697 -15.9027 7.50121 -10.577 -15.5005 7.58333 -10.2019 -15.5722 5.21509 -10.9414 -16.516 3.54917 -11.5805 -16.9073 9.74282 -10.4401 14.5292 9.53743 -10.2658 14.6727 9.19544 -10.3899 14.8894 10.5091 -9.90769 13.9932 10.815 -9.79303 13.7581 12.4893 -9.56269 12.2364 11.9496 -9.358 12.785 12.2114 -9.25514 12.5351 13.3095 -8.81109 11.3626 14.4297 -10.4047 -7.80504 14.035 -10.779 -8.11339 13.8817 -10.2419 -9.03133 15.2285 -10.2429 -6.19857 14.8304 -10.855 -6.2315 10.1674 -13.7348 11.7561 12.4316 -13.0155 9.63372 12.9894 -11.9124 10.332 13.5166 -11.7806 9.57984 13.5635 -11.6774 9.61899 13.4739 -11.8814 9.53082 5.52288 -13.8893 -14.0358 11.302 -14.4973 -2.23851 11.8732 -14.4303 -0.431074 10.1808 -14.7606 -2.86048 9.71576 -13.1416 -11.2311 15.7573 -10.1653 -4.8281 15.6435 -10.3844 -4.79591 13.3485 -9.83384 11.1735 14.386 -9.39153 9.81086 16.381 -7.19245 -5.92779 16.6757 -7.09815 -5.08384 16.643 -7.34584 -5.07534 15.6946 -7.20506 -7.57588 16.1677 -6.6 -6.64728 2.66906 -11.8736 -17.0526 2.49533 -11.6785 -17.1552 4.3532 -11.6242 -16.6202 1.30492 -12.2928 -17.19 3.7922 -11.2102 -16.9412 11.2992 -11.6681 12.7723 12.6834 -11.4946 11.1939 14.0243 -10.6747 9.75386 10.2474 -11.9932 13.6299 -0.241185 -13.509 -16.7726 0.929676 -13.3243 -16.7061 17.1968 -7.0391 -2.95815 17.0161 -7.09635 -3.81375 17.041 -6.84874 -3.82011 17.4016 -7.20976 -1.22087 3.01747 -12.1184 -16.8617 3.19058 -12.2382 -16.7535 1.48836 -12.4609 -17.0877 -7.50605 -14.8418 -14.3719 15.3623 -11.8725 -1.38239 15.0164 -12.2597 -1.35525 14.861 -12.0101 -3.31153 8.96282 -11.5767 -13.9028 8.20312 -11.645 -14.4678 8.2784 -11.4502 -14.5433 8.14331 -11.7447 -14.4415 4.8062 -13.7029 16.2052 6.5819 -13.4441 15.4279 6.44668 -13.2003 15.6979 6.54151 -13.0118 15.7646 7.85282 -12.9472 14.9607 4.78915 -13.255 16.5055 7.36397 -12.4572 15.5714 5.62406 -12.8903 16.3074 5.41869 -14.8121 14.0475 6.83293 -14.8418 12.6251 3.1255 -14.9262 15.1484 2.93712 -12.9911 -16.3852 -8.24471 -14.4387 -14.7086 -7.99898 -14.4814 -14.779 -7.16137 -14.3994 -15.2426 10.0558 -14.5521 9.46397 9.50112 -11.0483 -13.8112 11.7013 -11.9244 12.1264 11.8418 -12.0969 11.7995 12.6935 -11.761 10.9458 17.3703 -7.85688 0.246121 1.48824 -14.6621 16.545 16.5781 -9.03086 -3.70956 16.4946 -9.26324 -3.68997 5.76125 -12.6422 -15.3447 7.4142 -12.1654 -14.6584 7.50916 -12.1685 -14.5867 16.2296 -10.3193 -2.60711 15.9851 -10.3848 -3.57058 16.0994 -10.1659 -3.59686 16.4317 -10.4382 -0.629192 15.8394 -8.30211 7.37061 15.5383 -8.91534 7.84953 -3.12138 -12.779 -17.1307 1.14066 -14.751 -14.7101 7.71195 -9.43606 -15.6591 7.91014 -13.4412 14.4824 11.1826 -14.2988 8.31844 11.8039 -14.3475 6.14795 16.4411 -7.79779 5.95015 16.499 -7.28901 5.83318 16.3461 -7.37896 6.24895 9.99331 -14.3327 10.4825 3.66158 -13.4297 -15.7134 11.2959 -8.34026 -13.2885 9.643 -9.07083 -14.5015 12.4669 -7.85297 -12.2146 14.2272 -11.2392 -6.99938 15.1309 -11.2268 -4.65 14.4371 -11.6348 -5.69887 14.8438 -11.6217 -4.56871 14.6928 -11.8125 -4.5261 14.9899 -11.4265 -4.60982 15.5924 -11.5278 3.97063 11.413 -7.86364 -13.2443 11.4971 -7.33687 -13.1925 11.8912 -7.19908 -12.8384 10.1701 -8.45142 -14.2055 10.2534 -7.77925 -14.1812 12.4096 -14.2611 3.70953 7.32921 -12.1423 -14.7378 7.58156 -10.9644 15.7724 7.23696 -11.0849 15.9335 15.0695 -9.17974 8.69693 15.1128 -8.93915 8.69438 7.32332 -15 10.1355 7.52792 -15 9.78766 3.64263 -13.3256 16.9084 2.64789 -13.6513 17.0646 2.60411 -13.4343 17.1689 1.55417 -13.7653 17.2779 8.37309 -13.1595 14.3859 9.27849 -12.915 13.8282 8.82294 -9.35928 -15.0115 8.8559 -9.14031 -15.0284 8.78631 -9.57717 -14.9888 8.74579 -9.79369 -14.9605 8.25585 -15 -2.12847 7.92316 -15 -3.0919 15.1776 -10.3051 7.76007 14.7446 -10.3555 8.65986 14.6583 -10.5836 8.64277 14.961 -9.65631 8.69192 15.0189 -9.41892 8.69608 13.9908 -12.8802 -3.11035 14.1741 -12.7165 -3.15198 7.61004 -12.1531 -14.525 9.19812 -11.972 -13.3531 14.947 -9.73673 -7.49069 15.8398 -10.6547 5.30636 -4.44029 -12.9664 -16.8546 -2.65909 -12.4458 -17.2566 7.82328 -14.9709 -5.66389 10.4294 -11.3686 -12.6721 13.5974 -7.40829 -10.9572 14.4241 -6.6 -9.90473 14.651 -6.6 -9.56271 16.0073 -6.6 -7.02717 15.4752 -6.6 -8.14327 10.672 -12.7106 12.6063 -0.554876 -12.0262 -17.436 16.6782 -10.0617 0.536836 -7.32443 -12.8376 -15.8933 -6.7943 -12.7692 -16.1271 -8.86445 -12.973 -15.0887 13.4432 -11.9749 9.46361 15.6608 -6.6 -7.77577 7.29406 -15 -5.11544 7.12226 -15 -5.65947 7.60819 -15 -4.07575 10.861 -14.1616 -6.01336 12.8777 -13.5137 -3.91163 12.8463 -13.5413 -3.87227 -9.14908 -14.8478 -13.4483 -8.93804 -14.9616 -13.1381 1.42378 -14.961 15.8283 1.44084 -14.9131 16.018 8.697 -15 -0.633359 8.55942 -15 -1.14132 9.11659 -15 1.53481 3.80861 -12.2554 17.0806 6.88193 -11.2084 16.09 13.6169 -12.9624 7.01876 12.4647 -9.15464 12.2833 8.85485 -13.7666 -11.0236 7.20829 -13.8921 -12.6043 17.3699 -6.6 -2.03579 17.4097 -6.6 -1.67577 16.9844 -7.34283 -3.806 -5.53742 -12.7885 -16.5904 -5.71229 -12.6003 -16.5414 -3.61318 -12.4927 -17.1051 -8.23467 -14.7656 -14.2004 15.175 -11.6283 -3.38332 3.83879 -13.9757 -14.9581 3.99577 -9.98563 -17.0375 2.85962 -10.3601 -17.2647 5.70457 -15 -8.89838 1.56695 -13.1964 17.4199 7.1695 -11.7618 -15.1206 -8.36006 -12.94 -15.3738 -9.84355 -13 -14.4691 13.7646 -11.2851 9.68246 15.1772 -8.45532 8.67955 15.1487 -8.69761 8.68858 16.6414 -7.2016 5.41367 17.269 -6.73332 2.83329 12.7776 -13.6717 -3.39685 12.7957 -13.6705 -3.34253 -1.28656 -12.4079 -17.3555 16.3817 -8.56245 -5.00427 8.88614 -8.92057 -15.0388 8.91041 -8.70017 -15.0448 12.6465 -6.94033 -12.0955 8.3501 -11.2523 -14.6138 8.41815 -11.0513 -14.679 16.3093 -9.71992 -3.64636 15.3979 -10.8136 -4.7265 15.2669 -11.0225 -4.68908 15.5236 -10.6007 -4.76215 8.48248 -10.8476 -14.7391 16.2075 -9.94424 -3.62222 16.6036 -7.5926 -5.06487 14.4652 -11.0299 8.59959 14.5651 -10.8086 8.62277 7.16132 -11.9117 -15.0251 7.16867 -11.9576 -14.9879 7.15982 -11.8632 -15.0596 16.9462 -7.58819 -3.79673 14.0577 -11.7694 8.51701 15.8646 -10.6009 -3.54305 9.03113 -15 5.61137 4.55757 -9.79621 -16.8958 13.6668 -11.4827 9.65253 16.7914 -8.31783 -3.75976 16.7266 -8.55799 -3.74446 7.76266 -15 -3.57832 9.03555 -15 0.969858 9.1777 -15 2.11647 9.22531 -15 3.64568 13.4564 -11.9297 9.49989 14.6966 -12.194 -3.27276 14.2321 -10.0413 9.79699 14.2894 -9.82642 9.80491 8.70119 -10.0086 -14.9269 8.65244 -10.2216 -14.8879 -6.21165 -15 -13.9927 -6.6521 -15 -13.8513 -3.47783 -12.1489 -17.1507 -2.90817 -12.0153 -17.2565 17.3352 -6.66517 2.39525 17.4271 -6.6 1.59234 0.423761 -15 -13.5729 10.1943 -10.0247 14.2242 12.7572 -13.6433 -3.62217 12.7543 -13.6553 -3.56596 15.2814 -6.6 -8.50571 6.62927 -15 11.1636 6.87407 -15 10.824 -4.60514 -12.3922 -16.883 -5.16154 -12.5009 -16.7214 7.9122 -12.0091 -14.4146 7.95794 -11.9719 -14.4094 12.9507 -13.6173 -3.11065 15.8647 -9.94371 -4.85886 7.37025 -12.1564 -14.6973 6.71865 -15 -6.797 6.93251 -15 -6.22011 13.8729 -11.9904 8.57517 12.7568 -13.6641 -3.50924 4.65068 -15 -10.4035 4.40234 -15 -10.6957 4.88612 -15 -10.1074 9.16697 -15 4.61199 -3.49042 -15 -14.3747 -3.03532 -15 -14.3629 14.04 -12.5315 -4.33791 14.2107 -12.3584 -4.38692 13.8034 -13.0386 -3.06692 13.5017 -12.1782 9.05112 13.6119 -13.1917 -3.02156 13.4163 -13.3393 -2.97413 12.9502 -13.4541 -3.97741 13.0303 -13.3909 -4.02888 8.80812 -15 6.63721 8.89272 -15 6.29279 13.8569 -11.0846 9.70916 2.63586 -15 -12.3172 2.96258 -15 -12.0671 7.7129 -12.1208 -14.4747 7.81464 -12.0725 -14.4375 13.4974 -13.0233 -4.1837 13.3074 -13.1772 -4.12909 13.1133 -13.3256 -4.07337 13.683 -12.8641 -4.23682 14.3763 -12.1809 -4.43484 8.0774 -11.8414 -14.4195 8.00072 -11.9312 -14.4088 14.537 -11.9989 -4.48144 15.8383 -6.6 -7.40354 16.7019 -6.84954 -5.09031 16.4621 -6.6 -5.87773 16.5962 -6.6 -5.48792 16.7215 -6.6 -5.09471 16.3192 -6.6 -6.26418 13.6917 -6.6 -10.8989 13.9445 -6.6 -10.5729 13.3555 -6.70656 -11.3083 14.1886 -6.6 -10.2415 12.2745 -7.06678 -12.4727 8.92273 -8.479 -15.05 9.37662 -8.09452 -14.7759 9.8195 -7.93511 -14.4852 10.6778 -7.62733 -13.8642 11.0925 -7.47975 -13.5345 13.007 -6.82013 -11.7073 8.59969 -10.4325 -14.8436 4.14085 -15 -10.983 3.86599 -15 -11.2648 3.57785 -15 -11.54 3.27664 -15 -11.8077 12.8191 -13.5667 -3.82849 12.7786 -13.6103 -3.73019 7.18208 -11.9998 -14.9484 7.20176 -12.0377 -14.9071 8.92509 -8.25712 -15.0529 7.2797 -8.84745 -15.9139 7.80254 -8.66088 -15.6642 6.74886 -9.03575 -16.1461 6.21063 -9.22528 -16.3605 1.13343 -10.9035 -17.4629 -9.35914 -12.9932 -14.787 -2.33533 -11.8744 -17.3433 -8.52485 -15 -12.9434 -8.71857 -15 -12.8155 -7.92446 -15 -13.295 -7.50984 -15 -13.5023 -7.08527 -15 -13.6878 -5.31426 -15 -14.2086 -4.86005 -15 -14.2829 1.58186 -15 -13.003 1.94529 -15 -12.786 -1.69025 -15 -14.206 -1.2524 -15 -14.1147 -0.821355 -15 -14.0049 -0.397838 -15 -13.8775 0.820414 -15 -13.3972 1.20668 -15 -13.207 7.22714 -12.0708 -14.8648 7.2572 -12.0994 -14.8221 5.10896 -15 -9.80802 5.31946 -15 -9.50622 6.47523 -15 -7.38723 6.34088 -15 -7.68627 5.51791 -15 -9.20275 6.04375 -15 -8.29003 5.87972 -15 -8.59389 6.60095 -15 -7.09066 8.41194 -15 -1.63905 8.82337 -15 -0.113259 8.937 -15 0.420782 9.19998 -15 2.41382 13.0357 -13.5761 -3.04499 9.21625 -15 2.71549 9.22614 -15 3.02141 9.22929 -15 3.3315 13.0815 -13.5518 -3.0202 9.1308 -15 4.94171 9.08564 -15 5.27493 13.1286 -13.5252 -3.0013 13.2251 -13.4668 -2.97926 8.96694 -15 5.95075 13.4502 -12.1368 9.21766 13.4639 -12.1553 9.16241 8.7128 -15 6.98373 8.60641 -15 7.33209 8.48859 -15 7.68195 8.35909 -15 8.03288 8.21765 -15 8.38443 8.06405 -15 8.73613 7.71942 -15 9.43821 7.89805 -15 9.08755 7.10541 -15 10.4811 6.37095 -15 11.4993 5.81357 -15 12.1567 6.09907 -15 11.8305 5.51441 -15 12.4773 5.20154 -15 12.7916 3.43436 -15 14.2488 3.81426 -15 13.9747 1.38862 -15 15.4375 1.8088 -15 15.2288 2.2182 -15 15.009 4.18111 -15 13.6914 13.4343 -12.0859 9.32414 13.4403 -12.1137 9.27178 13.4325 -12.0536 9.37411 13.4353 -12.0165 9.42118 13.9434 -10.8811 9.73299 2.07059 -12.8338 17.3771 2.99426 -12.5273 17.242 2.54608 -12.6762 17.3139 3.41509 -12.3871 17.1635 4.17503 -12.1323 16.9948 6.14055 -11.4643 16.3873 5.55709 -11.664 16.5942 4.51459 -12.0179 16.9077 4.82751 -11.9121 16.821 8.933 -10.4845 15.0483 9.87037 -10.1441 14.4508 11.6791 -9.46322 13.0326 11.3999 -9.57079 13.2775 11.1119 -9.68073 13.5195 12.7562 -9.03761 11.9803 13.0378 -8.92309 11.6733 13.5713 -8.70161 11.0485 14.5061 -8.51062 9.78243 13.8233 -8.59464 10.7315 14.2983 -8.38826 10.09 14.5214 -8.28884 9.76608 14.0656 -8.49019 10.4119 14.4852 -8.73182 9.79479 14.3407 -9.60969 9.80955 1.56782 -12.9999 17.4296 13.3213 -13.4042 -2.97303 14.3531 -12.5474 -3.19269 14.5273 -12.3732 -3.23305 15.0205 -11.8214 -3.34844 15.738 -10.8139 -3.51378 13.8336 -12.027 8.60102 13.9872 -11.8626 8.52848 15.1984 -8.2123 8.66694 15.4266 -7.86466 8.26258 15.2125 -7.9686 8.65042 15.8249 -7.66341 7.47123 15.6307 -7.76291 7.86943 16.0089 -7.56622 7.06824 16.1827 -7.47138 6.66072 17.3903 -6.6 1.95568 17.1034 -6.87833 3.70364 17.0042 -6.95507 4.1354 17.4961 -6.6 0.135651 17.4843 -6.6 -0.591323 17.3227 -6.6 -2.39509 17.2059 -6.6 -3.11157 17.1363 -6.6 -3.46875 17.0592 -6.6 -3.82521 -7.84653 -12.8947 -15.6421 -4.0437 -12.2747 -17.0262 17.268 -6.6 -2.75368 -6.25674 -12.6899 -16.3433 17.442 -6.6 -1.31505 17.4669 -6.6 -0.953623 17.4906 -6.6 0.499842 -1.18258 -11.5726 -17.4599 3.0416 -15 14.5129 6.19726 -15 -7.98734 1.05909 -7.5 11.7741 1.05909 -15 11.7741 1.38862 -15 15.4375 1.56782 -12.9999 17.4296 1.56782 -7.5 17.4296 1.40631 -14.9901 15.6341 1.42378 -14.961 15.8283 1.48824 -14.6621 16.545 1.56011 -13.5799 17.3439 1.56438 -13.3896 17.3914 1.52719 -14.2679 16.978 1.55417 -13.7653 17.2779 1.53769 -14.1099 17.0947 1.54668 -13.9422 17.1946 1.56695 -13.1964 17.4199 1.50237 -14.5452 16.702 1.47317 -14.7632 16.3775 1.44084 -14.9131 16.018 1.45734 -14.8471 16.2014 1.51537 -14.4137 16.8466 -4.40805 7.5 17.9672 -4.40805 -7.5 17.9672 4.34816 8.39854 16.3311 4.50254 8.39854 16.9109 4.30793 8.50252 16.3417 4.46037 8.50369 16.922 4.26067 8.60319 16.3541 4.41085 8.60512 16.935 4.19866 8.69492 16.3701 4.34596 8.69689 16.9518 4.30667 8.7368 16.9618 4.16101 8.73498 16.3797 4.11885 8.77013 16.3904 4.2628 8.77173 16.9729 4.02427 8.82512 16.4138 4.1658 8.82548 16.9969 3.92097 8.86032 16.4388 4.06062 8.85967 17.0224 3.95087 8.87529 17.0482 3.81299 8.87557 16.4642 3.84017 8.87123 17.0735 3.70441 8.87068 16.489 3.73165 8.84707 17.0975 3.59846 8.8453 16.5124 3.62904 8.8034 17.1196 3.49841 8.8002 16.5339 3.53526 8.74144 17.1392 3.40836 8.73693 16.5527 3.4551 8.66239 17.1555 3.33243 8.65701 16.5682 3.42229 8.61649 17.1621 3.23102 8.34366 16.5883 3.34079 8.23163 17.1782 3.22625 8.23163 16.5892 3.34584 8.34553 17.1772 3.24447 8.45489 16.5856 3.36038 8.45852 17.1743 3.25733 8.5092 16.5831 3.37485 8.51375 17.1715 3.27585 8.56132 16.5795 3.39552 8.56667 17.1674 3.30114 8.61092 16.5745 2.6484 15 6.44709 2.6484 7.5 6.44709 2.17901 15 7.11108 2.17901 7.5 7.11108 1.78426 15 7.82198 1.78426 7.5 7.82198 1.46879 15 8.57144 1.46879 7.5 8.57144 1.23631 15 9.35064 1.08956 15 10.1504 1.23631 7.5 9.35064 1.08956 7.5 10.1504 1.03025 7.5 10.9614 1.03025 15 10.9614 -12.3665 7.5 -3.83355 -7.05829 7.5 1.4744 -10.3851 7.5 -4.99981 -9.46577 7.5 -5.62388 -6.05064 7.5 -6.76435 -6.89101 7.5 -7.18992 -9.68016 7.5 -5.29788 -9.39246 7.5 -6.00711 -7.67141 7.5 -7.71747 -9.47138 7.5 -6.38923 -9.69052 7.5 -6.71205 -8.37953 7.5 -8.33868 -10.0165 7.5 -6.92644 -10.7819 7.5 -6.92084 -12.633 7.5 -12.5714 -11.1047 7.5 -6.70169 -10.3998 7.5 -6.99976 -17.6746 7.5 -9.14149 -11.3924 7.5 -5.99246 -11.3191 7.5 -6.37569 -11.3135 7.5 -5.61034 -11.0943 7.5 -5.28752 -10.003 7.5 -5.07873 -10.7683 7.5 -5.07313 -0.95031 7.5 12.2282 1.05909 7.5 11.7741 -0.876996 7.5 11.845 -1.1647 7.5 12.5542 -0.955918 7.5 11.4629 1.03025 7.5 10.9614 -1.17506 7.5 11.14 1.23631 7.5 9.35064 -1.50106 7.5 10.9256 1.08956 7.5 10.1504 -2.26641 7.5 10.9312 -5.61386 7.5 4.56206 -2.58924 7.5 11.1504 -1.88429 7.5 10.8523 -2.80363 7.5 11.4764 1.46879 7.5 8.57144 -2.79802 7.5 12.2417 -4.40805 7.5 17.9672 -2.57888 7.5 12.5646 -2.87694 7.5 11.8596 -2.25287 7.5 12.779 -1.86964 7.5 12.8523 1.56782 7.5 17.4296 -1.48753 7.5 12.7733 -2.50655 7.5 -1.64839 -4.24374 7.5 -6.24432 -5.16355 7.5 -6.44749 -2.1368 7.5 -2.10572 -2.77997 7.5 -1.12771 -2.94656 7.5 -0.5637 -2.99992 7.5 0.0219779 -6.49979 7.5 2.13956 -2.93799 7.5 0.606811 -2.76315 7.5 1.16832 -2.48213 7.5 1.68494 -6.06482 7.5 2.89133 -5.76651 7.5 3.70704 -2.10572 7.5 2.1368 -1.64839 7.5 2.50655 -1.12771 7.5 2.77997 2.6484 7.5 6.44709 0.0219779 7.5 2.99992 2.17901 7.5 7.11108 -0.5637 7.5 2.94656 3.18692 7.5 5.83782 0.606811 7.5 2.93799 1.16832 7.5 2.76315 3.95986 7.5 5.15456 1.68494 7.5 2.48213 2.1368 7.5 2.10572 1.78426 7.5 7.82198 2.50655 7.5 1.64839 5.96699 7.5 2.57779 2.77997 7.5 1.12771 5.44729 7.5 3.5464 6.31604 7.5 1.53546 2.94656 7.5 0.5637 6.48446 7.5 0.449214 6.46743 7.5 -0.649878 6.26544 7.5 -1.73038 2.93799 7.5 -0.606811 2.99992 7.5 -0.0219779 5.88427 7.5 -2.7614 2.76315 7.5 -1.16832 5.33482 7.5 -3.71345 2.48213 7.5 -1.68494 4.63279 7.5 -4.5593 2.10572 7.5 -2.1368 3.79828 7.5 -5.27476 1.64839 7.5 -2.50655 2.85514 7.5 -5.83936 1.83035 7.5 -6.23697 0.753208 7.5 -6.45621 0.5637 7.5 -2.94656 1.12771 7.5 -2.77997 -0.345472 7.5 -6.49081 -0.0219779 7.5 -2.99992 -1.43427 7.5 -6.33978 -0.606811 7.5 -2.93799 4.77181 7.5 4.41359 -3.30571 7.5 -6.15805 -1.68494 7.5 -2.48213 -2.36428 7.5 -6.19004 -1.16832 7.5 -2.76315 4.77181 15 4.41359 4.77181 7.5 4.41359 5.44729 15 3.5464 5.44729 7.5 3.5464 5.96699 15 2.57779 5.96699 7.5 2.57779 6.31604 15 1.53546 6.31604 7.5 1.53546 6.48446 15 0.449214 6.48446 7.5 0.449214 6.46743 15 -0.649878 6.46743 7.5 -0.649878 6.26544 15 -1.73038 6.26544 7.5 -1.73038 5.88427 15 -2.7614 5.88427 7.5 -2.7614 -0.345472 7.5 -6.49081 -1.43427 15 -6.33978 -1.43427 7.5 -6.33978 -0.345472 15 -6.49081 0.753208 7.5 -6.45621 0.753208 15 -6.45621 1.83035 7.5 -6.23697 1.83035 15 -6.23697 2.85514 7.5 -5.83936 2.85514 15 -5.83936 3.79828 7.5 -5.27476 3.79828 15 -5.27476 4.63279 7.5 -4.5593 4.63279 15 -4.5593 5.33482 7.5 -3.71345 5.33482 15 -3.71345 -2.36428 7.5 -6.19004 -2.36428 15 -6.19004 -3.30571 7.5 -6.15805 -3.30571 15 -6.15805 -4.24374 7.5 -6.24432 -4.24374 15 -6.24432 -5.16355 7.5 -6.44749 -5.16355 15 -6.44749 -6.05064 7.5 -6.76435 -7.67141 15 -7.71747 -8.37953 15 -8.33868 -8.37953 7.5 -8.33868 -7.67141 7.5 -7.71747 -6.89101 15 -7.18992 -6.89101 7.5 -7.18992 -6.05064 15 -6.76435 -11.1892 15 -11.1347 -12.633 13 -12.5714 -12.633 7.5 -12.5714 -11.2753 14.9964 -11.2203 -11.363 14.9855 -11.3076 -11.4519 14.9666 -11.3961 -11.5416 14.9395 -11.4853 -11.6313 14.9039 -11.5746 -11.7207 14.8596 -11.6635 -11.8089 14.8064 -11.7513 -11.8953 14.7445 -11.8373 -11.9793 14.674 -11.9209 -12.0601 14.5951 -12.0013 -12.1373 14.5084 -12.0781 -12.2101 14.4142 -12.1506 -12.2781 14.3133 -12.2182 -12.3407 14.2065 -12.2806 -12.3976 14.0944 -12.3372 -12.4486 13.9781 -12.3879 -12.4932 13.8584 -12.4323 -12.5316 13.7362 -12.4705 -12.5636 13.6125 -12.5024 -12.5893 13.4881 -12.528 -12.6089 13.3639 -12.5474 -12.6225 13.2407 -12.561 -12.6304 13.1192 -12.5688 -5.41352 8.67316 -16.0095 -5.60571 8.67316 -16.5779 -5.40631 8.78751 -16.0119 -5.59807 8.78963 -16.5805 -5.3906 8.90085 -16.0172 -5.3763 8.95629 -16.022 -5.5811 8.90496 -16.5862 -5.56603 8.96109 -16.5912 -5.3563 9.00954 -16.0287 -5.54495 9.0146 -16.5983 -5.33049 9.05972 -16.0373 -5.51687 9.06486 -16.6077 -5.48273 9.111 -16.619 -5.29879 9.10595 -16.0478 -5.44396 9.15242 -16.6317 -5.26182 9.14782 -16.06 -5.40118 9.18923 -16.6456 -5.22068 9.18531 -16.0734 -5.30583 9.24846 -16.6762 -5.12841 9.24624 -16.1031 -5.20113 9.2875 -16.7092 -5.02662 9.28664 -16.1351 -5.09154 9.30518 -16.7429 -4.91873 9.30507 -16.1684 -4.80886 9.30155 -16.2013 -4.98049 9.30166 -16.7763 -4.871 9.27806 -16.8084 -4.7015 9.27723 -16.2328 -4.76688 9.23466 -16.8382 -4.67195 9.17177 -16.8648 -4.60035 9.23293 -16.2618 -4.50908 9.16949 -16.2874 -4.33259 8.8841 -16.3352 -4.44904 8.77557 -16.925 -4.2965 8.77557 -16.3447 -4.48684 8.88531 -16.915 -4.3755 8.98934 -16.3238 -4.53206 8.9918 -16.903 -4.43318 9.08681 -16.3082 -4.59263 9.08958 -16.8866 -4.46883 9.13048 -16.2985 -4.62988 9.13298 -16.8764 7.79697 8.56402 -14.994 7.30692 9.04474 -15.2296 8.44924 8.6748 -14.6239 7.35605 8.72723 -15.215 8.17888 8.42167 -14.7891 7.25102 9.36124 -15.2292 8.38727 9.04798 -14.6227 8.31343 9.41915 -14.6038 7.1876 9.67593 -15.2144 7.11594 9.988 -15.1856 7.03595 10.296 -15.1429 8.22638 9.78654 -14.568 8.12782 10.1487 -14.5144 8.01723 10.5046 -14.4435 6.94817 10.599 -15.0865 6.85286 10.8967 -15.016 6.75024 11.1891 -14.9316 7.89564 10.8526 -14.3556 7.70256 11.2865 -14.2334 7.76179 11.192 -14.2519 6.72675 11.4389 -14.8015 6.72383 11.3913 -14.8324 6.73238 11.2918 -14.8855 6.73653 11.4832 -14.7674 6.75382 11.5229 -14.7308 7.63749 11.3776 -14.2195 6.77733 11.5577 -14.6927 6.80552 11.5878 -14.654 6.83771 11.6132 -14.6154 7.56147 11.4612 -14.2166 7.38064 11.5887 -14.2559 7.47463 11.5323 -14.2289 6.91223 11.6502 -14.5394 7.28322 11.631 -14.2948 6.99725 11.6697 -14.4673 7.08911 11.6721 -14.4017 7.18513 11.6589 -14.344 8.50368 8.30019 -14.6047 -6.27085 0.6 -16.3379 -5.03233 1.80152 -16.7608 -4.996 0.6 -16.7717 -6.45981 5.4 -16.2641 -5.16222 4.20165 -16.7213 -7.50857 0.6 -15.8073 -5.08823 3.00205 -16.744 -7.63049 5.4 -15.7488 -8.76042 5.4 -15.1494 -8.70182 0.6 -15.1832 -5.25461 5.4 -16.6925 -12.3665 -7.5 -3.83355 -12.3665 7.5 -3.83355 -17.6746 -7.5 -9.14149 -17.6746 7.5 -9.14149 -7.05829 -7.5 1.4744 -7.05829 7.5 1.4744 -12.3665 -7.5 -3.83355 -10.3851 -7.5 -4.99981 -7.05829 -7.5 1.4744 -11.3191 -7.5 -6.37569 -11.3924 -7.5 -5.99246 -17.6746 -7.5 -9.14149 -11.1047 -7.5 -6.70169 -11.3135 -7.5 -5.61034 -11.0943 -7.5 -5.28752 -10.003 -7.5 -5.07873 -10.7683 -7.5 -5.07313 -9.68016 -7.5 -5.29788 -2.77997 -7.5 -1.12771 -5.16355 -7.5 -6.44749 -6.05064 -7.5 -6.76435 -7.67141 -7.5 -7.71747 -6.89101 -7.5 -7.18992 -9.39246 -7.5 -6.00711 -9.46577 -7.5 -5.62388 -9.47138 -7.5 -6.38923 -8.37953 -7.5 -8.33868 -9.69052 -7.5 -6.71205 -10.0165 -7.5 -6.92644 -10.7819 -7.5 -6.92084 -12.633 -7.5 -12.5714 -10.3998 -7.5 -6.99976 -2.80363 -7.5 11.4764 -2.87694 -7.5 11.8596 -5.61386 -7.5 4.56206 -2.58924 -7.5 11.1504 -2.79802 -7.5 12.2417 -2.57888 -7.5 12.5646 -4.40805 -7.5 17.9672 -2.25287 -7.5 12.779 -1.86964 -7.5 12.8523 1.56782 -7.5 17.4296 -1.48753 -7.5 12.7733 -0.95031 -7.5 12.2282 1.05909 -7.5 11.7741 -1.1647 -7.5 12.5542 -0.955918 -7.5 11.4629 1.03025 -7.5 10.9614 -0.876996 -7.5 11.845 -1.50106 -7.5 10.9256 1.08956 -7.5 10.1504 -1.17506 -7.5 11.14 1.23631 -7.5 9.35064 -2.26641 -7.5 10.9312 -1.88429 -7.5 10.8523 2.50655 -7.5 1.64839 5.96699 -7.5 2.57779 5.44729 -7.5 3.5464 4.77181 -7.5 4.41359 2.1368 -7.5 2.10572 2.77997 -7.5 1.12771 6.31604 -7.5 1.53546 2.94656 -7.5 0.5637 2.99992 -7.5 -0.0219779 6.48446 -7.5 0.449214 6.46743 -7.5 -0.649878 2.93799 -7.5 -0.606811 6.26544 -7.5 -1.73038 2.76315 -7.5 -1.16832 2.48213 -7.5 -1.68494 5.88427 -7.5 -2.7614 4.63279 -7.5 -4.5593 5.33482 -7.5 -3.71345 2.10572 -7.5 -2.1368 1.64839 -7.5 -2.50655 2.85514 -7.5 -5.83936 3.79828 -7.5 -5.27476 1.83035 -7.5 -6.23697 0.5637 -7.5 -2.94656 0.753208 -7.5 -6.45621 1.12771 -7.5 -2.77997 -0.0219779 -7.5 -2.99992 -0.345472 -7.5 -6.49081 -0.606811 -7.5 -2.93799 -1.43427 -7.5 -6.33978 -1.16832 -7.5 -2.76315 -2.36428 -7.5 -6.19004 -1.68494 -7.5 -2.48213 -2.1368 -7.5 -2.10572 -3.30571 -7.5 -6.15805 -2.50655 -7.5 -1.64839 -4.24374 -7.5 -6.24432 -2.94656 -7.5 -0.5637 -2.93799 -7.5 0.606811 -6.49979 -7.5 2.13956 -2.99992 -7.5 0.0219779 -2.76315 -7.5 1.16832 -6.06482 -7.5 2.89133 -2.48213 -7.5 1.68494 -5.76651 -7.5 3.70704 -1.64839 -7.5 2.50655 -1.12771 -7.5 2.77997 -2.10572 -7.5 2.1368 1.46879 -7.5 8.57144 2.6484 -7.5 6.44709 2.17901 -7.5 7.11108 0.0219779 -7.5 2.99992 -0.5637 -7.5 2.94656 3.18692 -7.5 5.83782 0.606811 -7.5 2.93799 1.16832 -7.5 2.76315 1.78426 -7.5 7.82198 1.68494 -7.5 2.48213 3.95986 -7.5 5.15456 -12.633 -7.5 -12.5714 -12.633 -13 -12.5714 -8.37953 -7.5 -8.33868 -11.1892 -15 -11.1347 -8.37953 -15 -8.33868 -11.2753 -14.9964 -11.2203 -11.363 -14.9855 -11.3076 -11.4519 -14.9666 -11.3961 -11.5416 -14.9395 -11.4853 -11.6313 -14.9039 -11.5746 -11.8089 -14.8064 -11.7513 -11.7207 -14.8596 -11.6635 -11.8953 -14.7445 -11.8373 -11.9793 -14.674 -11.9209 -12.0601 -14.5951 -12.0013 -12.1373 -14.5084 -12.0781 -12.2101 -14.4142 -12.1506 -12.2781 -14.3133 -12.2182 -12.3407 -14.2065 -12.2806 -12.3976 -14.0944 -12.3372 -12.4932 -13.8584 -12.4323 -12.4486 -13.9781 -12.3879 -12.5316 -13.7362 -12.4705 -12.5636 -13.6125 -12.5024 -12.5893 -13.4881 -12.528 -12.6089 -13.3639 -12.5474 -12.6225 -13.2407 -12.561 -12.6304 -13.1192 -12.5688 -8.71857 -15 -12.8155 -11.1892 -15 -11.1347 -11.2753 -14.9964 -11.2203 -11.363 -14.9855 -11.3076 -11.4519 -14.9666 -11.3961 -11.5416 -14.9395 -11.4853 -11.6313 -14.9039 -11.5746 -12.6304 -13.1192 -12.5688 -12.6225 -13.2407 -12.561 -12.6089 -13.3639 -12.5474 -12.5893 -13.4881 -12.528 -12.5636 -13.6125 -12.5024 -12.5316 -13.7362 -12.4705 -12.4932 -13.8584 -12.4323 -12.4486 -13.9781 -12.3879 -12.3976 -14.0944 -12.3372 -12.3407 -14.2065 -12.2806 -12.2781 -14.3133 -12.2182 -12.2101 -14.4142 -12.1506 -12.1373 -14.5084 -12.0781 -12.0601 -14.5951 -12.0013 -11.9793 -14.674 -11.9209 -11.8953 -14.7445 -11.8373 -11.8089 -14.8064 -11.7513 -11.7207 -14.8596 -11.6635 6.5307 -6.6 -16.2358 6.74886 -9.03575 -16.1461 6.21063 -9.22528 -16.3605 7.92317 -6.6 -15.6036 7.2797 -8.84745 -15.9139 5.08837 -6.6 -16.7439 5.6656 -9.41553 -16.5571 4.55757 -9.79621 -16.8958 5.11438 -9.60601 -16.7356 3.99577 -9.98563 -17.0375 3.60719 -6.6 -17.1242 3.42959 -10.1738 -17.1605 2.85962 -10.3601 -17.2647 2.28652 -10.5442 -17.3498 2.09846 -6.6 -17.3737 1.71091 -10.7255 -17.4159 -0.955431 -6.6 -17.4739 -0.0246298 -11.2476 -17.4997 -0.603936 -11.4128 -17.4894 -2.47727 -6.6 -17.3238 -2.90817 -12.0153 -17.2565 -4.03248 -7.34824 -17.0291 -3.47783 -12.1489 -17.1507 -4.09136 -8.09595 -17.015 -4.22668 -9.58982 -16.9819 -4.0437 -12.2747 -17.0262 -4.30298 -9.80986 -16.9627 -4.26126 -9.70148 -16.9733 -4.35999 -9.91061 -16.9482 -4.39545 -9.95608 -16.939 -4.60514 -12.3922 -16.883 -4.43553 -9.99706 -16.9286 -4.52669 -10.0651 -16.9044 -4.62834 -10.115 -16.8768 -4.84912 -10.1565 -16.8148 -4.73699 -10.1457 -16.8467 -5.16154 -12.5009 -16.7214 -4.96105 -10.1454 -16.782 -5.06846 -10.1121 -16.7499 -5.25204 -9.98321 -16.6933 -5.21144 -10.0229 -16.706 -5.28815 -9.93854 -16.6819 -5.31832 -9.88935 -16.6723 -5.35862 -9.78089 -16.6594 -5.3415 -9.83653 -16.6649 -5.71229 -12.6003 -16.5414 -5.39098 -9.54973 -16.6489 -5.37953 -9.66605 -16.6527 -6.25674 -12.6899 -16.3433 -5.16694 -10.0577 -16.7198 -6.38477 -6.6 -16.2937 0.573704 -6.6 -17.4906 0.554702 -11.0777 -17.4909 1.13343 -10.9035 -17.4629 -1.18258 -11.5726 -17.4599 -1.75993 -11.7266 -17.4112 -2.33533 -11.8744 -17.3433 -9.35914 -12.9932 -14.787 -8.73713 -6.6 -15.1629 -8.86445 -12.973 -15.0887 -8.36006 -12.94 -15.3738 -7.58207 -6.6 -15.7722 -7.84653 -12.8947 -15.6421 -7.32443 -12.8376 -15.8933 -6.7943 -12.7692 -16.1271 -5.30075 -8.56744 -16.6779 -5.15193 -6.6 -16.7245 -5.22039 -7.58422 -16.7032 -3.98019 -6.6 -17.0414 7.82893 -8.14538 -15.6511 7.80254 -8.66088 -15.6642 7.86367 -7.6305 -15.6337 -11.2532 -6 -12.0671 -12.0729 -6.07222 -12.9524 -11.2446 -6.11676 -12.0752 -12.0614 -6.14643 -12.9603 -11.2194 -6.22926 -12.0987 -12.0413 -6.22086 -12.9739 -11.1788 -6.33317 -12.1361 -12.0124 -6.29343 -12.9936 -11.1241 -6.42416 -12.1862 -11.9749 -6.36194 -13.0191 -11.8774 -6.47854 -13.0854 -11.9295 -6.42426 -13.05 -11.0569 -6.49837 -12.2472 -11.8201 -6.52336 -13.1244 -10.9798 -6.55362 -12.3163 -11.635 -6.59564 -13.2503 -10.807 -6.6 -12.4683 -11.5746 -6.6 -13.2914 -10.8956 -6.5881 -12.3909 -11.6971 -6.58186 -13.2081 -11.7593 -6.55787 -13.1657 -8.72144 -5.4 -15.1719 -8.69768 -0.6 -15.1855 -7.5494 -5.4 -15.7879 -7.49994 -0.6 -15.8114 -6.33415 -5.4 -16.3134 -6.25747 -0.6 -16.343 -5.03049 -4.20075 -16.7614 -4.99535 -3.00096 -16.7719 -4.97679 -1.80062 -16.7774 -4.97769 -0.6 -16.7771 -5.08264 -5.4 -16.7456 -11.2532 9.0103e-13 -12.0671 -12.0729 -0.0722163 -12.9524 -11.2446 -0.116761 -12.0752 -12.0614 -0.146431 -12.9603 -11.2194 -0.229259 -12.0987 -12.0413 -0.220857 -12.9739 -11.1788 -0.333166 -12.1361 -12.0124 -0.293425 -12.9936 -11.1241 -0.424157 -12.1862 -11.9749 -0.361938 -13.0191 -11.8774 -0.47854 -13.0854 -11.9295 -0.424264 -13.05 -11.0569 -0.49837 -12.2472 -11.8201 -0.523356 -13.1244 -10.9798 -0.553623 -12.3163 -11.635 -0.595638 -13.2503 -10.807 -0.6 -12.4683 -11.5746 -0.6 -13.2914 -10.8956 -0.588104 -12.3909 -11.6971 -0.581857 -13.2081 -11.7593 -0.557873 -13.1657 -4.98523 4.20168 -16.148 -4.91379 3.00218 -16.1699 -5.16222 4.20165 -16.7213 -5.25461 5.4 -16.6925 -5.07445 5.4 -16.1202 -4.8598 1.80154 -16.1862 -5.03233 1.80152 -16.7608 -5.08823 3.00205 -16.744 -4.82471 0.600001 -16.1967 -4.996 0.6 -16.7717 -4.8598 1.80154 -16.1862 -3.72563 1.80138 -16.4842 -4.82471 0.600001 -16.1967 -3.68988 0.6 -16.4923 -3.94136 5.4 -16.434 -4.91379 3.00218 -16.1699 -4.98523 4.20168 -16.148 -3.77886 3.00206 -16.4721 -5.07445 5.4 -16.1202 -3.85072 4.20168 -16.4555 -3.83635 1.20083 -17.0743 -3.72563 1.80138 -16.4842 -3.85791 1.80148 -17.0695 -3.82088 0.6 -17.0778 -3.68988 0.6 -16.4923 -3.77886 3.00206 -16.4721 -3.91303 3.00221 -17.0569 -3.85072 4.20168 -16.4555 -3.98744 4.20181 -17.0397 -3.94136 5.4 -16.434 -4.08129 5.4 -17.0174 6.67129 0.6 -16.1785 8.04239 1.40065 -15.5425 8.05674 0.6 -15.5351 8.02235 2.2011 -15.5529 7.99639 3.00131 -15.5663 7.96427 3.80122 -15.5827 6.47992 5.4 -16.2561 7.92576 4.6008 -15.6023 7.88063 5.4 -15.6252 5.235 0.6 -16.6986 5.02928 5.4 -16.7618 3.75883 0.6 -17.0916 3.53988 5.4 -17.1382 2.25402 0.6 -17.3542 0.732035 0.6 -17.4847 2.0232 5.4 -17.3827 -0.795528 0.6 -17.4819 0.490932 5.4 -17.4931 -2.31703 0.6 -17.3459 -1.04512 5.4 -17.4688 -3.85791 1.80148 -17.0695 -2.57312 5.4 -17.3098 -3.91303 3.00221 -17.0569 -3.98744 4.20181 -17.0397 -3.82088 0.6 -17.0778 -3.83635 1.20083 -17.0743 -4.08129 5.4 -17.0174 7.76665 1.40058 -15.0096 8.04239 1.40065 -15.5425 7.7473 2.201 -15.0197 8.02235 2.2011 -15.5529 7.72223 3.00122 -15.0326 7.99639 3.00131 -15.5663 7.69121 3.80116 -15.0485 7.96427 3.80122 -15.5827 7.65402 4.60078 -15.0674 7.92576 4.6008 -15.6023 7.61044 5.4 -15.0894 7.88063 5.4 -15.6252 7.7805 0.6 -15.0025 8.05674 0.6 -15.5351 7.7805 0.6 -15.0025 8.8197 2.20087 -14.4161 8.83464 1.40044 -14.4069 7.7473 2.201 -15.0197 8.79692 3.00102 -14.43 7.76665 1.40058 -15.0096 8.69605 5.4 -14.491 8.73519 4.60062 -14.4674 7.69121 3.80116 -15.0485 7.72223 3.00122 -15.0326 8.76878 3.80095 -14.4471 7.65402 4.60078 -15.0674 7.61044 5.4 -15.0894 8.84957 0.6 -14.3977 8.83464 1.40044 -14.4069 8.8197 2.20087 -14.4161 9.15096 1.40056 -14.9168 9.13282 2.20093 -14.9279 9.16376 0.6 -14.9089 8.84957 0.6 -14.3977 8.79692 3.00102 -14.43 9.10923 3.0011 -14.9423 8.76878 3.80095 -14.4471 9.0801 3.80101 -14.96 9.04532 4.60066 -14.9811 8.73519 4.60062 -14.4674 9.00478 5.4 -15.0055 8.69605 5.4 -14.491 16.7446 5.4 -5.08599 16.7454 0.6 -5.08351 16.2167 0.6 -6.578 16.207 5.4 -6.60164 15.5549 0.6 -8.01851 15.5326 5.4 -8.06154 14.7654 0.6 -9.39323 14.727 5.4 -9.45336 13.8548 0.6 -10.6909 13.797 5.4 -10.7654 12.8305 0.6 -11.9008 11.7009 0.6 -13.013 12.7505 5.4 -11.9864 11.5963 5.4 -13.1063 10.4753 0.6 -14.0185 10.3442 5.4 -14.1155 9.13282 2.20093 -14.9279 9.0801 3.80101 -14.96 9.04532 4.60066 -14.9811 9.10923 3.0011 -14.9423 9.16376 0.6 -14.9089 9.15096 1.40056 -14.9168 9.00478 5.4 -15.0055 16.1705 5.4 -4.91161 16.1713 0.6 -4.90922 16.7446 5.4 -5.08599 16.7454 0.6 -5.08351 16.4946 5.4 -3.67962 16.4904 0.6 -3.69798 16.1705 5.4 -4.91161 16.1713 0.6 -4.90922 17.0802 5.4 -3.81026 17.0759 0.6 -3.82927 16.4904 0.6 -3.69798 16.4946 5.4 -3.67962 15.3353 1.4008 8.43092 16.0398 0.6 6.99816 15.3233 2.20134 8.45262 15.3435 0.6 8.41587 15.9618 5.4 7.17443 15.3077 3.00158 8.48098 15.2882 3.80146 8.51598 15.2649 4.60095 8.55764 15.2377 5.4 8.60594 16.5517 5.4 5.68263 16.6055 0.6 5.52345 17.0025 5.4 4.14308 17.0358 0.6 4.00375 17.3105 5.4 2.56872 17.3274 0.6 2.45143 17.4729 5.4 0.972764 17.4779 0.6 0.879142 17.4886 5.4 -0.631362 17.486 0.6 -0.700307 17.3573 5.4 -2.23018 17.3516 0.6 -2.27405 17.0759 0.6 -3.82927 17.0802 5.4 -3.81026 14.8095 1.40075 8.14186 15.3353 1.4008 8.43092 14.798 2.20125 8.16282 14.8174 0.6 8.12732 15.3435 0.6 8.41587 15.3233 2.20134 8.45262 14.7828 3.00147 8.1902 15.3077 3.00158 8.48098 14.764 3.80136 8.224 15.2882 3.80146 8.51598 14.7415 4.60089 8.26423 15.2649 4.60095 8.55764 15.2377 5.4 8.60594 14.7153 5.4 8.31088 14.1828 1.40085 9.19017 14.798 2.20125 8.16282 14.1689 2.20142 9.21165 14.1925 0.6 9.17517 14.8095 1.40075 8.14186 14.7828 3.00147 8.1902 14.1506 3.00167 9.23969 14.764 3.80136 8.224 14.1279 3.80155 9.27434 14.7415 4.60089 8.26423 14.7153 5.4 8.31088 14.0688 5.4 9.36369 14.1007 4.60101 9.31565 14.8174 0.6 8.12732 14.6863 1.40087 9.51645 14.1828 1.40085 9.19017 14.1689 2.20142 9.21165 14.6719 2.2015 9.5387 14.1506 3.00167 9.23969 14.653 3.0018 9.56774 14.1279 3.80155 9.27434 14.6013 4.60113 9.64639 14.6295 3.80171 9.60362 14.1007 4.60101 9.31565 14.5683 5.4 9.69613 14.0688 5.4 9.36369 14.6963 0.6 9.50091 14.1925 0.6 9.17517 11.6908 0.6 13.0221 10.8733 0.6 13.7121 11.6603 5.4 13.0495 10.8089 5.4 13.7629 9.91391 5.4 14.421 10.0151 0.6 14.3509 9.11948 0.6 14.936 8.979 5.4 15.0209 8.18978 0.6 15.4654 7.22948 0.6 15.9369 8.00792 5.4 15.5603 7.00457 5.4 16.037 6.24215 0.6 16.3489 5.973 5.4 16.4491 5.21438 1.20142 16.7051 5.2315 0.599998 16.6997 5.19031 1.80241 16.7126 5.16055 2.40304 16.7218 5.12465 3.0033 16.7328 5.08241 3.60318 16.7457 5.03376 4.20266 16.7604 4.97872 4.80163 16.7768 4.91737 5.4 16.7949 5.03611 1.20136 16.1322 5.21438 1.20142 16.7051 5.01318 1.8023 16.1393 5.05214 0.6 16.1272 5.2315 0.599998 16.6997 5.19031 1.80241 16.7126 5.16055 2.40304 16.7218 5.08241 3.60318 16.7457 4.90817 3.60297 16.1716 5.12465 3.0033 16.7328 4.94896 3.00308 16.1591 5.03376 4.20266 16.7604 4.86119 4.20248 16.1858 4.97872 4.80163 16.7768 4.91737 5.4 16.7949 4.74877 5.4 16.2191 4.80804 4.80152 16.2016 3.91041 1.20143 16.4414 5.01318 1.8023 16.1393 3.88686 1.8026 16.447 3.92749 0.6 16.4373 4.94896 3.00308 16.1591 3.85705 2.40341 16.454 4.90817 3.60297 16.1716 4.86119 4.20248 16.1858 4.80804 4.80152 16.2016 3.8212 3.00377 16.4623 4.74877 5.4 16.2191 3.77917 3.60361 16.472 3.73062 4.20293 16.4831 3.67547 4.80173 16.4955 5.03611 1.20136 16.1322 5.05214 0.6 16.1272 3.61364 5.4 16.5091 -10.807 -0.6 -12.4683 -10.8954 0.588273 -12.3911 -10.807 0.6 -12.4683 -10.8956 -0.588104 -12.3909 -10.9795 0.554072 -12.3166 -11.0569 -0.49837 -12.2472 -11.0566 0.498871 -12.2475 -10.9798 -0.553623 -12.3163 -11.1242 0.424142 -12.1862 -11.1241 -0.424157 -12.1862 -11.1788 -0.333166 -12.1361 -11.1792 0.332621 -12.1357 -11.2194 -0.229259 -12.0987 -11.2197 0.228744 -12.0983 -11.2446 -0.116761 -12.0752 -11.2447 0.11653 -12.0751 -11.2532 9.0103e-13 -12.0671 -9.29015 -0.6 -13.6361 -9.29015 0.6 -13.6361 -7.64827 -0.6 -14.6203 -7.64827 0.6 -14.6203 -5.90345 -0.6 -15.4078 -5.90345 0.6 -15.4078 -4.07917 -0.6 -15.9878 -4.07917 0.6 -15.9878 -2.19999 -0.6 -16.3527 -2.19999 0.6 -16.3527 -0.291195 -0.6 -16.4974 -0.291195 0.6 -16.4974 1.62152 -0.6 -16.4201 1.62152 0.6 -16.4201 3.51241 0.6 -16.1218 3.51241 -0.6 -16.1218 5.35602 0.6 -15.6065 5.35602 -0.6 -15.6065 7.12754 0.6 -14.8811 7.12754 -0.6 -14.8811 8.80313 0.6 -13.9555 8.80313 -0.6 -13.9555 10.3602 0.6 -12.842 10.3602 -0.6 -12.842 11.7779 0.6 -11.5556 11.7779 -0.6 -11.5556 13.037 0.6 -10.1137 13.037 -0.6 -10.1137 14.1206 0.6 -8.53567 14.1206 -0.6 -8.53567 15.0142 -0.6 -6.84275 15.0142 0.6 -6.84275 15.7057 -0.6 -5.05773 15.7057 0.6 -5.05773 16.1858 -0.6 -3.20463 16.1858 0.6 -3.20463 16.448 -0.6 -1.3084 16.448 0.6 -1.3084 16.4889 -0.6 0.605436 16.4889 0.6 0.605436 16.3078 -0.6 2.51113 16.3078 0.6 2.51113 15.9072 -0.6 4.38302 15.9072 0.6 4.38302 15.2925 -0.6 6.19592 15.2925 0.6 6.19592 14.472 0.6 7.92542 14.472 -0.6 7.92542 13.4566 0.6 9.54824 13.4566 -0.6 9.54824 12.2602 0.6 11.0425 12.2602 -0.6 11.0425 10.8987 0.6 12.3882 10.8987 -0.6 12.3882 9.39054 0.6 13.5672 7.75598 0.6 14.5635 7.75598 -0.6 14.5635 6.01702 0.6 15.3638 4.19707 -0.6 15.9573 6.01702 -0.6 15.3638 4.19707 0.6 15.9573 2.32063 -0.6 16.336 2.32063 0.6 16.336 2.20423 -0.588261 16.3521 2.20411 0.588114 16.3521 2.09288 -0.554029 16.3667 2.09258 0.553663 16.3667 1.98986 0.498456 16.3795 1.99011 -0.498782 16.3795 1.89947 -0.423996 16.3903 1.89977 0.424301 16.3903 1.82608 0.333377 16.3987 1.77121 0.229538 16.4047 1.82529 -0.332409 16.3988 1.77052 -0.22846 16.4048 1.73693 0.117108 16.4083 1.73663 -0.116178 16.4084 1.72506 0.000407461 16.4096 9.39054 -0.6 13.5672 -4.99535 -3.00096 -16.7719 -4.82408 -3.00064 -16.1969 -4.85801 -4.20058 -16.1867 -5.03049 -4.20075 -16.7614 -5.08264 -5.4 -16.7456 -4.80615 -1.80047 -16.2022 -4.97679 -1.80062 -16.7774 -4.97769 -0.6 -16.7771 -4.80703 -0.6 -16.2019 -4.90838 -5.4 -16.1715 -4.80615 -1.80047 -16.2022 -3.67208 -1.80057 -16.4962 -3.68985 -3.00089 -16.4923 -4.80703 -0.6 -16.2019 -3.67247 -0.6 -16.4962 -4.82408 -3.00064 -16.1969 -3.72428 -4.20071 -16.4845 -4.85801 -4.20058 -16.1867 -4.90838 -5.4 -16.1715 -3.77603 -5.4 -16.4728 -3.67208 -1.80057 -16.4962 -3.80245 -1.80061 -17.0819 -3.68985 -3.00089 -16.4923 -3.67247 -0.6 -16.4962 -3.80285 -0.6 -17.0818 -3.72428 -4.20071 -16.4845 -3.82086 -3.00096 -17.0778 -3.85651 -4.20076 -17.0698 -3.91009 -5.4 -17.0576 -3.77603 -5.4 -16.4728 -3.80245 -1.80061 -17.0819 -2.29955 -0.6 -17.3483 -3.82086 -3.00096 -17.0778 -3.80285 -0.6 -17.0818 -2.40709 -5.4 -17.3337 -3.85651 -4.20076 -17.0698 -3.91009 -5.4 -17.0576 -0.885739 -5.4 -17.4776 -0.778744 -0.6 -17.4827 0.642368 -5.4 -17.4882 0.747989 -0.6 -17.484 2.16558 -5.4 -17.3655 3.67227 -5.4 -17.1104 2.26903 -0.6 -17.3523 5.15097 -5.4 -16.7248 3.7728 -0.6 -17.0885 6.59038 -5.4 -16.2116 5.24785 -0.6 -16.6946 8.03229 -3.80059 -15.5478 6.68297 -0.6 -16.1737 8.04964 -3.00061 -15.5388 8.06696 -1.40029 -15.5298 8.06721 -0.6 -15.5297 8.06115 -2.2005 -15.5328 8.00897 -4.6004 -15.5598 7.97955 -5.4 -15.5749 8.06696 -1.40029 -15.5298 7.78477 -2.20047 -15.0003 8.06115 -2.2005 -15.5328 8.06721 -0.6 -15.5297 7.79062 -0.6 -14.9972 7.77365 -3.00057 -15.006 7.7569 -3.80055 -15.0147 7.73438 -4.60037 -15.0263 8.03229 -3.80059 -15.5478 8.04964 -3.00061 -15.5388 8.00897 -4.6004 -15.5598 7.70596 -5.4 -15.0409 7.97955 -5.4 -15.5749 7.78477 -2.20047 -15.0003 8.85245 -2.20043 -14.396 7.77365 -3.00057 -15.006 7.79062 -0.6 -14.9972 8.82628 -3.8005 -14.4121 7.7569 -3.80055 -15.0147 7.73438 -4.60037 -15.0263 8.77985 -5.4 -14.4404 7.70596 -5.4 -15.0409 8.85865 -0.6 -14.3922 8.85245 -2.20043 -14.396 9.16674 -2.20047 -14.9071 9.15579 -3.00056 -14.9138 8.85865 -0.6 -14.3922 9.17316 -0.6 -14.9031 8.82628 -3.8005 -14.4121 9.13964 -3.80053 -14.9237 9.11824 -4.60035 -14.9368 9.09156 -5.4 -14.953 8.77985 -5.4 -14.4404 9.16674 -2.20047 -14.9071 10.4829 -0.6 -14.0128 10.4147 -5.4 -14.0636 9.17316 -0.6 -14.9031 9.15579 -3.00056 -14.9138 9.13964 -3.80053 -14.9237 9.11824 -4.60035 -14.9368 9.09156 -5.4 -14.953 11.6514 -5.4 -13.0574 11.7068 -0.6 -13.0077 12.7913 -5.4 -11.9429 12.8349 -0.6 -11.896 13.8251 -5.4 -10.7292 13.8578 -0.6 -10.687 16.7418 -5.4 -5.09528 16.2086 -5.4 -6.59777 16.2168 -0.6 -6.57773 14.7442 -5.4 -9.42646 14.7672 -0.6 -9.39039 16.745 -0.6 -5.0847 15.5557 -0.6 -8.01689 15.5409 -5.4 -8.0455 16.7418 -5.4 -5.09528 16.745 -0.6 -5.0847 16.1678 -5.4 -4.92058 16.1709 -0.6 -4.91037 16.1678 -5.4 -4.92058 16.1709 -0.6 -4.91037 16.49 -5.4 -3.70002 16.4899 -0.6 -3.70032 16.49 -5.4 -3.70002 16.4899 -0.6 -3.70032 17.0754 -5.4 -3.83138 17.0754 -0.6 -3.8317 17.0754 -5.4 -3.83138 17.0754 -0.6 -3.8317 17.3511 -0.6 -2.2778 17.353 -5.4 -2.26366 17.4858 -0.6 -0.705374 17.4869 -5.4 -0.6772 17.4782 -0.6 0.872787 17.4761 -5.4 0.914861 17.3285 -0.6 2.44385 17.3206 -5.4 2.49935 17.0379 -0.6 3.99504 16.6087 -0.6 5.51373 17.0218 -5.4 4.06315 16.0444 -0.6 6.98759 16.0051 -5.4 7.0772 16.5821 -5.4 5.59333 15.3136 -4.60049 8.47013 15.2957 -5.4 8.5025 15.3278 -3.80073 8.44441 15.3384 -3.00076 8.42518 15.3455 -2.20062 8.41226 15.3492 -1.40035 8.40546 15.3497 -0.6 8.40462 15.3492 -1.40035 8.40546 14.823 -1.40033 8.11728 14.8194 -2.20058 8.12384 15.3497 -0.6 8.40462 14.8125 -3.00071 8.13632 15.3455 -2.20062 8.41226 15.3384 -3.00076 8.42518 14.7886 -4.60046 8.17972 15.3136 -4.60049 8.47013 15.3278 -3.80073 8.44441 14.7712 -5.4 8.21099 15.2957 -5.4 8.5025 14.8023 -3.80068 8.15489 14.8234 -0.6 8.11646 14.1993 -0.6 9.16467 14.823 -1.40033 8.11728 14.8234 -0.6 8.11646 14.1987 -1.4004 9.16552 14.8194 -2.20058 8.12384 14.1943 -2.20069 9.17246 14.1858 -3.00083 9.18558 14.8125 -3.00071 8.13632 14.8023 -3.80068 8.15489 14.1356 -5.4 9.26261 14.7712 -5.4 8.21099 14.1565 -4.60053 9.23059 14.7886 -4.60046 8.17972 14.1732 -3.80079 9.20494 14.1987 -1.4004 9.16552 14.7028 -1.40043 9.49092 14.1943 -2.20069 9.17246 14.6982 -2.20074 9.49811 14.1858 -3.00083 9.18558 14.6894 -3.00089 9.5117 14.1732 -3.80079 9.20494 14.6764 -3.80085 9.53174 14.1565 -4.60053 9.23059 14.6591 -4.60057 9.55831 14.1356 -5.4 9.26261 14.6374 -5.4 9.59146 14.7034 -0.6 9.49005 14.1993 -0.6 9.16467 11.6762 -5.4 13.0352 11.6925 -0.6 13.0206 10.8767 -0.6 13.7094 10.0205 -0.6 14.3471 10.8425 -5.4 13.7365 9.96675 -5.4 14.3845 9.12695 -0.6 14.9315 9.05238 -5.4 14.9768 8.19945 -0.6 15.4602 7.12207 -5.4 15.9852 8.10293 -5.4 15.511 7.24143 -0.6 15.9315 6.25646 -0.6 16.3434 5.22943 -2.40179 16.7004 6.11361 -5.4 16.3974 5.1226 -4.8009 16.7335 5.08146 -5.39998 16.746 5.15787 -4.20154 16.7226 5.21171 -3.002 16.7059 5.2413 -1.80128 16.6967 5.24822 -1.20067 16.6945 5.2482 -0.600002 16.6945 5.2413 -1.80128 16.6967 5.24822 -1.20067 16.6945 5.0616 -1.8012 16.1242 5.06828 -1.20062 16.1221 5.2482 -0.600002 16.6945 5.21171 -3.002 16.7059 5.22943 -2.40179 16.7004 5.03303 -3.00188 16.1332 4.981 -4.20146 16.1493 5.1226 -4.8009 16.7335 5.15787 -4.20154 16.7226 4.90698 -5.4 16.1719 5.08146 -5.39998 16.746 5.06827 -0.6 16.1221 3.94437 -1.20061 16.4333 5.0616 -1.8012 16.1242 5.06828 -1.20062 16.1221 3.93758 -1.80104 16.4349 5.03303 -3.00188 16.1332 3.90811 -3.00148 16.4419 4.981 -4.20146 16.1493 3.92592 -2.40134 16.4377 4.90698 -5.4 16.1719 3.85459 -4.20129 16.4546 3.77789 -5.4 16.4723 3.94457 -0.6 16.4332 5.06827 -0.6 16.1221 10.7712 -6.6 12.4993 10.7712 -5.4 12.4993 9.7185 -6.6 13.3342 8.60139 -5.4 14.0807 8.60139 -6.6 14.0807 9.7185 -5.4 13.3342 7.42725 -5.4 14.7338 7.42725 -6.6 14.7338 6.20386 -5.4 15.2893 6.20386 -6.6 15.2893 4.93933 -5.4 15.7433 4.93933 -6.6 15.7433 2.32063 -6.6 16.336 3.64206 -6.6 16.093 3.64206 -5.4 16.093 2.32063 -5.4 16.336 2.20423 -6.58826 16.3521 2.20411 -5.41189 16.3521 2.09288 -6.55403 16.3667 2.09258 -5.44634 16.3667 1.99011 -6.49878 16.3795 1.98986 -5.50154 16.3795 1.89947 -6.424 16.3903 1.89977 -5.5757 16.3903 1.82529 -6.33241 16.3988 1.82608 -5.66662 16.3987 1.77121 -5.77046 16.4047 1.77052 -6.22846 16.4048 1.73693 -5.88289 16.4083 1.73663 -6.11618 16.4084 1.72506 -5.99959 16.4096 4.80928 -6.6 16.2013 3.67759 -6.6 16.495 4.71943 -7.50918 16.2277 4.61579 -8.41928 16.2575 4.19213 -9.77563 16.3718 4.2837 -9.71427 16.3481 4.32403 -9.6764 16.3375 4.35974 -9.63401 16.328 4.41778 -9.53897 16.3124 4.46141 -9.43618 16.3005 4.49829 -9.33031 16.2903 4.09073 -9.81803 16.3974 3.58858 -7.47571 16.5146 3.98338 -9.84088 16.4238 3.76592 -9.82504 16.475 3.87397 -9.8436 16.45 3.48625 -8.34989 16.5365 3.66299 -9.78541 16.4982 3.56955 -9.72618 16.5187 3.48996 -9.64882 16.5357 3.37155 -9.22253 16.5603 3.42965 -9.55418 16.5483 3.45681 -9.60348 16.5427 3.40939 -9.50198 16.5525 3.39499 -9.44747 16.5555 3.37879 -9.33553 16.5588 14.7382 -6.6 8.27019 14.0959 -6.6 9.32291 14.4786 -8.07279 8.71663 14.6909 -7.9686 8.35382 14.0772 -7.08068 9.35106 14.2561 -8.17954 9.07588 14.0235 -8.28884 9.43124 15.2614 -6.6 8.5638 14.7382 -6.6 8.27019 14.6909 -7.9686 8.35382 15.2125 -7.9686 8.65042 17.2496 -6.6 2.81751 17.1088 -6.6 3.67935 17.1917 -6.80439 3.26951 17.3352 -6.66517 2.39525 17.3903 -6.6 1.95568 17.269 -6.73332 2.83329 17.1034 -6.87833 3.70364 17.0042 -6.95507 4.1354 16.8941 -7.03457 4.56451 16.6569 -6.6 5.36638 16.7732 -7.11676 4.99069 16.6414 -7.2016 5.41367 16.499 -7.28901 5.83318 16.039 -6.6 6.99995 16.3461 -7.37896 6.24895 16.1827 -7.47138 6.66072 16.0089 -7.56622 7.06824 15.8249 -7.66341 7.47123 15.6307 -7.76291 7.86943 15.2125 -7.9686 8.65042 15.4266 -7.86466 8.26258 15.2614 -6.6 8.5638 16.473 -6.6 -3.69194 17.0592 -6.6 -3.82521 17.041 -6.84874 -3.82011 16.4314 -7.05991 -3.67943 17.0161 -7.09635 -3.81375 16.9844 -7.34283 -3.806 16.4553 -6.83049 -3.68629 16.4014 -7.28825 -3.67133 16.9462 -7.58819 -3.79673 16.3653 -7.51548 -3.66195 16.9012 -7.83258 -3.78591 16.323 -7.74158 -3.65125 16.8496 -8.0759 -3.77358 16.2746 -7.96652 -3.6392 16.7914 -8.31783 -3.75976 16.22 -8.19028 -3.62577 16.7266 -8.55799 -3.74446 16.1594 -8.41284 -3.61092 16.6555 -8.79579 -3.72772 16.0928 -8.63367 -3.59469 16.5781 -9.03086 -3.70956 16.0203 -8.85226 -3.57713 16.4946 -9.26324 -3.68997 15.9419 -9.06863 -3.55823 16.405 -9.49292 -3.66896 15.8578 -9.28279 -3.538 16.3093 -9.71992 -3.64636 16.2075 -9.94424 -3.62222 15.7678 -9.49472 -3.51627 15.6722 -9.70421 -3.49314 16.0994 -10.1659 -3.59686 15.5709 -9.91098 -3.46892 15.9851 -10.3848 -3.57058 15.4639 -10.1148 -3.44394 15.8646 -10.6009 -3.54305 15.3514 -10.3154 -3.41785 15.2335 -10.5127 -3.39014 15.738 -10.8139 -3.51378 14.9822 -10.8969 -3.33024 15.1104 -10.7066 -3.3609 15.4678 -11.2292 -3.45027 14.8488 -11.0835 -3.29902 15.3242 -11.4309 -3.41699 15.175 -11.6283 -3.38332 14.7102 -11.2663 -3.26748 15.0205 -11.8214 -3.34844 14.5668 -11.4451 -3.23483 14.861 -12.0101 -3.31153 14.4188 -11.6197 -3.20029 14.6966 -12.194 -3.27276 14.2663 -11.7901 -3.16404 14.5273 -12.3732 -3.23305 14.1091 -11.956 -3.12696 13.9908 -12.8802 -3.11035 13.7816 -12.2738 -3.05143 14.1741 -12.7165 -3.15198 13.4379 -12.572 -2.97229 13.6116 -12.4253 -3.01269 13.8034 -13.0386 -3.06692 13.2605 -12.7138 -2.93008 13.6119 -13.1917 -3.02156 13.0794 -12.8507 -2.88595 13.4163 -13.3393 -2.97413 14.3531 -12.5474 -3.19269 13.9475 -12.1173 -3.08933 15.6057 -11.0235 -3.48283 13.2605 -12.7138 -2.93008 12.9616 -12.6997 -4.01657 13.4379 -12.572 -2.97229 13.0794 -12.8507 -2.88595 12.7818 -12.8372 -3.96518 13.1375 -12.5573 -4.06694 13.6116 -12.4253 -3.01269 13.3095 -12.4101 -4.116 13.7816 -12.2738 -3.05143 13.9475 -12.1173 -3.08933 13.4778 -12.2579 -4.16347 14.1091 -11.956 -3.12696 13.6421 -12.1009 -4.20983 13.957 -11.7733 -4.30031 14.2663 -11.7901 -3.16404 13.8019 -11.9392 -4.25555 14.4188 -11.6197 -3.20029 14.1071 -11.6034 -4.34382 14.5668 -11.4451 -3.23483 14.2524 -11.4297 -4.38542 14.7102 -11.2663 -3.26748 14.3931 -11.2523 -4.42503 14.529 -11.0709 -4.46322 14.8488 -11.0835 -3.29902 14.66 -10.8858 -4.50053 14.9822 -10.8969 -3.33024 15.1104 -10.7066 -3.3609 14.7862 -10.6969 -4.53682 14.9076 -10.5041 -4.57154 15.0242 -10.3073 -4.60466 15.2335 -10.5127 -3.39014 15.3514 -10.3154 -3.41785 15.1359 -10.1067 -4.63615 15.4639 -10.1148 -3.44394 15.2422 -9.90284 -4.66626 15.3425 -9.69679 -4.69506 15.5709 -9.91098 -3.46892 15.6722 -9.70421 -3.49314 15.4371 -9.48857 -4.72226 15.7678 -9.49472 -3.51627 15.526 -9.27828 -4.74755 15.8578 -9.28279 -3.538 15.6093 -9.06593 -4.77092 15.9419 -9.06863 -3.55823 15.6871 -8.8515 -4.79265 16.0203 -8.85226 -3.57713 16.0928 -8.63367 -3.59469 15.7591 -8.63498 -4.81284 15.8253 -8.41637 -4.83159 15.8859 -8.19548 -4.8488 16.1594 -8.41284 -3.61092 16.4314 -7.05991 -3.67943 16.1271 -6.83147 -4.91448 16.4553 -6.83049 -3.68629 16.2468 -6.6 -4.57814 16.3403 -6.6 -4.23533 16.1463 -6.6 -4.91895 16.473 -6.6 -3.69194 16.1018 -7.06217 -4.90813 16.4014 -7.28825 -3.67133 16.0704 -7.29186 -4.8999 16.3653 -7.51548 -3.66195 16.033 -7.52028 -4.88983 16.323 -7.74158 -3.65125 15.9898 -7.74719 -4.87794 16.2746 -7.96652 -3.6392 15.9407 -7.97234 -4.86426 16.22 -8.19028 -3.62577 12.7025 -12.8998 -3.92158 12.9886 -12.9124 -2.88588 12.6262 -12.9604 -3.87048 12.8968 -12.9718 -2.89354 12.5587 -13.0168 -3.80471 12.8051 -13.0267 -2.91757 12.7604 -13.0515 -2.93742 12.5302 -13.0424 -3.76559 12.5059 -13.0659 -3.72233 12.7173 -13.0742 -2.96296 12.471 -13.1057 -3.62615 12.6377 -13.1119 -3.029 12.4544 -13.1351 -3.52183 12.5696 -13.1391 -3.11069 12.5151 -13.1555 -3.20445 12.4766 -13.1604 -3.30668 12.4562 -13.1536 -3.41384 16.7215 -6.6 -5.09471 16.1463 -6.6 -4.91895 16.7019 -6.84954 -5.09031 16.1271 -6.83147 -4.91448 16.1018 -7.06217 -4.90813 16.6757 -7.09815 -5.08384 16.0704 -7.29186 -4.8999 16.643 -7.34584 -5.07534 16.6036 -7.5926 -5.06487 16.033 -7.52028 -4.88983 16.5577 -7.83813 -5.05255 15.9898 -7.74719 -4.87794 16.5052 -8.08187 -5.03841 15.9407 -7.97234 -4.86426 16.4465 -8.32344 -5.02235 15.8859 -8.19548 -4.8488 15.8253 -8.41637 -4.83159 16.3817 -8.56245 -5.00427 15.7591 -8.63498 -4.81284 16.3108 -8.79881 -4.98438 15.6871 -8.8515 -4.79265 16.2337 -9.03271 -4.9629 15.6093 -9.06593 -4.77092 16.1505 -9.26414 -4.93974 15.526 -9.27828 -4.74755 16.0612 -9.49312 -4.91483 15.966 -9.71965 -4.88788 15.4371 -9.48857 -4.72226 15.8647 -9.94371 -4.85886 15.3425 -9.69679 -4.69506 15.7573 -10.1653 -4.8281 15.2422 -9.90284 -4.66626 15.6435 -10.3844 -4.79591 15.1359 -10.1067 -4.63615 15.5236 -10.6007 -4.76215 15.0242 -10.3073 -4.60466 15.3979 -10.8136 -4.7265 14.9076 -10.5041 -4.57154 15.1309 -11.2268 -4.65 14.7862 -10.6969 -4.53682 14.66 -10.8858 -4.50053 14.9899 -11.4265 -4.60982 14.529 -11.0709 -4.46322 14.8438 -11.6217 -4.56871 14.3931 -11.2523 -4.42503 14.6928 -11.8125 -4.5261 14.2524 -11.4297 -4.38542 14.537 -11.9989 -4.48144 14.1071 -11.6034 -4.34382 13.957 -11.7733 -4.30031 14.3763 -12.1809 -4.43484 13.8019 -11.9392 -4.25555 14.2107 -12.3584 -4.38692 13.683 -12.8641 -4.23682 13.864 -12.7001 -4.28807 13.4778 -12.2579 -4.16347 13.6421 -12.1009 -4.20983 14.04 -12.5315 -4.33791 13.3074 -13.1772 -4.12909 13.1375 -12.5573 -4.06694 12.9616 -12.6997 -4.01657 13.1133 -13.3256 -4.07337 12.7818 -12.8372 -3.96518 13.3095 -12.4101 -4.116 13.4974 -13.0233 -4.1837 15.2669 -11.0225 -4.68908 8.9799 -7.7431 -15.0204 9.37662 -8.09452 -14.7759 8.92509 -8.25712 -15.0529 9.0401 -6.6 -14.9842 10.2534 -7.77925 -14.1812 9.8195 -7.93511 -14.4852 10.3349 -6.6 -14.1223 10.6778 -7.62733 -13.8642 11.0925 -7.47975 -13.5345 11.548 -6.6 -13.1489 11.4971 -7.33687 -13.1925 11.8912 -7.19908 -12.8384 12.2745 -7.06678 -12.4727 12.6699 -6.6 -12.0716 12.6465 -6.94033 -12.0955 13.007 -6.82013 -11.7073 13.3555 -6.70656 -11.3083 13.6917 -6.6 -10.8989 8.73016 -6.6 -14.4705 9.0401 -6.6 -14.9842 8.9799 -7.7431 -15.0204 8.67202 -7.7431 -14.5054 8.92509 -8.25712 -15.0529 8.61911 -8.25712 -14.5368 7.65152 -6.6 -15.0687 8.73016 -6.6 -14.4705 8.31291 -8.37159 -14.7142 7.59406 -7.63058 -15.0977 7.95211 -8.50621 -14.9123 7.5605 -8.14553 -15.1145 7.53489 -8.66098 -15.1273 8.67202 -7.7431 -14.5054 8.61911 -8.25712 -14.5368 7.92317 -6.6 -15.6036 7.65152 -6.6 -15.0687 7.86367 -7.6305 -15.6337 7.59406 -7.63058 -15.0977 7.82893 -8.14538 -15.6511 7.5605 -8.14553 -15.1145 7.53489 -8.66098 -15.1273 7.80254 -8.66088 -15.6642 -3.84373 -6.6 -16.4571 -3.98019 -6.6 -17.0414 -3.89422 -7.34819 -16.4452 -4.03248 -7.34824 -17.0291 -3.95108 -8.09588 -16.4316 -4.09136 -8.09595 -17.015 -4.08176 -9.58982 -16.3997 -4.22668 -9.58982 -16.9819 -4.97529 -6.6 -16.1511 -3.84373 -6.6 -16.4571 -3.89422 -7.34819 -16.4452 -5.0414 -7.58418 -16.1305 -3.95108 -8.09588 -16.4316 -5.11901 -8.5674 -16.1061 -4.89739 -10.1112 -16.1748 -4.9931 -10.0552 -16.1456 -5.03615 -10.0197 -16.1322 -5.1088 -9.93497 -16.1093 -5.07505 -9.9797 -16.12 -5.13683 -9.8858 -16.1004 -5.20615 -9.54973 -16.0781 -5.1591 -9.83321 -16.0933 -5.17555 -9.77821 -16.088 -5.19521 -9.6648 -16.0817 -4.79284 -10.1453 -16.2061 -4.46745 -10.1139 -16.2988 -4.57386 -10.1455 -16.2693 -4.68358 -10.1565 -16.238 -4.36814 -10.0629 -16.3257 -4.27975 -9.99355 -16.3491 -4.08176 -9.58982 -16.3997 -4.24136 -9.95216 -16.3591 -4.20774 -9.90664 -16.3678 -4.11449 -9.69944 -16.3915 -4.15396 -9.80643 -16.3815 -4.97529 -6.6 -16.1511 -5.22039 -7.58422 -16.7032 -5.15193 -6.6 -16.7245 -5.0414 -7.58418 -16.1305 -5.30075 -8.56744 -16.6779 -5.11901 -8.5674 -16.1061 -5.20615 -9.54973 -16.0781 -5.39098 -9.54973 -16.6489 13.7646 -11.2851 9.68246 13.2944 -11.0225 9.41695 13.8569 -11.0846 9.70916 13.6668 -11.4827 9.65253 13.203 -11.2029 9.39355 13.3809 -10.8396 9.43735 13.1068 -11.3807 9.3668 13.5635 -11.6774 9.61899 14.0994 -10.4657 9.77147 14.0243 -10.6747 9.75386 13.5384 -10.4659 9.4701 13.4622 -10.6541 9.4551 13.9434 -10.8811 9.73299 13.6095 -10.2752 9.48203 13.7357 -9.88787 9.49673 14.2894 -9.82642 9.80491 14.2321 -10.0413 9.79699 14.1687 -10.2544 9.78584 13.6753 -10.0824 9.4909 13.7906 -9.69172 9.49952 13.8402 -9.49399 9.49923 14.3407 -9.60969 9.80955 14.386 -9.39153 9.81086 13.8843 -9.29497 9.49584 14.4252 -9.17233 9.8088 13.923 -9.09494 9.48933 14.0063 -8.49113 9.45108 14.0235 -8.28884 9.43124 14.5214 -8.28884 9.76608 14.5061 -8.51062 9.78243 13.9839 -8.69293 9.46716 14.4852 -8.73182 9.79479 13.9562 -8.89422 9.47981 14.4583 -8.9524 9.80348 13.0794 -12.8507 -2.88595 13.4163 -13.3393 -2.97413 13.3213 -13.4042 -2.97303 12.9886 -12.9124 -2.88588 12.8968 -12.9718 -2.89354 13.2251 -13.4668 -2.97926 13.1286 -13.5252 -3.0013 12.8051 -13.0267 -2.91757 13.0815 -13.5518 -3.0202 12.7604 -13.0515 -2.93742 13.0357 -13.5761 -3.04499 12.9507 -13.6173 -3.11065 12.7173 -13.0742 -2.96296 12.8773 -13.6476 -3.19362 12.6377 -13.1119 -3.029 12.8186 -13.666 -3.29024 12.5696 -13.1391 -3.11069 12.5151 -13.1555 -3.20445 12.7957 -13.6705 -3.34253 12.4766 -13.1604 -3.30668 12.7776 -13.6717 -3.39685 12.4562 -13.1536 -3.41384 12.7646 -13.6695 -3.45265 12.7568 -13.6641 -3.50924 12.7543 -13.6553 -3.56596 12.7572 -13.6433 -3.62217 12.4544 -13.1351 -3.52183 12.7786 -13.6103 -3.73019 12.471 -13.1057 -3.62615 13.0303 -13.3909 -4.02888 13.1133 -13.3256 -4.07337 12.7818 -12.8372 -3.96518 12.7025 -12.8998 -3.92158 12.9502 -13.4541 -3.97741 12.6262 -12.9604 -3.87048 12.8777 -13.5137 -3.91163 12.5587 -13.0168 -3.80471 12.8463 -13.5413 -3.87227 12.5302 -13.0424 -3.76559 12.8191 -13.5667 -3.82849 12.5059 -13.0659 -3.72233 7.88565 -11.3503 -14.0524 8.2784 -11.4502 -14.5433 8.20312 -11.645 -14.4678 8.41815 -11.0513 -14.679 8.02739 -10.9911 -14.1802 8.09353 -10.8074 -14.237 8.3501 -11.2523 -14.6138 7.95807 -11.1722 -14.1187 8.48248 -10.8476 -14.7391 8.54301 -10.6413 -14.794 8.15641 -10.6212 -14.2889 8.21595 -10.4327 -14.3361 8.27206 -10.2421 -14.3783 8.59969 -10.4325 -14.8436 8.32467 -10.0496 -14.4157 8.3737 -9.85534 -14.448 8.70119 -10.0086 -14.9269 8.65244 -10.2216 -14.8879 8.74579 -9.79369 -14.9605 8.41907 -9.65944 -14.4754 8.46085 -9.46202 -14.4979 8.49925 -9.26334 -14.5153 8.78631 -9.57717 -14.9888 8.92273 -8.479 -15.05 8.61911 -8.25712 -14.5368 8.92509 -8.25712 -15.0529 8.61171 -8.46046 -14.5372 8.91041 -8.70017 -15.0448 8.59505 -8.66266 -14.5356 8.88614 -8.92057 -15.0388 8.56738 -8.86354 -14.5335 8.8559 -9.14031 -15.0284 8.53444 -9.06371 -14.5273 8.82294 -9.35928 -15.0115 7.88565 -11.3503 -14.0524 8.20312 -11.645 -14.4678 8.14331 -11.7447 -14.4415 7.82733 -11.4427 -14.0302 7.76342 -11.5319 -14.0124 8.0774 -11.8414 -14.4195 8.00072 -11.9312 -14.4088 7.95794 -11.9719 -14.4094 7.68891 -11.6146 -14.0055 7.60373 -11.6861 -14.0139 7.9122 -12.0091 -14.4146 7.81464 -12.0725 -14.4375 7.51142 -11.7438 -14.0374 7.7129 -12.1208 -14.4747 7.41563 -11.7883 -14.0734 7.61004 -12.1531 -14.525 7.31895 -11.8189 -14.1204 7.50916 -12.1685 -14.5867 7.224 -11.8353 -14.1771 7.13329 -11.8361 -14.2427 7.4142 -12.1654 -14.6584 7.37025 -12.1564 -14.6973 7.32921 -12.1423 -14.7378 7.05 -11.8197 -14.3157 6.9778 -11.7856 -14.3933 7.2572 -12.0994 -14.8221 7.22714 -12.0708 -14.8648 6.947 -11.7618 -14.4331 6.92035 -11.7333 -14.4729 7.1695 -11.7618 -15.1206 7.18687 -11.6577 -15.1751 6.89747 -11.3815 -14.7277 6.88 -11.4798 -14.6768 7.15982 -11.8632 -15.0596 6.87134 -11.5751 -14.619 7.16132 -11.9117 -15.0251 6.8737 -11.6203 -14.5862 7.16867 -11.9576 -14.9879 6.88252 -11.6623 -14.5506 7.18208 -11.9998 -14.9484 6.89846 -11.7001 -14.5124 7.20176 -12.0377 -14.9071 7.7582 -9.04905 -15.6738 7.48268 -9.01277 -15.1419 7.42962 -9.36379 -15.1344 7.80254 -8.66088 -15.6642 7.71195 -9.43606 -15.6591 7.36647 -9.71285 -15.1093 7.65386 -9.82093 -15.625 7.58333 -10.2019 -15.5722 7.29249 -10.0587 -15.0672 7.20844 -10.3995 -15.0078 7.11421 -10.7342 -14.9313 7.50121 -10.577 -15.5005 7.4074 -10.9454 -15.4105 7.30244 -11.306 -15.302 6.89747 -11.3815 -14.7277 7.18687 -11.6577 -15.1751 7.01036 -11.0618 -14.8379 7.53489 -8.66098 -15.1273 -8.37953 -15 -8.33868 -11.1892 -15 -11.1347 -8.71857 -15 -12.8155 -8.52485 -15 -12.9434 -8.32782 -15 -13.066 -8.12763 -15 -13.1832 -7.92446 -15 -13.295 -7.50984 -15 -13.5023 -7.08527 -15 -13.6878 -7.67141 -15 -7.71747 -6.6521 -15 -13.8513 -6.21165 -15 -13.9927 -6.89101 -15 -7.18992 -5.76526 -15 -14.1119 -6.05064 -15 -6.76435 -5.31426 -15 -14.2086 -4.86005 -15 -14.2829 -5.16355 -15 -6.44749 -4.40392 -15 -14.3351 -3.947 -15 -14.3655 -4.24374 -15 -6.24432 -3.49042 -15 -14.3747 -3.30571 -15 -6.15805 -3.03532 -15 -14.3629 -2.58283 -15 -14.3306 -2.36428 -15 -6.19004 -2.1341 -15 -14.2781 -1.69025 -15 -14.206 -1.43427 -15 -6.33978 -1.2524 -15 -14.1147 -0.821355 -15 -14.0049 -0.397838 -15 -13.8775 0.0174392 -15 -13.7333 -0.345472 -15 -6.49081 0.423761 -15 -13.5729 0.820414 -15 -13.3972 1.20668 -15 -13.207 0.753208 -15 -6.45621 3.57785 -15 -11.54 3.86599 -15 -11.2648 1.83035 -15 -6.23697 4.14085 -15 -10.983 4.40234 -15 -10.6957 4.65068 -15 -10.4035 4.88612 -15 -10.1074 5.10896 -15 -9.80802 2.85514 -15 -5.83936 5.70457 -15 -8.89838 5.51791 -15 -9.20275 5.87972 -15 -8.59389 6.04375 -15 -8.29003 6.19726 -15 -7.98734 3.79828 -15 -5.27476 6.34088 -15 -7.68627 6.60095 -15 -7.09066 6.47523 -15 -7.38723 6.71865 -15 -6.797 6.93251 -15 -6.22011 4.63279 -15 -4.5593 7.12226 -15 -5.65947 7.29406 -15 -5.11544 5.33482 -15 -3.71345 7.60819 -15 -4.07575 7.76266 -15 -3.57832 7.92316 -15 -3.0919 5.88427 -15 -2.7614 6.26544 -15 -1.73038 8.25585 -15 -2.12847 8.41194 -15 -1.63905 6.46743 -15 -0.649878 8.55942 -15 -1.14132 8.697 -15 -0.633359 6.48446 -15 0.449214 8.82337 -15 -0.113259 8.937 -15 0.420782 9.03555 -15 0.969858 6.31604 -15 1.53546 9.11659 -15 1.53481 9.1777 -15 2.11647 9.19998 -15 2.41382 9.21625 -15 2.71549 5.96699 -15 2.57779 9.22614 -15 3.02141 9.22929 -15 3.3315 9.22531 -15 3.64568 9.21385 -15 3.96388 9.19453 -15 4.286 5.44729 -15 3.5464 9.16697 -15 4.61199 9.1308 -15 4.94171 9.08564 -15 5.27493 9.03113 -15 5.61137 4.77181 -15 4.41359 8.89272 -15 6.29279 8.96694 -15 5.95075 8.80812 -15 6.63721 8.7128 -15 6.98373 8.60641 -15 7.33209 3.95986 -15 5.15456 8.48859 -15 7.68195 8.35909 -15 8.03288 8.21765 -15 8.38443 8.06405 -15 8.73613 3.18692 -15 5.83782 7.89805 -15 9.08755 7.71942 -15 9.43821 2.6484 -15 6.44709 7.52792 -15 9.78766 7.32332 -15 10.1355 2.17901 -15 7.11108 7.10541 -15 10.4811 1.78426 -15 7.82198 6.87407 -15 10.824 6.62927 -15 11.1636 1.46879 -15 8.57144 6.37095 -15 11.4993 1.23631 -15 9.35064 6.09907 -15 11.8305 5.81357 -15 12.1567 1.08956 -15 10.1504 5.51441 -15 12.4773 1.03025 -15 10.9614 5.20154 -15 12.7916 1.8088 -15 15.2288 1.38862 -15 15.4375 1.05909 -15 11.7741 2.2182 -15 15.009 2.63615 -15 14.7665 3.43436 -15 14.2488 3.0416 -15 14.5129 3.81426 -15 13.9747 4.18111 -15 13.6914 4.53473 -15 13.3993 4.87493 -15 13.0992 3.27664 -15 -11.8077 2.96258 -15 -12.0671 2.63586 -15 -12.3172 2.2967 -15 -12.5572 1.94529 -15 -12.786 1.58186 -15 -13.003 13.1068 -11.3807 9.3668 13.5635 -11.6774 9.61899 13.5166 -11.7806 9.57984 13.0619 -11.4784 9.3304 13.0221 -11.5731 9.28359 13.4739 -11.8814 9.53082 13.4564 -11.9297 9.49989 13.0065 -11.6181 9.25314 13.4432 -11.9749 9.46361 13.4353 -12.0165 9.42118 12.9957 -11.66 9.21682 12.9905 -11.6973 9.17502 13.4325 -12.0536 9.37411 12.9902 -11.7301 9.12908 13.4343 -12.0859 9.32414 12.9942 -11.7585 9.08046 13.4403 -12.1137 9.27178 13.002 -11.7822 9.03029 13.4502 -12.1368 9.21766 13.0281 -11.8164 8.92712 13.4639 -12.1553 9.16241 13.5017 -12.1782 9.05112 13.0667 -11.8334 8.82319 13.5519 -12.1819 8.94301 13.1158 -11.8339 8.7221 13.6126 -12.1673 8.84136 13.1734 -11.8191 8.62713 13.6814 -12.136 8.74826 13.2377 -11.79 8.53977 13.3071 -11.7476 8.46172 13.756 -12.0889 8.66704 13.3797 -11.692 8.39655 14.0577 -11.7694 8.51701 14.1254 -11.6728 8.5119 13.6586 -11.3624 8.29751 13.5934 -11.4534 8.30526 13.9872 -11.8626 8.52848 13.5254 -11.5412 8.31964 13.9119 -11.9502 8.55469 13.4534 -11.6224 8.34877 13.8729 -11.9904 8.57517 13.8336 -12.027 8.60102 15.1984 -8.2123 8.66694 14.6751 -8.19177 8.37396 14.6529 -8.41427 8.39039 15.2125 -7.9686 8.65042 15.1772 -8.45532 8.67955 14.6241 -8.63607 8.40347 15.1487 -8.69761 8.68858 15.1128 -8.93915 8.69438 14.5887 -8.85712 8.41353 14.5465 -9.07739 8.42059 14.4978 -9.29656 8.42448 15.0695 -9.17974 8.69693 15.0189 -9.41892 8.69608 14.3808 -9.72975 8.423 14.3125 -9.94329 8.41759 14.896 -9.89153 8.68453 14.961 -9.65631 8.69192 14.4426 -9.51416 8.42526 14.8239 -10.1246 8.67385 14.2377 -10.1548 8.40905 14.7446 -10.3555 8.65986 14.1564 -10.3638 8.39756 14.0689 -10.5699 8.38331 14.5651 -10.8086 8.62277 14.6583 -10.5836 8.64277 14.2455 -11.4621 8.54377 13.6586 -11.3624 8.29751 14.1254 -11.6728 8.5119 13.7704 -11.1692 8.32282 14.3588 -11.2478 8.57313 13.8759 -10.9726 8.34581 14.4652 -11.0299 8.59959 13.9753 -10.7729 8.3661 14.6909 -7.9686 8.35382 2.6484 -7.5 6.44709 2.6484 -15 6.44709 2.17901 -7.5 7.11108 2.17901 -15 7.11108 1.78426 -7.5 7.82198 1.78426 -15 7.82198 1.46879 -7.5 8.57144 1.46879 -15 8.57144 1.23631 -7.5 9.35064 1.08956 -7.5 10.1504 1.23631 -15 9.35064 1.08956 -15 10.1504 1.03025 -15 10.9614 1.03025 -7.5 10.9614 -4.40805 -7.5 17.9672 -4.40805 7.5 17.9672 -5.61386 -7.5 4.56206 -5.61386 7.5 4.56206 -5.76651 7.5 3.70704 -5.76651 -7.5 3.70704 -6.06482 7.5 2.89133 -6.06482 -7.5 2.89133 -6.49979 -7.5 2.13956 -6.49979 7.5 2.13956 1.68494 -7.5 2.48213 1.68494 7.5 2.48213 1.16832 -7.5 2.76315 1.16832 7.5 2.76315 0.606811 -7.5 2.93799 0.606811 7.5 2.93799 0.0219779 -7.5 2.99992 0.0219779 7.5 2.99992 -0.5637 -7.5 2.94656 -0.5637 7.5 2.94656 -1.12771 -7.5 2.77997 -1.12771 7.5 2.77997 -1.64839 -7.5 2.50655 -1.64839 7.5 2.50655 -2.10572 -7.5 2.1368 -2.48213 7.5 1.68494 -2.76315 -7.5 1.16832 -2.76315 7.5 1.16832 -2.93799 -7.5 0.606811 -2.50655 7.5 -1.64839 -2.50655 -7.5 -1.64839 -2.77997 7.5 -1.12771 -2.77997 -7.5 -1.12771 -2.94656 7.5 -0.5637 -2.94656 -7.5 -0.5637 -2.99992 7.5 0.0219779 -2.99992 -7.5 0.0219779 -2.93799 7.5 0.606811 -2.48213 -7.5 1.68494 -2.10572 7.5 2.1368 -2.80363 7.5 11.4764 -2.80363 -7.5 11.4764 -2.87694 7.5 11.8596 -2.87694 -7.5 11.8596 -2.79802 7.5 12.2417 -2.79802 -7.5 12.2417 -2.57888 7.5 12.5646 -1.48753 -7.5 12.7733 -1.48753 7.5 12.7733 -1.86964 -7.5 12.8523 -1.86964 7.5 12.8523 -2.25287 -7.5 12.779 -2.25287 7.5 12.779 -2.57888 -7.5 12.5646 -11.3191 7.5 -6.37569 -11.3191 -7.5 -6.37569 -11.3924 7.5 -5.99246 -11.3924 -7.5 -5.99246 -11.3135 7.5 -5.61034 -11.3135 -7.5 -5.61034 -11.0943 7.5 -5.28752 -10.003 -7.5 -5.07873 -10.003 7.5 -5.07873 -10.3851 -7.5 -4.99981 -10.3851 7.5 -4.99981 -10.7683 -7.5 -5.07313 -10.7683 7.5 -5.07313 -11.0943 -7.5 -5.28752 -7.67141 -7.5 -7.71747 -7.67141 -15 -7.71747 -6.89101 -7.5 -7.18992 -6.89101 -15 -7.18992 -6.05064 -7.5 -6.76435 -6.05064 -15 -6.76435 -5.16355 -7.5 -6.44749 -5.16355 -15 -6.44749 -4.24374 -7.5 -6.24432 -3.30571 -7.5 -6.15805 -4.24374 -15 -6.24432 -3.30571 -15 -6.15805 -2.36428 -15 -6.19004 -1.43427 -15 -6.33978 -1.43427 -7.5 -6.33978 -2.36428 -7.5 -6.19004 4.77181 -7.5 4.41359 4.77181 -15 4.41359 5.44729 -7.5 3.5464 5.96699 -7.5 2.57779 5.44729 -15 3.5464 5.96699 -15 2.57779 6.31604 -15 1.53546 6.31604 -7.5 1.53546 6.48446 -7.5 0.449214 6.48446 -15 0.449214 6.46743 -7.5 -0.649878 6.46743 -15 -0.649878 6.26544 -7.5 -1.73038 6.26544 -15 -1.73038 5.88427 -7.5 -2.7614 5.33482 -7.5 -3.71345 5.88427 -15 -2.7614 5.33482 -15 -3.71345 4.63279 -7.5 -4.5593 4.63279 -15 -4.5593 3.79828 -7.5 -5.27476 2.85514 -7.5 -5.83936 3.79828 -15 -5.27476 2.85514 -15 -5.83936 -0.345472 -15 -6.49081 -0.345472 -7.5 -6.49081 0.753208 -15 -6.45621 0.753208 -7.5 -6.45621 1.83035 -15 -6.23697 1.83035 -7.5 -6.23697 -5.35862 -9.78089 -16.6594 -5.37953 -9.66605 -16.6527 -5.17555 -9.77821 -16.088 -5.19521 -9.6648 -16.0817 -5.39098 -9.54973 -16.6489 -5.13683 -9.8858 -16.1004 -5.31832 -9.88935 -16.6723 -5.3415 -9.83653 -16.6649 -5.1591 -9.83321 -16.0933 -5.28815 -9.93854 -16.6819 -5.1088 -9.93497 -16.1093 -5.03615 -10.0197 -16.1322 -4.9931 -10.0552 -16.1456 -5.21144 -10.0229 -16.706 -5.25204 -9.98321 -16.6933 -5.07505 -9.9797 -16.12 -4.89739 -10.1112 -16.1748 -5.16694 -10.0577 -16.7198 -4.96105 -10.1454 -16.782 -4.68358 -10.1565 -16.238 -4.84912 -10.1565 -16.8148 -4.79284 -10.1453 -16.2061 -4.57386 -10.1455 -16.2693 -4.73699 -10.1457 -16.8467 -4.62834 -10.115 -16.8768 -4.46745 -10.1139 -16.2988 -4.52669 -10.0651 -16.9044 -5.06846 -10.1121 -16.7499 -4.43553 -9.99706 -16.9286 -4.36814 -10.0629 -16.3257 -4.27975 -9.99355 -16.3491 -4.39545 -9.95608 -16.939 -4.11449 -9.69944 -16.3915 -4.08176 -9.58982 -16.3997 -4.22668 -9.58982 -16.9819 -4.26126 -9.70148 -16.9733 -4.15396 -9.80643 -16.3815 -4.30298 -9.80986 -16.9627 -4.20774 -9.90664 -16.3678 -4.35999 -9.91061 -16.9482 -4.24136 -9.95216 -16.3591 -5.20615 -9.54973 -16.0781 13.0221 -11.5731 9.28359 13.5934 -11.4534 8.30526 13.6586 -11.3624 8.29751 13.0065 -11.6181 9.25314 12.9957 -11.66 9.21682 13.5254 -11.5412 8.31964 12.9905 -11.6973 9.17502 13.4534 -11.6224 8.34877 12.9902 -11.7301 9.12908 12.9942 -11.7585 9.08046 13.002 -11.7822 9.03029 13.0281 -11.8164 8.92712 13.3071 -11.7476 8.46172 13.3797 -11.692 8.39655 13.0667 -11.8334 8.82319 13.2377 -11.79 8.53977 13.1734 -11.8191 8.62713 13.1158 -11.8339 8.7221 13.0619 -11.4784 9.3304 13.1068 -11.3807 9.3668 13.7704 -11.1692 8.32282 13.203 -11.2029 9.39355 13.8759 -10.9726 8.34581 13.2944 -11.0225 9.41695 13.9753 -10.7729 8.3661 13.3809 -10.8396 9.43735 14.0689 -10.5699 8.38331 14.1564 -10.3638 8.39756 13.4622 -10.6541 9.4551 13.5384 -10.4659 9.4701 14.2377 -10.1548 8.40905 13.6095 -10.2752 9.48203 14.3125 -9.94329 8.41759 13.6753 -10.0824 9.4909 14.3808 -9.72975 8.423 13.7357 -9.88787 9.49673 13.7906 -9.69172 9.49952 14.4426 -9.51416 8.42526 14.4978 -9.29656 8.42448 14.5465 -9.07739 8.42059 13.8402 -9.49399 9.49923 13.923 -9.09494 9.48933 13.8843 -9.29497 9.49584 14.5887 -8.85712 8.41353 14.6529 -8.41427 8.39039 14.6751 -8.19177 8.37396 13.9839 -8.69293 9.46716 14.2561 -8.17954 9.07588 14.0235 -8.28884 9.43124 14.0063 -8.49113 9.45108 14.4786 -8.07279 8.71663 14.6909 -7.9686 8.35382 13.9562 -8.89422 9.47981 14.6241 -8.63607 8.40347 7.95807 -11.1722 -14.1187 6.88 -11.4798 -14.6768 6.89747 -11.3815 -14.7277 7.88565 -11.3503 -14.0524 6.87134 -11.5751 -14.619 7.82733 -11.4427 -14.0302 6.8737 -11.6203 -14.5862 6.88252 -11.6623 -14.5506 7.76342 -11.5319 -14.0124 6.89846 -11.7001 -14.5124 6.92035 -11.7333 -14.4729 7.68891 -11.6146 -14.0055 6.947 -11.7618 -14.4331 6.9778 -11.7856 -14.3933 7.60373 -11.6861 -14.0139 7.05 -11.8197 -14.3157 7.51142 -11.7438 -14.0374 7.13329 -11.8361 -14.2427 7.41563 -11.7883 -14.0734 7.31895 -11.8189 -14.1204 7.224 -11.8353 -14.1771 8.02739 -10.9911 -14.1802 7.01036 -11.0618 -14.8379 8.09353 -10.8074 -14.237 8.15641 -10.6212 -14.2889 7.11421 -10.7342 -14.9313 8.21595 -10.4327 -14.3361 7.20844 -10.3995 -15.0078 8.27206 -10.2421 -14.3783 8.32467 -10.0496 -14.4157 8.3737 -9.85534 -14.448 7.29249 -10.0587 -15.0672 8.41907 -9.65944 -14.4754 7.36647 -9.71285 -15.1093 8.46085 -9.46202 -14.4979 7.42962 -9.36379 -15.1344 8.49925 -9.26334 -14.5153 8.53444 -9.06371 -14.5273 8.56738 -8.86354 -14.5335 8.31291 -8.37159 -14.7142 8.61911 -8.25712 -14.5368 8.61171 -8.46046 -14.5372 7.95211 -8.50621 -14.9123 7.48268 -9.01277 -15.1419 7.53489 -8.66098 -15.1273 8.59505 -8.66266 -14.5356</float_array>
                    <technique_common>
                        <accessor count="6843" source="#shape0-lib-positions-array" stride="3">
                            <param name="X" type="float"/>
                            <param name="Y" type="float"/>
                            <param name="Z" type="float"/>
                        </accessor>
                    </technique_common>
                </source>
                <source id="shape0-lib-normals" name="normal">
                    <float_array id="shape0-lib-normals-array" count="23898">0.802336 -0.00973504 0.596794 0.722358 2.08531e-05 0.69152 0.741031 -0.0057322 0.671446 0.761053 -0.00073898 0.648689 0.779711 0.000581814 0.62614 0.796593 -0.00503357 0.604495 0.743889 -0.0076379 0.668259 0.813824 -0.00247264 0.581107 0.814238 -0.00189758 0.580529 0.823374 0.00111652 0.567498 0.809188 0.0084114 0.58749 0.806343 0.0107587 0.591351 0.796275 0.00387996 0.604922 0.782788 -0.000183296 0.622288 0.768038 0.000220864 0.640405 0.751888 0.00522065 0.65927 0.720566 -2.08549e-05 0.693386 0.745386 0.00883153 0.666575 0.736288 0.00393922 0.676657 0.823002 0.00136527 0.568036 0.211845 -0.956548 -0.200342 0.0710518 -0.995036 -0.0696817 0.223852 -0.951762 -0.209858 0.342442 -0.882351 -0.322784 0.461881 -0.773688 -0.433673 0.480287 -0.754124 -0.447907 0.565174 -0.632124 -0.530092 0.73001 -0.0602853 -0.680773 0.726055 -0.0998923 -0.680342 0.719541 -0.182593 -0.670016 0.698251 -0.291 -0.654036 0.695468 -0.306689 -0.64982 0.660463 -0.42953 -0.615867 0.644256 -0.46872 -0.604348 0.612638 -0.547476 -0.570039 0.551527 -0.656734 -0.514314 0.400985 -0.836938 -0.372487 0.3143 -0.90307 -0.292713 0.134027 -0.983217 -0.123781 0.0440901 -0.998181 -0.0411164 -0.662307 0 -0.749233 -0.662307 0 -0.749233 0.211845 -0.956548 -0.200342 0.0710518 -0.995036 -0.0696817 0.223852 -0.951762 -0.209858 0.342442 -0.882351 -0.322784 0.461881 -0.773688 -0.433673 0.480287 -0.754124 -0.447907 0.565174 -0.632124 -0.530092 0.73001 -0.0602853 -0.680773 0.726055 -0.0998923 -0.680342 0.719541 -0.182593 -0.670016 0.698251 -0.291 -0.654036 0.695468 -0.306689 -0.64982 0.660463 -0.42953 -0.615867 0.644256 -0.46872 -0.604348 0.612638 -0.547476 -0.570039 0.551527 -0.656734 -0.514314 0.400985 -0.836938 -0.372487 0.3143 -0.90307 -0.292713 0.134027 -0.983217 -0.123781 0.0440901 -0.998181 -0.0411164 0.211845 -0.956548 -0.200342 0.071053 -0.995036 -0.0696826 0.223851 -0.951762 -0.209857 0.342443 -0.882351 -0.322785 0.461881 -0.773688 -0.433673 0.480287 -0.754125 -0.447907 0.565174 -0.632125 -0.530092 0.73001 -0.0602855 -0.680773 0.726055 -0.0998923 -0.680342 0.719541 -0.182593 -0.670016 0.698252 -0.291 -0.654037 0.695468 -0.306688 -0.64982 0.660463 -0.429531 -0.615867 0.644256 -0.46872 -0.604347 0.612638 -0.547476 -0.570039 0.551527 -0.656733 -0.514315 0.400983 -0.836939 -0.372485 0.314302 -0.903068 -0.292715 0.134025 -0.983217 -0.12378 0.0440925 -0.998181 -0.0411186 0.805098 -0.00367397 0.593131 0.806418 0.00113277 0.591345 0.811592 -0.00236023 0.584219 0.811331 -0.00204242 0.584583 0.811868 -0.00260603 0.583835 0.744932 0 0.667141 0.81112 -0.00164834 0.584877 0.747152 -0.00115985 0.664652 0.810997 -0.00118171 0.585049 0.811322 7.9859e-05 0.5846 0.811448 0.00056313 0.584425 0.811683 0.00101179 0.584098 0.812007 0.00142079 0.583646 0.808277 0.00249412 0.588797 0.809799 -0.000634369 0.586707 0.746126 0 0.665805 0.747276 0.000623464 0.664514 0.808394 0.00205776 0.588638 -0.657844 0 -0.753154 -0.66302 -1.28701e-06 -0.748602 -0.663055 -5.86429e-06 -0.748571 -0.667598 -4.50808e-06 -0.744522 -0.671931 -1.48388e-06 -0.740614 -0.675649 7.6146e-07 -0.737224 -0.678468 -7.19848e-06 -0.73463 -0.675626 -2.27076e-06 -0.737245 -0.681109 -5.16307e-06 -0.732182 -0.683312 -7.37935e-06 -0.730126 -0.681068 -1.0764e-05 -0.732221 -0.678482 -5.31634e-06 -0.734617 -0.618067 0 -0.786125 -0.618067 0 -0.786125 -0.540105 0 -0.841598 -0.457199 0 -0.889364 -0.370106 0 -0.928989 -0.279627 0 -0.960109 -0.186585 0 -0.982439 -0.0918384 0 -0.995774 0.00375245 0 -0.999993 0.0993071 0 -0.995057 0.193953 0 -0.981011 0.286824 0 -0.957983 0.377068 0 -0.926186 0.546406 0 -0.837521 0.623948 0 -0.781466 0.69578 0 -0.718255 0.76124 0 -0.64847 0.819732 0 -0.572748 0.913734 0 -0.406313 0.948384 0 -0.317125 0.974351 0 -0.225034 0.991398 0 -0.130883 0.999369 0 -0.0355323 0.99819 0 0.0601431 0.987872 0 0.155268 0.968511 0 0.248971 0.940283 0 0.340394 0.870718 0 -0.491782 0.903446 0 0.428702 0.858338 0 0.513084 0.805372 0 0.59277 0.745032 0 0.667028 -0.671913 8.49775e-07 -0.74063 0.745032 0 0.667028 0.805372 0 0.59277 -0.667587 -3.1355e-06 -0.744532 0.858338 0 0.513084 0.903446 0 0.428702 0.940283 0 0.340394 0.968511 0 0.248971 0.987872 0 0.155268 0.99819 0 0.0601431 0.999369 0 -0.0355323 0.991398 0 -0.130883 0.974351 0 -0.225034 0.948384 0 -0.317125 0.913734 0 -0.406313 0.870718 0 -0.491782 0.819732 0 -0.572748 0.76124 0 -0.64847 0.69578 0 -0.718255 0.623948 0 -0.781466 0.546406 0 -0.837521 0.46386 0 -0.885909 0.46386 0 -0.885909 0.377068 0 -0.926186 0.286824 0 -0.957983 0.193953 0 -0.981011 0.0993071 0 -0.995057 0.00375245 0 -0.999993 -0.0918384 0 -0.995774 -0.186585 0 -0.982439 -0.279627 0 -0.960109 -0.370106 0 -0.928989 -0.457199 0 -0.889364 -0.540105 0 -0.841598 -0.657864 -2.60349e-06 -0.753137 -0.662307 0 -0.749233 -0.662307 0 -0.749233 0.477845 0 0.878444 0.297288 0 0.954788 0.297288 0 0.954788 0.105305 0 0.99444 -0.0907235 0 0.995876 -0.283267 0 0.959041 -0.283267 0 0.959041 -0.464923 0 0.885351 -0.628713 0 0.777637 -0.768342 0 0.64004 -0.768342 0 0.64004 -0.878444 0 0.477845 -0.954788 0 0.297288 -0.99444 0 0.105305 -0.99444 0 0.105305 -0.777637 0 -0.628713 -0.777637 0 -0.628713 -0.885351 0 -0.464923 -0.885351 0 -0.464923 -0.959041 0 -0.283267 -0.959041 0 -0.283267 -0.995876 0 -0.0907235 -0.995876 0 -0.0907235 -0.954788 0 0.297288 0.64004 0 0.768342 -0.878444 0 0.477845 -0.628713 0 0.777637 -0.464923 0 0.885351 0.477845 0 0.878444 0.64004 0 0.768342 -0.0907235 0 0.995876 0.105305 0 0.99444 -0.835518 0 -0.549464 -0.982188 0 -0.1879 -0.97933 0 0.20227 -0.97933 0 0.20227 -0.827377 0 0.561647 -0.549463 0 0.835518 -0.187902 0 0.982188 -0.187902 0 0.982188 0.561647 0 0.827377 0.561647 0 0.827377 0.202271 0 0.97933 0.202271 0 0.97933 -0.549463 0 0.835518 -0.827377 0 0.561647 -0.982188 0 -0.1879 -0.835518 0 -0.549464 -0.835518 0 -0.549463 -0.982188 0 -0.187899 -0.97933 0 0.202269 -0.97933 0 0.202269 -0.827377 0 0.561647 -0.549464 0 0.835518 -0.187901 0 0.982188 -0.187901 0 0.982188 0.561645 0 0.827378 0.561645 0 0.827378 0.202271 0 0.97933 0.202271 0 0.97933 -0.549464 0 0.835518 -0.827377 0 0.561647 -0.982188 0 -0.187899 -0.835518 0 -0.549463 0.299986 0.84659 0.439652 0.370528 0.774305 0.512993 0.363863 0.788711 -0.495519 0.283602 0.822404 -0.493175 -0.375117 0.122781 -0.91881 -0.287754 0.3852 -0.876823 -0.11606 0.702324 -0.702332 -0.414943 0.104361 -0.903842 0.598314 0.689648 -0.407928 0.568235 0.681958 -0.46048 0.81655 0.14175 0.559601 0.772178 -0.0546561 0.633051 0.378489 0.797739 0.469423 0.412449 0.801928 0.432202 0.442656 0.625451 0.642547 0.388617 0.723008 0.571171 -0.169384 0.569861 -0.804095 -0.158668 0.27922 -0.947027 -0.293979 0.268408 -0.917351 -0.0863236 0.613852 -0.784688 0.74191 0.662373 -0.10408 0.702626 0.709827 -0.0496305 0.425217 0.853931 0.299988 0.427839 0.818227 0.384002 0.941708 0.276285 0.191973 0.924143 0.293389 0.244709 0.921836 0.38472 -0.047006 0.861566 0.498094 -0.0980133 0.978976 0.200721 0.0362907 0.978778 0.180347 0.0973066 0.562663 0.826686 -0.000434147 0.614729 0.786501 0.0593707 0.612244 0.0320718 0.790018 0.57856 0.0602155 0.813414 0.560529 0.0370271 0.827307 0.524039 0.0637459 0.849305 0.585104 0.104706 0.80417 0.635829 0.0890269 0.766679 0.708501 0.0215804 0.70538 0.679007 0.0415994 0.732952 0.678042 0.127424 0.723894 0.524526 0.0659767 0.848834 0.563036 0.250387 0.787589 0.494175 0.205746 0.844666 0.57623 0.166107 0.80023 0.50646 0.282982 0.814506 0.994867 0.0898668 -0.046524 0.997781 0.0619777 0.0243103 -0.213546 0.0258651 -0.97659 -0.137696 0.101323 -0.985278 -0.0338698 0.282683 -0.958615 -0.185583 0.00666322 -0.982606 0.181676 0.981002 0.0680419 0.235964 0.970182 0.0553918 0.321668 0.901977 -0.288041 0.361555 0.841993 -0.400407 0.237394 0.845675 0.477993 0.0946333 0.986713 0.132071 0.16639 0.983291 -0.0738468 0.21405 0.968286 -0.128856 0.285775 0.715567 0.637414 0.333042 0.618173 0.712 0.238414 0.348589 -0.906446 0.226184 0.448342 -0.864772 0.99644 0.0576666 -0.0615044 0.993307 0.114797 0.0127858 0.614401 0.664237 0.425794 0.583461 0.759655 0.287224 0.542232 0.767548 0.341842 0.616647 0.722972 0.311542 0.251676 0.937244 -0.241317 0.238656 0.952686 -0.188238 0.848664 0.49577 -0.184342 0.861419 0.471539 -0.188704 0.765464 0.266823 -0.585551 0.724496 0.309839 -0.615715 0.306496 0.943754 -0.124049 0.321117 0.928741 -0.185266 0.561384 0.215263 0.799069 0.615126 0.237049 0.751949 0.330334 0.0523625 0.94241 0.162574 -0.342275 0.925428 0.238866 0.500661 0.832035 0.251356 0.2621 0.931732 0.228371 0.265399 -0.936702 0.28998 0.426739 -0.856625 0.396712 0.425398 -0.813422 0.342179 0.364034 -0.866252 0.658651 0.216813 -0.720536 0.606378 0.195619 -0.77074 -0.523607 0.0979277 -0.846313 -0.493563 0.0872322 -0.865324 -0.47576 0.515758 -0.712493 0.344258 0.392481 -0.852904 0.316985 0.396002 -0.861802 0.0900817 0.973109 -0.212 0.0409322 0.988938 -0.142568 0.444593 0.275121 -0.852435 0.389554 0.22763 -0.89243 -0.0834741 0.92619 -0.367702 -0.117857 0.930135 -0.347791 0.197541 0.286072 0.937625 0.310395 0.271608 0.91098 -0.0768375 0.971528 -0.224121 -0.0971767 0.979088 -0.178725 0.641709 0.292787 -0.708862 0.679118 0.0948076 -0.727881 0.907589 0.411292 0.0843879 0.906643 0.387479 0.166911 0.85774 0.486881 0.165012 0.803094 0.588631 0.092484 0.93744 0.296125 0.183073 0.951744 0.277526 0.13101 0.565715 0.801984 0.191802 0.549418 0.828753 0.10634 0.580114 0.783669 0.222105 0.558963 0.801064 0.214142 0.202592 0.752911 -0.626165 0.261374 0.770069 -0.581959 0.991271 0.0856881 -0.100193 0.978879 0.102931 -0.176636 0.985385 0.161656 -0.0536961 0.978504 0.162242 -0.127305 0.641756 0.428647 -0.635933 0.582954 0.506527 -0.635292 0.680781 0.514989 -0.520887 0.657319 0.456533 -0.599591 0.646287 0.395408 -0.652661 0.712853 0.366791 -0.59775 0.0315953 0.999118 0.0276538 0.0613148 0.997325 0.0397992 0.038573 0.998164 0.0467052 0.131351 0.983814 0.121891 0.676913 0.150873 -0.720435 0.719767 0.148767 -0.678089 0.556181 0.395136 0.731116 0.572291 0.55607 0.602718 0.593178 0.352013 0.724035 0.521283 0.492433 0.696975 0.563397 0.521759 0.640587 0.493378 0.285702 0.821555 0.816916 0.44209 0.370412 0.80279 0.471673 0.364763 -0.399955 0.21907 -0.889969 -0.348579 0.0379539 -0.936511 -0.444236 0.189835 -0.875567 -0.332083 0.0237882 -0.94295 0.881088 0.318819 0.349341 0.861533 0.298459 0.410709 0.963815 0.154185 0.217456 0.950443 0.0304904 0.3094 0.958246 0.160677 0.236532 0.969743 0.193075 0.1494 0.614316 0.664959 0.424789 0.69528 0.552252 0.460004 0.422709 0.817947 -0.39023 0.319418 0.857635 -0.403031 0.376639 0.181294 -0.908447 0.326457 0.211926 -0.921148 0.878932 0.476939 -0.00297599 0.844466 0.535517 0.00998094 0.929233 0.235486 0.284732 0.955455 0.18203 0.232316 0.329209 0.750366 -0.573212 0.422915 0.7019 -0.573131 0.13768 0.86192 -0.487994 0.238183 0.763891 -0.599783 0.606147 0.754949 0.250275 0.616425 0.763271 0.193489 -0.0800173 0.708324 -0.701338 -0.145753 0.696651 -0.702449 0.502549 0.418384 0.756571 0.604591 0.374405 0.703058 -0.0747324 0.0753889 -0.99435 -0.0849349 0.307373 -0.947791 0.0573845 0.493255 -0.86799 -0.025125 0.581077 -0.813461 0.0669318 0.475939 -0.876927 0.150197 0.416056 -0.896849 0.226826 0.422755 -0.877398 0.170026 0.292041 -0.941171 0.0863434 0.946844 -0.30989 0.0467558 0.96267 -0.266609 0.634222 0.493606 0.595077 0.687394 0.40613 0.602119 -0.196884 0.768899 -0.608301 -0.280291 0.726971 -0.626858 -0.14081 0.723951 -0.675328 -0.321168 0.623347 -0.712944 0.807923 0.46984 -0.355685 0.830826 0.473315 -0.292748 0.441491 0.889421 0.118387 0.387013 0.919692 0.066234 0.685697 0.0693135 -0.72458 0.769632 0.134248 -0.624214 0.70853 0.291664 -0.642586 0.680939 0.1545 -0.715857 0.328283 0.772507 0.543566 0.41282 0.766781 0.491555 0.148963 0.750187 -0.644228 0.0669398 0.810786 -0.581503 -0.254386 0.752448 -0.607545 -0.325404 0.749831 -0.576078 0.878863 0.129683 -0.459111 0.848563 0.133811 -0.511893 0.807238 0.144814 -0.572185 0.849023 0.0736119 -0.523203 -0.42945 0.63438 -0.642756 -0.34491 0.675812 -0.651395 0.463183 0.84367 0.271445 0.445166 0.836043 0.320718 0.909055 0.27258 0.315149 0.85417 0.331702 0.400459 -0.367328 -0.438669 -0.820146 -0.255909 0.14921 -0.955116 0.561585 0.228867 -0.795137 0.613672 0.240952 -0.751897 0.162079 0.98189 -0.0980907 0.234491 0.954536 -0.184051 -0.402229 0.390272 -0.82819 -0.317942 0.219502 -0.922351 0.0751055 0.996233 -0.0433558 0.132697 0.99048 -0.036629 0.676366 0.5032 0.537884 0.704509 0.585497 0.401073 0.20237 0.592822 -0.779492 0.138859 0.518514 -0.843719 0.877401 0.475323 -0.0650864 0.882673 0.469986 -0.00149795 0.540309 0.742131 -0.39662 0.49653 0.751327 -0.434702 -0.405218 0.460237 -0.789924 -0.365137 0.711769 -0.60005 -0.372197 0.439658 -0.817417 -0.441465 0.515226 -0.734609 0.507557 0.588523 0.629307 0.548725 0.594915 0.587347 0.24911 0.216937 0.943866 0.165885 0.147592 0.975038 -0.192993 0.538945 -0.819934 -0.223078 0.646629 -0.729457 -0.386961 0.138851 -0.911582 -0.306794 0.226941 -0.924324 -0.00777722 0.676117 -0.736753 -0.0712958 0.667316 -0.741354 0.0724002 0.629764 -0.773405 -6.9081e-05 0.707435 -0.706778 0.837855 0.447201 0.313066 0.852735 0.458718 0.24984 0.306379 0.380568 -0.872525 0.372066 0.322092 -0.87053 0.435576 0.387301 -0.812571 0.356888 0.585597 -0.72781 0.506101 0.835376 -0.214497 0.497805 0.826839 -0.261777 0.208025 0.953069 -0.219964 0.227934 0.931382 -0.283854 0.260551 0.932149 -0.251418 0.187916 0.932654 -0.307968 0.0045398 0.75046 -0.660901 -0.0655864 0.731644 -0.678525 0.216365 0.440263 -0.87141 0.264291 0.605687 -0.750529 0.895609 0.344294 0.281684 0.891607 0.421529 0.16538 -0.460836 0.435944 -0.773035 -0.532242 0.290278 -0.795272 0.653995 0.622863 -0.42934 0.631269 0.601576 -0.489495 0.551709 0.270216 0.789051 0.622357 0.327206 0.711061 0.811185 0.308152 -0.497012 0.775783 0.308018 -0.550713 0.7642 0.64433 0.0289251 0.743206 0.665233 0.0714849 0.786902 0.515373 -0.339377 0.811298 0.410587 -0.416189 -0.241146 0.807825 -0.537837 -0.274167 0.844703 -0.459684 0.442308 0.576136 0.687336 0.513032 0.479658 0.711847 0.837622 0.543897 -0.0506558 0.849863 0.513978 -0.116448 0.340568 0.0510054 -0.938835 0.271518 0.0432787 -0.96146 0.342837 0.0444956 -0.938341 0.414394 0.0692961 -0.907455 0.231966 0.372929 0.898396 0.288651 0.327113 0.899821 -0.0534531 0.329236 -0.942734 -0.0406771 0.668083 -0.742974 0.771797 0.527781 0.354649 0.70871 0.660345 0.248344 0.100548 -0.0416299 -0.994061 0.202046 0.146565 -0.968347 0.137836 0.179391 -0.974074 0.281564 0.16096 -0.945946 0.518627 0.624953 -0.583489 0.477064 0.574667 -0.664958 0.129383 0.947396 -0.292746 0.0601237 0.966473 -0.24963 0.92712 0.159596 -0.339084 0.886948 0.183569 -0.423823 0.199416 0.656799 -0.72722 0.152138 0.610418 -0.777332 0.440162 0.609599 0.659277 0.486062 0.666449 0.565323 -0.271531 0.0999687 -0.957224 -0.219152 0.00151797 -0.97569 0.052784 0.998577 -0.00757224 0.128777 0.991297 -0.0273392 0.564819 0.723585 0.396743 0.535013 0.720103 0.44183 0.723927 0.528674 -0.443208 0.694856 0.519855 -0.496916 0.143523 0.656866 -0.740222 0.046255 0.431791 -0.900787 0.767917 0.635435 0.0807785 0.751622 0.659236 0.0217484 0.307913 0.77967 -0.545257 0.273688 0.750181 -0.601933 0.408138 0.909881 0.0744389 0.350553 0.932413 0.0878564 0.0345117 0.140699 -0.989451 0.108957 0.160702 -0.980971 0.274071 0.284459 -0.918678 0.0842144 0.244646 -0.965948 0.835109 0.514666 0.194196 0.790075 0.57311 0.217546 0.83973 0.530313 -0.116713 0.836485 0.519642 -0.173965 0.822411 0.558129 -0.11015 0.804287 0.570519 -0.166227 0.984428 0.0593038 -0.165482 0.978665 0.174576 -0.108344 -0.208556 0.856867 -0.471469 -0.286222 0.828902 -0.480622 0.690033 0.607467 0.393495 0.718446 0.605394 0.34254 0.874483 0.197204 0.44316 0.86785 0.236328 0.437019 0.605472 0.395799 -0.690469 0.557745 0.380394 -0.737713 0.0728863 0.914324 -0.398371 0.0731856 0.882623 -0.464349 0.168825 0.911687 -0.3746 0.092809 0.785536 -0.611817 0.513072 0.62905 0.583998 0.506759 0.720696 0.473067 0.659979 0.689989 -0.297227 0.641847 0.676302 -0.361451 0.230678 0.966351 0.11381 0.184978 0.976107 0.114007 0.379737 0.915371 -0.133775 0.429334 0.896962 -0.105503 0.281596 0.426829 0.859372 0.344189 0.474922 0.809928 -0.339516 0.151569 -0.928308 -0.399315 0.363064 -0.841862 0.753388 0.655347 -0.054113 0.78383 0.610433 -0.113936 0.435196 -0.0325564 0.899747 0.388021 0.026574 0.921267 0.502833 0.685415 0.526655 0.527521 0.728853 0.436458 0.0200517 0.388113 -0.921394 -0.105255 0.409373 -0.906276 0.994569 0.100433 0.027292 0.991311 0.0822487 0.102656 0.521278 0.0429898 0.852304 0.594622 0.240607 0.767159 0.435992 0.35259 0.828004 0.440065 0.248996 0.862754 0.922424 0.382404 0.0538591 0.950164 0.309007 0.0412725 0.211125 0.0603978 -0.975591 0.281905 0.069054 -0.956954 0.381434 0.184117 -0.905875 0.206953 0.0462387 -0.977258 0.238101 0.00836591 -0.971204 0.298577 0.104767 -0.948618 0.224231 0.748924 0.623565 0.265201 0.796981 0.542669 0.276251 0.761331 0.586566 0.337426 0.738202 0.584125 0.242675 0.835209 0.493493 0.38778 0.735599 0.555447 -0.42151 0.285429 -0.860732 -0.315194 0.179549 -0.931888 -0.194287 0.369091 -0.908859 -0.132309 0.321304 -0.937688 0.842702 0.370835 0.390301 0.864226 0.378516 0.331419 0.831326 0.405865 0.379697 0.872892 0.405575 0.271236 0.273051 0.194148 0.942205 0.345996 0.236029 0.908062 0.3909 0.0502198 0.919062 0.353662 0.137979 0.92514 0.0505561 0.989328 -0.136656 0.013529 0.996377 -0.0839648 -0.238348 0.124072 -0.963222 -0.124589 0.265642 -0.955987 -0.0433449 0.391448 -0.919179 -0.108168 0.569962 -0.81452 0.257872 -0.00627917 0.966159 0.37814 0.297537 0.876631 0.211362 0.0784177 0.974257 0.236838 0.0282605 0.971138 0.329676 0.180999 0.926582 0.140009 0.0498872 0.988893 -0.314028 0.657706 -0.684697 -0.367162 0.694347 -0.61893 -0.221721 0.696431 -0.682512 -0.282752 0.692179 -0.664033 0.324976 0.679409 -0.657871 0.297338 0.513913 -0.804664 0.189674 0.886819 0.421398 0.262627 0.81992 0.508683 0.302649 0.717158 -0.627765 0.233408 0.750354 -0.618458 0.222575 0.947216 0.230744 0.313856 0.910964 0.267655 0.833889 0.549494 0.0518234 0.858707 0.510374 0.0462777 -0.0342194 0.420372 -0.906706 -0.00643122 0.298083 -0.954518 0.788713 0.421761 -0.447269 0.724848 0.48875 -0.485509 0.455408 0.429174 -0.780008 0.454177 0.448488 -0.769794 -0.33478 0.60054 -0.726136 -0.240336 0.889065 -0.389618 0.201901 0.564976 -0.800024 0.358116 0.494804 -0.791784 0.585777 0.810463 0.00383001 0.568214 0.820655 -0.0604731 0.112774 0.989853 0.0864428 0.177595 0.978006 0.109378 0.290166 0.203678 -0.93505 0.232197 0.463527 -0.855118 -0.432304 -0.03237 -0.901147 -0.352761 -0.00770357 -0.935682 -0.349503 0.425969 -0.834505 -0.513761 0.141928 -0.846112 0.198314 0.608203 -0.76861 0.124331 0.600028 -0.790259 0.0814574 0.565557 -0.820677 0.158642 0.723942 -0.671372 0.422935 0.822407 -0.38049 0.432247 0.777434 -0.456902 0.5443 0.791406 0.278234 0.627667 0.754655 0.191129 0.55999 0.650823 -0.512679 0.500555 0.682439 -0.532656 0.0926189 0.82772 -0.553445 -0.00545826 0.85893 -0.512064 0.0071648 0.892086 -0.451808 -0.068452 0.90142 -0.427499 0.305726 0.347891 0.886287 0.368299 0.353379 0.85993 0.0326545 0.999418 -0.00986623 0.131363 0.990306 -0.0451393 0.228662 0.794162 0.563046 0.167551 0.896423 0.410309 -0.282821 0.633707 -0.72002 -0.43214 0.562033 -0.705247 0.310502 0.891165 0.330778 0.250267 0.954014 0.164998 0.156903 0.987298 0.0249796 0.241517 0.970377 0.00621194 0.757895 0.149302 0.635063 0.802686 0.196176 0.563214 0.355782 0.903808 0.237802 0.401516 0.892024 0.207552 -0.174778 0.880787 -0.440076 -0.271386 0.84933 -0.452756 0.589582 0.581047 -0.561051 0.64413 0.5704 -0.509647 0.671432 0.741026 0.00771008 0.709003 0.699757 -0.0874902 0.479693 0.196098 0.855242 0.417015 0.209441 0.884439 0.482435 0.667524 0.567158 0.552874 0.689974 0.46719 -0.476698 0.215476 -0.852249 -0.35378 0.306796 -0.883581 -0.30719 0.217581 -0.926441 -0.233006 -0.122698 -0.964704 0.458288 0.391856 -0.79776 0.396197 0.416636 -0.818195 0.928641 0.358793 -0.094311 0.920947 0.345236 -0.180744 0.868308 0.489541 0.0799452 0.885903 0.463849 0.00456925 0.8884 0.249016 -0.385665 0.857678 0.24727 -0.450829 0.606325 0.113175 -0.787122 0.769609 0.172422 -0.614794 0.883329 0.203034 -0.4225 0.850372 0.115909 -0.513257 0.910886 0.126351 -0.392838 0.816628 0.176916 -0.54938 -0.495817 0.053882 -0.866754 -0.388878 0.129401 -0.912156 0.265969 -0.0983558 0.958951 0.243383 0.431332 0.868745 0.441195 0.883642 0.156599 0.505044 0.846782 0.167003 0.766415 0.593477 0.24575 0.765656 0.627477 0.141572 0.490597 0.32485 0.808571 0.500755 0.093329 0.860543 0.583652 0.0971199 0.806175 0.443734 0.229086 0.866383 0.0467529 0.998439 -0.0305724 0.0640714 0.995716 -0.0666607 0.561729 0.693482 -0.451158 0.524992 0.628704 -0.573686 0.814288 0.247403 -0.525097 0.766491 0.211539 -0.606418 0.855928 0.180884 -0.484427 0.769048 0.16937 -0.616343 0.231254 0.24472 0.941612 0.326313 0.675345 0.661385 0.416092 0.87893 -0.233127 0.360444 0.896002 -0.259348 -0.0656599 0.341192 -0.937698 0.0322053 0.438581 -0.898114 0.262666 0.853122 0.450766 0.298845 0.86504 0.402985 0.334349 0.800605 0.497235 0.201295 0.847378 0.491356 0.836574 0.317799 -0.446259 0.776499 0.304108 -0.551877 0.883386 0.285577 -0.371584 0.816694 0.21647 -0.534931 0.282591 0.829888 -0.48107 0.19503 0.844731 -0.498391 0.778329 0.567685 -0.268213 0.74098 0.59384 -0.313533 -0.0525038 0.960134 -0.274566 -0.131931 0.911431 -0.389727 0.433296 0.174004 -0.884295 0.29411 0.209605 -0.932505 0.637867 0.700004 -0.321124 0.584765 0.719988 -0.373721 0.24035 0.961265 -0.134909 0.217793 0.973281 -0.0727403 0.644896 0.71949 0.257765 0.647762 0.732707 0.208674 -0.218378 0.605196 -0.765538 -0.323022 0.502406 -0.802026 -0.141605 0.641816 -0.753671 -0.26627 0.673391 -0.68967 0.205562 0.793908 0.572237 0.296289 0.703666 0.645807 -0.0879507 0.827361 -0.554743 -0.185468 0.793009 -0.580292 0.0121509 0.787376 -0.616354 -0.0912655 0.641733 -0.761479 -0.0124739 0.797999 -0.60253 -0.13407 0.738597 -0.660681 -0.207618 0.729456 -0.651758 -0.269751 0.74277 -0.612803 -0.0425368 0.964932 -0.259032 -0.105497 0.975634 -0.192378 -0.156154 0.956905 -0.244844 -0.0840742 0.969523 -0.230121 0.996714 0.0793951 0.0160479 0.99233 0.0675114 0.103549 0.905025 0.296749 -0.304747 0.87314 0.324691 -0.363597 0.243072 0.709523 -0.661433 0.178737 0.668282 -0.722116 0.468343 0.88035 -0.0750857 0.484284 0.874783 -0.0149635 -0.015106 0.935633 -0.352652 -0.0597198 0.947848 -0.313077 0.768607 0.55299 0.32163 0.845637 0.477392 0.238736 0.462817 0.829861 -0.311658 0.467642 0.85579 -0.221213 -0.188189 0.122794 -0.974426 -0.136968 -0.170047 -0.975871 -0.294182 0.306279 -0.905345 -0.0960023 0.25164 -0.963048 0.479332 0.565549 -0.671115 0.536969 0.521047 -0.663456 -0.0610922 0.972539 -0.224577 -0.0540543 0.993841 -0.0967388 0.633965 0.773306 -0.00934772 0.526559 0.848813 0.0474607 0.323661 0.35363 0.877604 0.318673 0.136852 0.937933 -0.27942 0.0159704 -0.960036 -0.160708 -0.0048473 -0.98699 -0.371627 0.0277562 -0.927967 -0.278789 0.0556049 -0.958741 0.791101 0.589099 -0.164687 0.819154 0.563665 -0.106157 0.804881 0.593349 0.0102111 0.907965 0.409212 -0.0902485 -0.0479872 0.398044 -0.91611 -0.150594 0.258733 -0.954138 0.435938 0.179635 -0.881867 0.313463 0.219378 -0.923912 0.355969 0.840451 0.408568 0.37576 0.862081 0.340032 0.268637 0.889211 0.370322 0.327381 0.901984 0.281508 0.252015 0.929315 0.269928 0.360087 0.900426 0.244072 0.853387 0.351326 0.385098 0.925493 0.25583 0.279311 0.939866 0.190697 0.283349 0.952581 0.230331 0.198842 0.115838 0.461603 -0.879491 -0.0380986 0.44153 -0.896437 0.961215 0.274619 -0.0255104 0.953594 0.276962 -0.11811 0.417469 0.330789 0.846344 0.485584 0.534459 0.691781 0.365669 0.328503 0.870846 0.502475 0.417337 0.757198 0.487041 0.280794 0.82701 0.5517 0.262155 0.791772 0.110465 0.966188 0.232977 0.129889 0.974041 0.185397 0.360983 0.650995 -0.667755 0.438821 0.639164 -0.631589 0.555246 0.769977 -0.314383 0.518613 0.718761 -0.463059 0.942892 0.331737 0.0300825 0.981541 0.188486 -0.032399 0.966357 0.185613 -0.178053 0.979727 0.186986 0.0719094 0.693308 0.37832 0.613349 0.732389 0.420163 0.535788 0.765159 0.42892 0.480167 0.785195 0.366842 0.498894 0.202166 0.960579 0.190832 0.309476 0.943597 0.117683 -0.238556 0.618264 -0.748893 -0.180154 0.474825 -0.861444 -0.0966793 0.610885 -0.785794 -0.131539 0.706924 -0.69495 0.0705955 0.737376 -0.671784 -0.154355 0.608718 -0.778227 0.657855 0.431934 -0.616976 0.733799 0.373421 -0.567535 0.719731 0.288887 -0.631293 0.783911 0.368837 -0.499443 0.888748 0.0647521 0.4538 0.925239 0.0798675 0.370883 0.694252 0.704213 0.148653 0.735956 0.671203 0.0886356 0.387491 0.319562 -0.864714 0.150543 0.135385 -0.979289 0.274152 0.285138 -0.918443 0.0192469 0.200902 -0.979422 0.309103 0.920043 -0.240783 0.246698 0.920633 -0.302615 0.348813 0.920886 0.174067 0.362169 0.923964 0.122977 0.630342 0.0912302 -0.770939 0.555203 0.0737918 -0.828435 0.915791 0.121342 0.382888 0.945893 0.122851 0.300323 0.935423 0.283322 0.211453 0.913243 0.308794 0.265771 0.947063 0.302121 0.108598 0.874277 0.450156 0.18166 0.607312 0.525419 0.595908 0.664838 0.523734 0.532628 -0.0916968 0.913374 -0.39666 -0.24942 0.849516 -0.464879 0.761238 0.517953 -0.390182 0.730476 0.627654 -0.269175 0.955363 0.0532618 0.290593 0.973029 0.13616 0.186212 0.9467 0.0347148 0.320242 0.888069 0.0416944 0.457816 0.639158 0.129531 -0.758089 0.564339 0.0843913 -0.821219 0.720587 0.162054 -0.674161 0.574944 0.168594 -0.800634 -0.080147 0.85758 -0.508067 -0.118416 0.778688 -0.616136 0.484109 0.808552 -0.334489 0.463464 0.741053 -0.485841 -0.114151 0.193233 -0.97449 -0.033584 0.17846 -0.983374 0.936204 0.2933 -0.193641 0.943977 0.26687 -0.194132 0.503651 0.842421 -0.191478 0.536832 0.795614 -0.28073 0.280423 0.488871 -0.826056 0.121501 0.556664 -0.821805 0.275548 0.668991 -0.690308 0.152121 0.612607 -0.775611 0.212717 0.604098 -0.767996 0.13861 0.569667 -0.810103 0.237458 0.498758 0.833579 0.31345 0.600413 0.735699 0.380515 0.55517 0.739591 0.457485 0.525213 0.717537 0.344001 0.248866 0.905389 0.443541 0.57129 0.690579 0.583225 0.552517 -0.595461 0.493052 0.553813 -0.670963 0.342548 0.446558 0.826588 0.439424 0.365122 0.820727 0.617579 0.255661 0.743797 0.621781 0.0940785 0.77752 0.572335 0.140208 0.807945 0.700475 0.144149 0.698968 0.647779 0.0276958 -0.761324 0.693 0.0368333 -0.719996 0.373308 0.706119 -0.601695 0.296478 0.734548 -0.61036 0.595349 0.746781 -0.296442 0.6534 0.714489 -0.250149 0.371982 0.556419 -0.742986 0.276665 0.558989 -0.781657 0.130946 0.221231 -0.96639 0.226605 0.292968 -0.928881 0.811456 0.504998 0.294138 0.80071 0.579624 0.151326 0.356534 0.671969 0.649109 0.434107 0.715434 0.547453 0.879423 0.144262 0.453655 0.910795 0.176146 0.373397 0.694671 0.714903 0.079666 0.658521 0.752527 0.0073545 0.66599 0.736023 0.121356 0.716329 0.697555 -0.0170304 0.153212 0.640608 -0.752428 0.0823645 0.774185 -0.627578 -0.25021 0.372015 -0.893868 -0.152106 0.140203 -0.97837 -0.0345217 0.174031 -0.984135 0.0474135 0.208956 -0.976775 -0.259153 -0.0433404 -0.964863 0.0406762 0.29786 -0.953743 0.466001 0.757991 0.456391 0.526892 0.729912 0.435446 0.196089 0.792295 -0.57777 0.0826038 0.743586 -0.663518 0.463948 0.739681 -0.487467 0.400775 0.743424 -0.535444 0.810012 0.413302 -0.416008 0.819242 0.357795 -0.448135 0.577994 0.61248 -0.53925 0.540014 0.518426 -0.663038 0.236001 0.844574 0.480622 0.22478 0.66274 0.714318 0.445516 0.856744 0.259818 0.515172 0.819348 0.25153 0.448983 0.807596 0.382364 0.557269 0.779823 0.28518 0.877352 0.1754 0.446641 0.874465 0.206342 0.439014 0.770661 0.477685 -0.42178 0.731029 0.47478 -0.490082 0.434174 0.708941 -0.555783 0.390791 0.648596 -0.65315 0.754161 0.459603 0.469049 0.698911 0.493233 0.517923 0.466479 0.873157 -0.141399 0.461889 0.880294 -0.108355 0.429678 0.0777695 -0.899627 0.348528 0.069324 -0.934731 0.706647 0.629685 0.322717 0.725568 0.540565 0.425841 0.214037 0.432383 -0.875919 0.387993 0.50417 -0.77154 0.140424 0.800188 -0.583079 0.0568794 0.861965 -0.503767 0.149511 0.979527 -0.134811 0.155802 0.957826 -0.241444 0.301526 0.936236 -0.180401 0.261798 0.902159 -0.342887 0.641788 0.348594 -0.683074 0.564035 0.268171 -0.780992 0.555023 0.209513 -0.805018 0.630078 0.264443 -0.730118 0.701423 0.59154 0.397601 0.716674 0.62051 0.318348 0.51167 0.851991 0.110929 0.533311 0.845843 0.0113677 -0.0215377 0.998139 -0.0570557 -0.0489771 0.995157 -0.0852256 0.46864 0.613079 0.636012 0.546964 0.645773 0.532736 0.943933 0.312181 0.107389 0.940166 0.339582 -0.0277862 0.961681 0.23853 0.135182 0.949514 0.241644 0.200078 -0.205918 0.0976965 -0.97368 -0.382691 0.166436 -0.908761 0.149952 0.282831 -0.947376 0.0604077 0.253387 -0.965477 0.401026 0.742762 -0.536175 0.317481 0.687597 -0.653006 0.154341 0.925603 0.345597 0.144574 0.935411 0.322652 0.788446 0.371993 -0.489872 0.837534 0.408671 -0.362665 0.651664 0.73005 0.205818 0.606135 0.788466 0.104506 0.874082 0.482506 0.0562905 0.890127 0.455704 -0.002732 0.672662 0.278453 0.685558 0.730742 0.288622 0.618639 -0.364297 0.502471 -0.784098 -0.215471 0.289274 -0.93268 0.199533 0.547457 -0.812698 0.116864 0.38942 -0.913616 0.365904 0.929315 -0.0498805 0.303314 0.95262 -0.0227251 0.936332 0.350963 -0.0103688 0.906315 0.405361 -0.119484 0.76817 0.278347 0.576574 0.734766 0.221194 0.641243 0.662748 0.734737 -0.144662 0.682629 0.715487 -0.148644 0.0722563 0.997386 -0.000732436 0.173672 0.984539 -0.0228227 0.303172 0.664105 -0.683412 0.170282 0.746604 -0.643107 0.299003 0.440076 -0.846717 0.218783 0.451385 -0.865093 0.596972 0.602597 0.529623 0.658652 0.546185 0.517551 0.30913 0.873746 -0.375508 0.25024 0.877234 -0.409684 0.485405 0.84674 0.217746 0.510872 0.852493 0.110748 0.583203 0.771205 -0.255179 0.58141 0.723999 -0.371198 0.0165569 0.098723 -0.994977 -0.232282 0.0840012 -0.969014 0.537883 0.841813 -0.0450819 0.580524 0.805538 -0.118743 0.287826 0.951461 0.108984 0.366201 0.929729 0.0387478 0.228484 0.588212 0.775758 0.28171 0.628974 0.72459 0.255482 0.412585 0.874358 0.384066 0.658509 0.647193 0.417369 0.707474 0.570337 0.538517 0.495661 0.68141 0.589096 0.649439 0.480827 0.634924 0.654609 0.410316 0.732381 0.0721778 0.677059 0.800218 0.24841 0.545842 0.703645 0.216847 0.676654 0.796731 0.127596 0.590711 0.759625 0.135766 0.636033 0.671616 0.256606 0.695043 0.307506 0.899393 -0.310697 0.262293 0.86307 -0.431639 0.895453 0.442633 -0.0473326 0.900796 0.423608 0.0955112 0.292682 0.857363 0.423398 0.405538 0.81084 0.421993 0.383721 0.302067 0.872648 0.507042 0.308701 0.804744 0.72106 0.419417 0.551509 0.602915 0.544018 0.583556 -0.0271368 0.936289 -0.350182 -0.160086 0.938935 -0.304586 -0.249957 0.881773 -0.399998 -0.11659 0.948028 -0.296058 0.856061 0.17919 -0.48482 0.812412 0.100532 -0.574352 0.639211 0.646912 0.41583 0.730471 0.584289 0.35358 0.452851 0.340445 -0.824029 0.384949 0.267348 -0.883368 0.849534 0.0552943 -0.524628 0.754809 0.0714333 -0.652043 -0.326654 0.503154 -0.800084 -0.374628 0.554142 -0.743357 -0.266873 0.500505 -0.823574 -0.499423 0.332235 -0.800123 0.0137456 0.999744 -0.017956 0.0219884 0.998691 -0.0461725 0.971995 0.167934 0.164393 0.972087 0.215645 0.092434 0.980111 0.123056 0.155688 0.997525 0.0390826 0.0584507 0.553209 0.421302 -0.718654 0.605147 0.393516 -0.692056 0.0462329 0.0172867 -0.998781 0.135006 0.110781 -0.984633 0.114198 0.33701 -0.93455 0.0430271 0.544056 -0.837945 0.200815 0.476628 -0.855862 0.0639681 0.667502 -0.741856 0.294607 0.53791 -0.789847 0.118122 0.402877 -0.9076 -0.0473149 0.72323 -0.688985 -0.131372 0.461204 -0.877515 0.184777 0.242636 0.952358 0.179213 -0.0971759 0.978999 0.0226784 0.281996 -0.959147 0.118506 0.113104 -0.986491 0.151225 0.0402463 -0.98768 0.403504 0.0208692 -0.91474 0.0587477 0.289101 -0.955494 0.245546 0.209074 -0.94657 0.201483 0.979491 0.0010796 0.303317 0.95278 -0.0144816 0.811883 0.237945 -0.53313 0.729429 0.245584 -0.638453 0.484925 0.761587 -0.429923 0.32157 0.832832 -0.450537 0.168678 0.778079 -0.605095 -0.00543317 0.859236 -0.51155 -0.107289 0.769876 -0.629111 -0.189709 0.781673 -0.594136 0.826989 0.415712 0.378514 0.816263 0.444206 0.369317 0.819506 0.572943 0.0120833 0.813408 0.575842 0.0823032 0.389471 0.582428 0.713505 0.413062 0.432902 0.801234 0.278728 0.389831 0.877691 0.507221 0.520887 0.686589 0.328895 0.326568 -0.886105 0.231987 0.111716 -0.966282 -0.0321957 0.838423 -0.544068 -0.163096 0.838367 -0.520135 0.599077 0.632562 0.490889 0.465553 0.752891 0.465205 0.0105551 0.850084 -0.526541 0.0514747 0.887125 -0.458651 -0.262577 0.387546 -0.883664 -0.183003 0.414076 -0.891656 -0.349738 0.321731 -0.879871 -0.403529 0.393432 -0.82606 -0.281346 0.321482 -0.904154 -0.484542 0.354195 -0.799853 -0.0112883 0.13261 -0.991104 0.0415148 0.45918 -0.887373 0.260648 0.959684 -0.105211 0.21865 0.973257 -0.0704486 0.509264 0.637749 0.577864 0.604414 0.58067 0.545442 0.326287 0.379591 0.865706 0.608135 0.522771 0.597396 0.539954 0.481651 0.690262 0.568689 0.475148 0.671437 0.462219 0.448305 0.765099 0.669092 0.511686 0.538975 0.937452 0.134768 -0.32097 0.912378 0.112027 -0.393721 0.217385 0.392423 0.893727 0.218682 0.424698 0.878527 0.227131 0.729651 0.644997 0.22681 0.730871 0.643727 0.380415 0.795234 0.47211 0.468118 0.754815 0.459477 0.398873 0.572685 0.716193 0.225818 0.74262 0.630494 0.168272 0.91265 -0.372498 0.137458 0.875872 -0.462551 0.672093 0.282169 -0.684596 0.766339 0.212232 -0.606368 0.687208 0.475239 -0.549448 0.631527 0.443386 -0.636068 0.676687 0.320943 -0.662639 0.55868 0.386991 -0.733563 0.731798 0.383319 -0.563505 0.578934 0.286534 -0.76337 0.859698 0.394334 0.324685 0.870579 0.433108 0.233473 0.854724 0.328381 0.402012 0.914095 0.377819 0.147254 0.457335 0.846217 -0.273425 0.408661 0.835481 -0.36738 -0.00854102 0.633532 -0.773669 -0.182598 0.574823 -0.797645 -0.439091 0.215997 -0.872092 -0.351943 0.286834 -0.89099 -0.440805 0.195966 -0.87595 -0.302911 0.139647 -0.942732 0.283565 0.958267 0.0362647 0.349045 0.934258 -0.0729998 0.609084 0.791013 0.0575815 0.674962 0.735868 0.0540738 0.95229 0.231708 0.198635 0.990104 0.123344 0.0669276 0.121964 0.911799 -0.392107 0.00965458 0.912484 -0.408998 0.109329 0.930779 -0.348852 -0.118237 0.80035 -0.587758 0.85433 0.424335 -0.3001 0.84283 0.449003 -0.296704 0.430726 0.887296 -0.164867 0.401692 0.892283 -0.206096 0.28428 0.944675 0.163627 0.382217 0.914311 0.133961 0.808719 0.560184 0.179352 0.865034 0.498548 0.0562749 0.403282 0.891009 0.208489 0.542104 0.818958 0.188234 0.1985 0.150858 0.968421 0.303861 0.330115 0.893696 0.439437 0.372733 0.817291 0.246476 0.241881 0.938479 0.206642 0.334894 0.919318 0.282548 0.281057 0.917155 0.366528 0.343616 0.86463 0.563938 0.418305 0.712036 0.525956 0.15866 0.835582 0.410735 0.104867 0.905704 0.484624 0.873542 0.0454308 0.412613 0.909906 -0.0426691 0.630609 0.276656 0.725117 0.743794 0.372142 0.55523 0.562203 0.34359 0.752245 0.677729 0.241642 0.694473 0.649457 0.392966 0.650986 0.76578 0.419629 0.487331 0.625709 0.351347 0.696451 0.504619 0.400942 0.764595 0.556407 0.0933971 -0.825644 0.626839 0.0773123 -0.775304 0.700047 0.0768379 -0.709951 0.826989 0.125609 -0.548006 0.464882 0.882257 0.0742158 0.531018 0.846203 -0.0442818 0.586183 0.791511 0.172915 0.479457 0.850918 0.214615 0.0565011 0.997928 -0.0307918 0.284414 0.935766 -0.20845 0.73428 0.553693 -0.392756 0.698741 0.510424 -0.501227 0.263637 0.860117 -0.436686 0.148544 0.917059 -0.370051 0.240032 0.03014 0.970297 0.15377 0.0977825 0.983257 0.846566 0.374897 -0.377859 0.744652 0.424147 -0.515358 0.874996 0.374112 -0.307283 0.845641 0.37742 -0.37742 0.888066 0.0523228 0.456729 0.888434 0.08361 0.451326 0.968682 0.0381992 0.245351 0.914689 0.175222 0.364199 0.0465142 0.998838 -0.012598 0.0306042 0.999481 -0.0100977 0.924718 0.291198 0.245154 0.955706 0.261111 0.135822 0.996899 0.0687416 -0.0383016 0.992062 0.0729726 0.102415 0.815399 0.240961 -0.526367 0.658402 0.213213 -0.721836 0.105857 0.360866 -0.926591 -0.0500574 0.38045 -0.923446 0.930531 0.363131 0.0474184 0.92058 0.378099 -0.0978447 0.877228 0.446854 -0.17548 0.948358 0.302702 -0.0948079 0.487291 0.805975 -0.336083 0.408367 0.775325 -0.481776 0.217147 0.402116 -0.889466 0.134819 0.535151 -0.833929 0.40164 0.393401 -0.826995 0.285532 0.378435 -0.880488 0.448044 0.237001 -0.862025 0.446055 0.288342 -0.847286 -0.0485767 0.958433 -0.281152 -0.0676841 0.978097 -0.196836 0.00483406 0.983354 -0.181633 -0.0425794 0.964875 -0.259235 -0.00130172 0.943117 -0.332459 -0.0246127 0.995212 -0.094587 0.637959 0.727716 0.251869 0.696169 0.702268 0.148889 0.243046 0.888718 -0.388728 0.217026 0.769861 -0.600177 0.842843 0.521003 0.1348 0.833971 0.549454 -0.0509172 0.132615 0.984222 -0.117138 0.130217 0.970912 -0.200933 0.348676 0.89529 -0.277274 0.242618 0.964224 -0.10681 0.269651 0.953758 0.132795 0.385497 0.922584 0.0152118 -0.0585528 0.64044 -0.765773 -0.183351 0.741437 -0.645487 0.749166 0.655764 0.0934054 0.789007 0.613872 0.0250781 0.90058 0.396629 -0.177879 0.911086 0.371046 -0.179576 -0.00614611 0.580084 -0.814534 -0.298665 0.0691307 -0.951851 0.921027 0.216448 -0.32382 0.915432 0.243319 -0.320595 0.506083 0.0405374 0.861532 0.503972 0.241515 0.829266 0.43628 0.183096 -0.880986 0.37801 0.201005 -0.903718 0.659271 0.619382 0.426295 0.648127 0.688618 0.32517 0.727352 0.651562 0.215466 0.7036 0.524764 0.479134 0.0566161 0.822212 -0.566358 -0.0288575 0.663841 -0.747317 0.206518 0.742515 -0.637198 -0.00536971 0.719792 -0.694169 0.212725 0.602365 -0.769354 0.378287 0.673707 -0.634837 0.0694938 0.644562 -0.761387 0.0820573 0.595084 -0.799463 0.404213 0.0255806 0.914307 0.159844 -0.207379 0.965113 0.310427 0.850617 0.424365 0.379724 0.858486 0.34469 0.65274 0.625165 -0.427901 0.615786 0.61408 -0.493674 0.441751 0.89703 -0.0139055 0.511975 0.852358 -0.106614 0.325686 0.926524 -0.188366 0.38356 0.883269 -0.269662 0.552442 0.78516 0.279879 0.586841 0.80073 0.12021 0.523559 0.777164 0.349144 0.634634 0.763663 0.118568 0.703758 0.603305 -0.375163 0.686541 0.58044 -0.437894 0.161718 0.0669814 0.984561 0.525742 0.156477 0.836128 0.953829 0.239905 -0.180708 0.959805 0.212949 -0.182834 0.430717 0.498805 -0.752114 0.442268 0.50524 -0.741034 0.433855 0.730498 0.527392 0.503047 0.764698 0.402717 0.419591 0.89665 0.141285 0.351583 0.888592 0.294606 0.186561 0.940605 0.283649 0.30761 0.893757 0.326459 0.527251 0.595941 -0.60569 0.385393 0.664341 -0.640409 0.447651 0.604551 -0.658883 0.266492 0.578369 -0.77102 0.848014 0.278988 -0.450597 0.910932 0.270166 -0.311789 0.548382 0.493387 -0.675164 0.656757 0.459046 -0.598287 0.732443 0.501446 -0.460521 0.589825 0.591908 -0.549319 -0.370247 0.265357 -0.890226 -0.317619 0.113253 -0.941431 -0.134793 0.344315 -0.929128 -0.43748 0.181337 -0.880754 0.221155 0.580765 -0.783456 -0.125844 0.502038 -0.855641 -0.0367871 0.447177 -0.893688 -0.241727 0.567525 -0.787073 0.113967 0.392211 -0.912788 -0.0732779 0.215479 -0.973755 0.15683 0.382517 -0.910541 -0.0375501 0.28393 -0.958109 0.806752 0.583408 0.0937361 0.834766 0.550582 0.00496833 -0.251375 0.510649 -0.822221 -0.361681 0.397769 -0.843188 0.834503 0.448943 0.31946 0.791896 0.4981 0.353267 -0.0848513 -0.00609911 -0.996375 0.0202234 0.111594 -0.993548 0.849882 0.415595 0.324007 0.886406 0.425974 -0.18119 0.554519 0.770756 -0.313758 0.46126 0.793326 -0.397333 0.980258 0.194805 -0.0338533 0.967729 0.244919 0.0592839 0.256413 0.621283 0.740446 0.236923 0.508273 0.827965 0.735667 0.621744 0.268753 0.828524 0.552364 0.0918848 0.616604 0.662248 -0.425707 0.615122 0.751912 -0.237178 0.776697 0.593914 0.209782 0.781975 0.62159 -0.046273 -0.519327 0.0438504 -0.85345 -0.423823 -0.0697367 -0.903057 -0.192608 0.761858 -0.618445 -0.228637 0.83059 -0.507784 0.0610592 0.997488 0.0359195 0.0958264 0.994809 0.0342521 0.655103 0.655869 -0.375068 0.638853 0.534756 -0.553085 0.350877 0.105095 -0.930505 0.132495 0.134369 -0.982034 0.283848 0.0669955 -0.956526 0.197747 0.0310814 -0.97976 0.577839 0.671484 -0.463908 0.522442 0.692378 -0.497661 0.725734 0.633281 -0.268821 0.70663 0.627228 -0.327504 0.242214 0.617786 -0.748113 0.123748 0.694723 -0.708552 0.314777 0.945863 -0.0791118 0.410472 0.891507 -0.191646 0.197155 0.916219 0.348817 0.321922 0.883088 0.341352 0.787761 0.309045 0.532845 0.729722 0.300213 0.614312 0.604993 0.636401 -0.478515 0.451704 0.658778 -0.601644 -0.0893222 0.86431 -0.494965 -0.253403 0.799819 -0.544128 0.172576 0.948016 -0.267363 0.133416 0.882345 -0.451296 0.634815 0.0839775 0.768087 0.46485 -0.0398748 0.884491 0.567388 0.626846 -0.533981 0.479468 0.566073 -0.670576 0.673828 0.204243 0.710099 0.793128 0.252032 0.554462 0.621141 0.220431 0.752059 0.791528 0.230721 0.565908 -0.194496 0.772405 -0.604617 -0.321546 0.772318 -0.547845 0.639322 0.767572 0.0458324 0.626901 0.769546 -0.121631 -0.115798 0.57269 -0.811552 -0.206871 0.610062 -0.764872 0.742406 0.654316 -0.143888 0.760202 0.633045 -0.146104 0.213319 0.426505 -0.87897 0.000504789 0.294925 -0.95552 0.911814 0.154359 0.380484 0.961384 0.274046 -0.0253033 0.465929 0.87497 -0.13167 0.540318 0.839648 0.0552056 0.0291212 0.561814 -0.826751 -0.384776 0.583384 -0.715269 0.0663393 0.681249 -0.72904 -0.0851207 0.692711 -0.716175 0.12865 0.753469 -0.644774 -0.136555 0.65871 -0.739901 0.551161 0.588568 0.591447 0.71492 0.56715 0.408938 0.188525 0.96135 -0.200659 0.138017 0.934407 -0.328383 0.0861931 0.94706 -0.30927 -0.0458294 0.835066 -0.548238 -0.181061 0.872729 -0.453389 0.0624787 0.758203 -0.649018 0.490677 0.18002 0.852543 0.412488 0.516322 0.75051 0.104619 0.979724 -0.170865 0.0968246 0.966293 -0.238541 0.0581285 0.994378 -0.0885065 0.0195561 0.991165 -0.131182 0.0806893 0.963297 -0.256023 -0.116122 0.94763 -0.29751 0.257758 0.899033 0.353979 0.22766 0.944629 0.236321 0.564295 0.325117 -0.758861 0.580529 0.321739 -0.747977 0.899317 0.211939 0.382505 0.875226 0.270372 0.401096 0.416149 0.75327 0.509318 0.47932 0.674286 0.561775 0.326901 0.775069 0.540744 0.582134 0.700084 0.413525 0.416093 0.888867 -0.191788 0.380414 0.826619 -0.414712 0.777954 0.399589 -0.484888 0.552301 0.448472 -0.702735 -0.231996 0.789733 -0.567891 -0.451818 0.470742 -0.757801 0.4114 0.41366 0.81218 0.437216 0.342563 0.831561 0.884976 0.428005 0.183386 0.915229 0.400004 0.0484996 0.0156517 0.999372 -0.031781 0.0174423 0.998004 -0.0606881 0.01378 0.996304 -0.0847805 0.0174155 0.951816 -0.306175 0.462964 0.631112 0.622384 0.733165 0.523315 0.434293 0.487577 0.696706 -0.526184 0.317892 0.684832 -0.655706 0.862613 0.225034 -0.453055 0.879106 0.127179 -0.459346 0.938893 0.107202 -0.327089 0.723096 0.173226 -0.668674 0.142439 -0.0140366 0.989704 0.329017 0.265325 0.906284 0.784084 0.28512 0.551289 0.758509 0.0366691 0.65063 0.526796 0.0489299 0.848582 0.286133 0.262711 0.921472 0.465677 0.870874 -0.157239 0.419434 0.907739 0.00917578 0.132126 0.309005 -0.941838 -0.354222 0.292836 -0.888129 0.495733 0.804741 0.32656 0.661243 0.673983 0.329402 0.652779 0.685519 0.322402 0.72787 0.667211 0.158225 0.307376 0.943352 -0.124929 0.283983 0.914237 -0.289004 0.971066 0.158174 -0.178917 0.97774 0.130418 -0.164361 0.97419 0.154952 0.164148 0.998868 0.0473036 -0.00496041 0.623272 0.780073 -0.0549313 0.478228 0.869702 0.122134 -0.422046 0.572295 -0.703104 -0.228284 0.521885 -0.821902 0.364595 0.315194 0.876198 0.634996 0.452038 0.626452 -0.408097 0.370179 -0.834521 -0.450986 0.35939 -0.816976 0.804933 0.521188 -0.283631 0.706755 0.597114 -0.379411 -0.299062 0.166898 -0.939525 -0.114474 0.508087 -0.853664 0.308087 0.926314 0.216851 0.499264 0.850901 0.163413 0.278974 0.648245 -0.708485 0.0363852 0.66568 -0.74535 0.206977 0.191679 -0.959385 -0.0913607 0.144189 -0.985324 0.353355 0.842986 0.405606 0.455547 0.800281 0.389906 0.731345 0.571842 0.371659 0.48308 0.718075 0.501001 0.821891 0.543148 -0.171712 0.82907 0.532236 -0.17137 0.226336 0.904032 0.362626 0.417479 0.859156 0.295909 -0.188646 0.770212 -0.609251 -0.364 0.7198 -0.591094 0.0184903 0.969871 -0.242917 -0.229286 0.776767 -0.586567 -0.104751 0.196752 -0.974842 0.195943 0.114737 -0.97388 0.212542 0.845761 -0.489402 0.133573 0.801481 -0.582913 -0.14685 0.912013 -0.382972 -0.0523917 0.747181 -0.662552 0.383583 0.804368 -0.453713 0.239119 0.637089 -0.732762 0.348596 0.879757 -0.323278 0.352465 0.776114 -0.522891 0.169973 0.985392 -0.0105663 0.466424 0.872172 -0.14753 0.337767 0.553727 -0.761118 0.281754 0.509364 -0.813119 -0.0945331 0.392651 -0.914816 -0.356422 0.425634 -0.831744 0.451187 0.36086 -0.816217 0.312241 0.443253 -0.840257 0.27451 0.765423 0.582042 0.379929 0.747085 0.545453 0.81559 0.456065 -0.356115 0.529423 0.581373 -0.617833 0.784366 0.601729 0.15064 0.866168 0.495325 -0.0663849 0.847262 0.283723 -0.449054 0.654638 0.299994 -0.693868 0.116926 0.967344 0.224887 0.236981 0.954512 0.180958 0.554183 0.165906 -0.815694 0.627062 0.0820767 -0.774634 0.885372 0.0740409 0.45895 0.967042 0.124712 0.221984 0.914007 0.378052 0.147202 0.96965 0.237463 0.0582307 0.314114 0.557535 0.768432 0.297263 0.646635 0.702494 0.375924 0.681581 0.627796 0.699039 0.644554 0.309669 0.746869 0.478087 0.46219 0.735208 0.404216 0.544132 0.269383 0.9617 0.0506492 0.675091 0.710673 0.197979 0.0326593 0.999413 -0.0103135 0.13843 0.98252 -0.124467 0.146719 0.984776 -0.0932236 0.079654 0.8902 -0.448551 0.0453167 0.998323 -0.0360295 0.32625 0.851876 -0.409717 0.288494 0.362538 0.886193 0.416658 0.207784 0.884998 0.643808 0.670393 -0.368897 0.253578 0.79823 -0.546376 0.0753073 0.997126 0.00826125 0.0734252 0.997281 0.00620601 0.328518 0.752486 -0.570824 -0.0830869 0.886213 -0.455766 0.419771 0.534269 -0.733723 -0.232658 0.628895 -0.741864 0.555434 0.790691 -0.257489 0.52211 0.616935 -0.588891 0.864818 0.399332 -0.304341 0.554546 0.472598 -0.68493 0.608286 0.703445 0.367632 0.724698 0.67507 -0.13818 0.0524538 0.473398 -0.879285 -0.216664 0.363746 -0.90595 0.897195 0.405179 -0.175701 0.889077 0.421927 -0.177537 0.425716 0.129423 -0.895553 0.114546 0.0755201 -0.990543 0.9108 0.244926 -0.332348 0.712344 0.196317 -0.673814 0.956488 0.226316 -0.184151 0.966628 0.232565 -0.107447 0.634952 0.769987 -0.0628953 0.60246 0.788748 -0.122141 0.345858 0.484548 0.80349 0.389904 0.512049 0.765363 0.594915 0.769775 -0.23135 0.441154 0.682446 -0.582796 0.684941 0.381026 0.621027 0.736728 0.272006 0.619068 -0.185368 0.564397 -0.804422 0.415475 0.568722 -0.709884 -0.195187 0.480555 -0.854967 -0.19871 0.301847 -0.932418 0.298077 0.688783 0.660854 0.190011 0.870901 0.453242 -0.138796 0.683514 -0.71662 0.526541 0.827155 -0.196393 0.547651 0.829803 -0.107262 0.73593 0.588112 0.335458 0.761123 0.55068 0.3427 0.726646 0.67276 -0.139212 0.801807 0.594742 -0.0581978 0.775208 0.611394 -0.158902 0.767063 0.558677 0.315428 0.777104 0.538511 0.325754 0.843695 0.527395 0.10017 0.787276 0.517796 0.334789 0.807826 0.52628 0.265419 0.826973 0.466746 0.313471 0.839205 0.515265 -0.173884 0.872413 0.470716 -0.13161 0.84602 0.357714 0.395337 0.872086 0.355328 0.336463 0.925611 0.331519 -0.182589 0.953144 0.301922 -0.0189768 0.953572 0.277031 -0.11813 0.91556 0.360484 -0.178328 0.930408 0.319227 -0.180098 0.928931 0.238332 0.283346 0.878941 0.166679 0.446856 0.974065 0.195708 -0.113562 0.988525 0.134006 -0.0697205 0.974966 0.0754952 -0.209144 0.976436 0.10485 -0.188624 0.975099 0.130606 -0.179232 0.99279 0.0628799 -0.102048 0.96521 0.198237 -0.170505 0.979821 0.107434 -0.168551 0.976852 0.211294 -0.0333881 0.997037 0.0733327 0.0232121 0.993468 0.0728308 -0.0878472 0.967452 0.178448 -0.179424 0.988312 0.10761 -0.107978 0.985431 0.082345 -0.148811 0.994576 0.0967302 -0.0382351 0.997975 0.058111 -0.0258721 0.976288 0.0144642 0.215992 0.988734 0.0395955 0.144353 0.998001 0.0510882 0.037217 0.955491 0.0478044 0.291122 0.992268 0.0589054 0.109241 0.995865 0.0436238 0.0796874 0.985952 0.166417 0.0142971 0.979652 0.0608318 0.191265 0.977694 0.0723607 0.197174 0.925093 0.0765521 0.371944 0.959782 0.120404 0.253616 0.872163 0.0174875 0.488903 0.897812 0.176649 0.403396 0.888306 0.0736753 0.453303 0.90819 0.0264807 0.417719 0.919643 0.0452616 0.390139 0.925202 0.0677708 0.373373 0.937854 0.0280802 0.345892 0.954923 0.0660589 0.289409 0.982082 0.159891 0.0997446 0.953603 0.276931 -0.118114 0.896187 0.234957 0.376357 0.905185 0.288006 0.312558 0.884842 0.203628 0.419036 0.87499 0.339635 0.345022 0.897413 0.338567 0.282884 0.866833 0.480795 -0.13205 0.848381 0.471963 0.239792 0.757149 0.636648 -0.146304 0.351628 0.709855 0.610298 0.653671 0.597092 0.464968 0.538222 0.645624 0.541744 0.525246 0.462513 0.714282 0.751809 0.564453 0.340846 0.460298 0.529298 0.71272 0.761045 0.583722 0.282982 0.696795 0.613106 0.37226 0.237569 0.513667 0.824443 0.532926 0.839307 -0.107487 0.76144 0.375725 0.528243 0.647008 0.421026 0.635703 0.690558 0.609615 0.389229 0.713475 0.568649 0.409381 0.725212 0.543834 0.422269 0.729499 0.533372 0.42819 0.824652 0.562779 -0.0568221 0.912279 0.409498 0.0076576 0.736294 0.51339 0.440796 0.794058 0.499768 0.345983 0.775839 0.574648 0.260488 0.836949 0.386868 0.387105 0.951537 0.100773 0.290555 0.929403 0.0463791 0.36614 0.974602 0.0513387 0.21798 0.98467 0.0415959 0.169393 0.88923 0.115248 0.442706 0.995997 0.0588119 -0.0673078 0.945692 0.155054 0.2857 0.67078 0.252466 0.697363 0.818259 0.0274373 0.574194 0.805389 0.0610019 0.589599 0.794102 0.130011 0.593716 0.798385 0.0804426 0.59675 0.766659 0.0340458 0.641152 0.734451 0.0372582 0.677638 0.732601 0.075499 0.676458 0.798314 0.079787 0.596933 0.683745 0.0611429 0.727155 0.731208 0.051414 0.680214 0.738195 0.102124 0.666813 0.684255 0.0626268 0.726549 0.635994 0.17896 0.750656 0.635576 0.0635902 0.769415 0.646331 0.0332549 0.762332 0.593668 0.026569 0.804271 0.572855 0.269255 0.77417 0.579558 0.0647988 0.812351 0.484995 0.0323288 0.873919 0.457937 0.0672894 0.886434 0.383158 0.0477042 0.92245 0.411169 0.0184391 0.911373 0.415311 0.174042 0.892875 0.159005 0.184612 0.969864 0.316576 0.15052 0.936549 0.171436 -0.0500418 0.983924 0.234075 0.298391 0.925295 0.213835 0.0833081 0.973311 0.219546 0.173705 0.960014 0.326564 0.111964 0.93852 0.427644 0.0377342 0.903159 0.540737 0.0302145 0.840649 0.640868 -0.0187783 0.767421 0.496824 0.168552 0.851326 0.335446 0.0949023 0.937267 0.376046 0.232044 0.897076 0.786418 0.314111 0.531866 0.302202 0.508999 0.805974 0.722134 0.511628 0.465574 0.47589 0.8735 -0.1026 0.0234018 0.998615 0.0471287 0.0274983 0.99831 0.0512005 0.0364338 0.99736 0.0628099 0.0388853 0.997043 0.0662855 0.0346433 0.997864 0.0553871 0.0327819 0.998273 0.0487456 0.0328996 0.998418 0.045605 0.0347218 0.998386 0.0449517 0.0789541 0.987002 0.139976 0.0455971 0.997622 0.0516885 0.070303 0.989514 0.126169 0.046188 0.997569 0.0521721 0.0374914 0.998504 0.0398136 0.0333064 0.998895 0.0331484 0.09268 0.990376 0.102786 0.031629 0.999064 0.029517 0.0330119 0.999088 0.0270967 0.259654 0.857151 0.444828 0.0361263 0.998961 0.0277987 0.184514 0.951887 0.244675 0.0747284 0.99609 0.0471151 0.0417877 0.998672 0.0301236 0.0522531 0.998012 0.0352521 0.108847 0.993203 0.0412411 0.438482 0.893533 -0.0966039 0.0620601 0.997493 0.0340081 0.0642559 0.997397 0.0327326 0.0678082 0.997184 0.0320309 0.217992 0.89042 0.399539 0.0730653 0.996817 0.0319096 0.0926351 0.995298 0.0282926 0.0918262 0.995198 0.0338876 0.108915 0.993374 0.0366762 0.0917069 0.995466 0.0252271 0.091631 0.995539 0.0225071 0.0923506 0.995525 0.0200399 0.0938534 0.995428 0.0177512 0.246483 0.967088 -0.0631353 0.0905536 0.995705 0.019283 0.0780649 0.996892 0.0105808 0.0717158 0.997422 0.00258382 0.0722622 0.997376 0.00433475 0.0717251 0.997424 0.000907438 0.0732983 0.997307 -0.00237023 0.392327 0.89837 0.19751 0.0676547 0.997707 0.00187588 0.0539145 0.998529 -0.00566396 0.0543898 0.998453 -0.0115719 0.341525 0.931939 -0.12186 0.0480992 0.998774 -0.0116875 0.230375 0.972209 -0.0416834 0.045817 0.998858 -0.0135757 0.0321666 0.999433 -0.00998931 0.0464438 0.998792 -0.0160381 0.463154 0.869971 -0.169229 0.0742513 0.997176 -0.0112638 0.467354 0.867325 -0.171252 0.529144 0.752994 -0.391161 0.416966 0.858003 -0.299951 0.124598 0.99095 -0.0499414 0.0333857 0.999379 -0.0112991 0.0723952 0.997015 -0.0268379 0.0701861 0.997137 -0.0281311 0.0690156 0.997187 -0.0292564 0.0682466 0.997197 -0.030663 0.479882 0.859138 -0.177749 0.067942 0.997163 -0.03241 0.068003 0.997141 -0.0329605 0.0622922 0.997558 -0.0315923 0.0564495 0.99794 -0.0304715 0.487101 0.854242 -0.181667 0.0520984 0.998192 -0.0299678 0.0489341 0.998351 -0.0300098 0.494132 0.849329 -0.185674 0.0454276 0.998465 -0.0316855 0.046796 0.998112 -0.0397776 0.500954 0.844412 -0.18977 0.0497927 0.997731 -0.0453065 0.055225 0.99702 -0.0538734 0.0636555 0.995744 -0.0666486 0.0590425 0.995936 -0.0680063 0.485875 0.682009 -0.546616 0.0704444 0.990801 -0.115546 0.010332 0.99984 -0.0146044 0.00902226 0.999863 -0.013852 0.00889272 0.999849 -0.0148994 0.010179 0.999773 -0.0187193 0.149939 0.961691 -0.229497 0.0201597 0.99876 -0.045516 0.0185033 0.998729 -0.0468831 0.0177199 0.998541 -0.0510076 0.0179044 0.998066 -0.0595223 0.0197273 0.996799 -0.0774787 0.00807801 0.997574 -0.0691446 0.0044454 0.99805 -0.0622599 0.00156047 0.998183 -0.0602434 -0.00124519 0.998059 -0.0622606 -0.00462359 0.99758 -0.0693763 -0.0098585 0.99623 -0.0861858 -0.0213341 0.994813 -0.099456 -0.0113056 0.997684 -0.0670662 -0.0195003 0.997963 -0.0607401 -0.0256509 0.997945 -0.0587132 -0.0467536 0.995286 -0.0849677 -0.102691 0.980922 -0.165066 -0.0337219 0.997153 -0.0674445 -0.021641 0.990974 -0.132296 0.190805 0.888741 -0.416813 0.512587 0.836642 -0.193091 -0.00650797 0.684965 -0.728547 0.441999 0.5177 -0.732546 0.353819 0.517536 -0.779082 -0.55741 0.0621499 -0.827908 0.431346 0.483889 -0.761441 0.450679 0.464911 -0.762067 0.430435 0.530334 -0.730391 0.299092 0.449131 -0.841918 -0.121407 0.375613 -0.91879 0.45431 0.416516 -0.787475 0.444264 0.301168 -0.843758 -0.509217 0.206169 -0.835579 -0.482275 0.130674 -0.866219 -0.368455 0.496778 -0.785781 -0.408293 0.201797 -0.890267 -0.399209 0.052606 -0.915349 0.391546 0.239462 -0.888454 -0.267695 0.365337 -0.891554 -0.251063 0.178829 -0.951308 -0.223479 0.0651738 -0.972527 -0.187875 0.195632 -0.962513 0.439405 0.164902 -0.883024 -0.121747 0.00276155 -0.992557 -0.0935834 0.0840756 -0.992055 0.0249318 0.0923375 -0.995416 0.00810045 0.0389556 -0.999208 0.0383712 0.102818 -0.99396 0.370218 0.122838 -0.920787 0.148935 0.141645 -0.97865 0.211905 0.0267607 -0.976924 0.276293 0.0465778 -0.959944 0.342893 0.0595334 -0.937486 0.363628 0.011746 -0.93147 0.427696 0.0253148 -0.903568 0.40568 0.052942 -0.912481 0.301972 0.0114434 -0.953248 0.271768 0.0442683 -0.961344 0.219607 0.161038 -0.962206 0.0828578 0.0302577 -0.996102 0.044997 0.171106 -0.984224 -0.0718146 0.067423 -0.995137 -0.190577 0.262369 -0.945961 -0.054367 0.211782 -0.975804 -0.293115 0.113819 -0.949278 -0.150567 0.0520494 -0.987229 -0.328559 0.419907 -0.846007 -0.428766 -0.00131951 -0.903415 0.34207 0.207009 -0.916589 -0.545228 0.0979998 -0.83254 -0.101783 0.464624 -0.879639 0.44116 0.53057 -0.723791 0.438827 0.552116 -0.708942 0.448521 0.50466 -0.737664 0.431566 0.592242 -0.680441 0.556811 0.804466 -0.206873 0.576637 0.78746 -0.217706 0.684615 0.584626 -0.435333 0.634912 0.73353 -0.242532 0.670574 0.69478 -0.26002 0.47352 0.549504 -0.688349 0.665406 0.701172 -0.256109 0.70934 0.654451 -0.261784 0.362028 0.518345 -0.774761 0.631143 0.557927 -0.538866 0.373281 0.353486 -0.857735 0.79159 0.544559 -0.277202 0.207768 0.193915 -0.958764 0.589053 0.528322 -0.611467 0.685859 0.448122 -0.573398 0.50804 0.59586 -0.62197 0.539478 0.532848 -0.651948 0.537984 0.818923 -0.199844 0.552973 0.477249 -0.682975 0.610214 0.437667 -0.660369 0.860144 0.408918 -0.304859 0.816034 0.180127 -0.549221 0.896225 0.322865 -0.304202 0.837819 0.310967 -0.448731 0.91295 0.252022 -0.320949 0.611414 0.335236 -0.716792 0.921477 0.189143 -0.339272 0.560764 0.0770627 -0.824382 0.68531 0.282579 -0.671192 0.853393 0.115676 -0.508271 0.576367 0.0327612 -0.816534 0.843903 0.0809624 -0.530351 0.602414 0.0389304 -0.797234 0.78258 0.139471 -0.606726 0.679713 0.171423 -0.713165 0.755471 0.0780356 -0.650518 0.672109 0.0358821 -0.739583 0.726868 0.1465 -0.67097 0.739284 0.057088 -0.670969 0.691726 0.105107 -0.71447 0.933422 0.162134 -0.320056 0.816776 0.0865432 -0.570428 0.891194 0.16037 -0.424329 0.890798 0.0612914 -0.450247 0.924746 0.107762 -0.365009 0.950021 0.0797752 -0.30182 0.782552 0.0393984 -0.621337 0.939453 0.116839 -0.322143 0.220206 0.0347824 0.974833 0.921293 0.189529 -0.339556 0.273013 0.069354 0.959507 0.938857 0.106014 -0.32758 0.343844 0.0281048 0.938606 0.912427 0.140279 -0.384447 0.38688 0.110664 0.915466 0.890022 0.220305 -0.399157 0.459867 0.0863654 0.883778 0.878938 0.0870175 -0.468931 0.573925 0.097237 0.813115 0.886882 0.115678 -0.447279 0.630576 0.0532746 0.774297 0.859101 0.164825 -0.484538 0.693764 0.0267829 0.719704 0.613872 0.226616 -0.756179 0.803984 0.0597165 -0.591645 0.580675 0.0472465 0.812763 0.629132 0.0530761 -0.775484 0.807461 0.566244 -0.165451 0.7601 0.0661161 -0.646433 0.573295 0.138912 -0.807488 0.695406 0.338388 0.633959 0.806137 0.0235196 -0.591262 0.625954 0.0673394 -0.776948 0.553549 0.0628682 -0.83044 0.583406 0.400073 0.70681 0.524649 0.0317495 -0.850727 0.890996 0.236401 -0.387609 0.645611 0.757366 -0.0978943 0.879258 0.297214 -0.37225 0.739152 0.494024 0.457815 0.717695 0.332018 -0.61211 0.708052 0.549055 0.444072 0.881425 0.355024 -0.311526 0.883001 0.348468 -0.314452 0.761807 0.516873 -0.390502 0.502737 0.857936 -0.105838 0.757172 0.585246 -0.290135 0.520799 0.846931 -0.107126 0.543452 0.513766 -0.663856 0.72002 0.555333 0.416145 0.703171 0.695638 -0.147099 0.834594 0.463765 -0.297279 0.547209 0.830122 -0.107054 0.536124 0.549344 -0.640931 0.64356 0.753368 -0.135157 0.77267 0.461936 -0.435426 0.736692 0.676123 -0.0119375 0.819025 0.497489 -0.285838 0.624699 0.771279 -0.121987 0.814538 0.490305 -0.310048 0.55984 0.820984 -0.112094 0.493158 0.863603 -0.10481 0.750527 0.578695 -0.319095 0.762514 0.590217 -0.264982 0.740491 0.611523 -0.278771 0.691325 0.675035 -0.257678 0.667773 0.678311 -0.306551 0.598394 0.766043 -0.234742 -0.0191341 0.997244 -0.0716878 -0.028545 0.986442 -0.161608 0.0147927 0.997373 -0.0709175 -0.268214 0.873586 -0.40609 -0.0637215 0.992014 -0.108844 0.0457923 0.998844 -0.0146044 0.0449268 0.99843 -0.0334431 0.0529296 0.998546 -0.0102398 0.053007 0.998549 -0.00951397 0.0560321 0.99842 -0.00419863 0.0748588 0.997186 -0.00403775 0.271659 0.960386 0.0621308 0.476532 0.873049 -0.103456 0.499394 0.800245 0.331985 0.0961678 0.995243 0.0155796 0.0806716 0.996212 0.0324564 0.0246717 0.999249 -0.0298741 0.291754 0.00402092 0.956485 0.291748 0.00403622 0.956487 -0.295481 -0.00440487 -0.955338 0.291714 0.00389514 0.956498 0.291988 0.00432582 0.956412 0.292048 0.00453707 0.956393 0.292103 0.00393853 0.956379 0.292299 0.00470866 0.956315 0.292241 0.00519003 0.956331 0.292839 0.00411784 0.956153 0.292572 0.00586718 0.956226 0.293138 0.00617892 0.95605 0.293474 0.00436522 0.955957 0.294095 0.0046918 0.955765 0.293792 0.00608945 0.95585 0.294512 0.00503938 0.955634 0.294538 0.00605381 0.95562 0.294037 0.00787261 0.955762 0.294349 0.00746707 0.955669 0.294217 0.0084844 0.955701 0.294214 0.00912564 0.955696 0.294214 0.00912661 0.955696 0.293664 0.0121419 0.955832 0.290862 0.0160884 0.95663 0.291582 0.0150342 0.956428 0.292123 0.0142512 0.956275 0.291157 0.0152092 0.956554 0.288606 0.0170304 0.957296 0.287902 0.01731 0.957503 0.289788 0.0161892 0.956954 0.286423 0.0177034 0.95794 0.285825 0.0176844 0.958119 0.286771 0.0174281 0.957841 0.287287 0.0174399 0.957686 0.287131 0.0175718 0.95773 0.287933 0.0172825 0.957495 0.288823 0.0168243 0.957235 0.289389 0.0165923 0.957068 0.290245 0.0159855 0.956819 0.290817 0.015373 0.956655 0.291899 0.0143669 0.956341 0.291373 0.0151501 0.95649 0.290338 0.0166094 0.95678 0.290578 0.0164676 0.95671 0.291044 0.0159737 0.956576 0.292803 0.01348 0.956078 0.293992 0.0117209 0.955736 0.292843 0.0134531 0.956066 0.293873 0.0118058 0.955772 0.293491 0.0122732 0.955883 0.293455 0.0123351 0.955893 0.293368 0.0123128 0.95592 0.293279 0.0124776 0.955945 0.293242 0.0124218 0.955958 0.2948 0.0090132 0.955516 0.294001 0.0109129 0.955743 0.294541 0.00926686 0.955594 0.293849 0.0110527 0.955788 0.294975 0.00826116 0.955469 0.293866 0.00953083 0.955799 0.294639 0.0086096 0.95557 0.29393 0.00883658 0.955786 0.294603 0.00869917 0.95558 0.29412 0.0066289 0.955746 -0.0284208 -0.1543 -0.987615 -0.0864675 -0.117325 -0.989322 0.12639 -0.242009 -0.962007 -0.012727 -0.160866 -0.986894 0.225886 -0.301058 -0.926466 0.258936 -0.315865 -0.912788 0.320049 -0.350015 -0.880374 0.409091 -0.393109 -0.823474 0.701555 -0.506447 -0.501331 0.610667 -0.472829 -0.635231 0.714801 -0.506266 -0.482446 0.792614 -0.522759 -0.313823 0.487838 -0.424369 -0.76284 0.834921 -0.522993 -0.171423 0.853293 -0.517039 -0.067535 0.864037 -0.499571 0.0622038 0.809264 -0.407583 0.423046 0.851548 -0.460928 0.249825 0.86229 -0.499247 0.0849044 0.742037 -0.342613 0.576192 0.805801 -0.401312 0.435469 0.422906 -0.0880006 0.901891 0.430476 -0.0918333 0.897918 0.473329 -0.12615 0.871806 0.486314 -0.132717 0.863646 0.573758 -0.205272 0.792884 0.595771 -0.216611 0.773393 0.664219 -0.277409 0.694159 0.686318 -0.2931 0.665628 0.72241 -0.328019 0.60871 0.771116 -0.373472 0.515653 0.843618 -0.457133 0.281671 0.846246 -0.517115 -0.128297 0.788833 -0.523741 -0.321617 0.58759 -0.469766 -0.658831 0.479172 -0.418808 -0.771359 0.353428 -0.363806 -0.86182 0.0975293 -0.231081 -0.968034 -0.0777474 -0.121167 -0.989583 -0.220324 0.0065095 -0.975405 -0.221831 0.0101395 -0.975032 -0.223032 0.00977509 -0.974762 -0.224079 0.00934991 -0.974526 -0.223828 0.0063324 -0.974608 -0.224787 0.00578255 -0.974391 -0.22581 0.00545095 -0.974156 -0.227271 0.00791753 -0.973799 -0.22827 0.00741516 -0.97357 -0.229216 0.00686123 -0.973351 -0.230198 0.0066027 -0.973122 -0.231196 0.00647026 -0.972886 -0.232082 0.00603119 -0.972678 -0.232835 0.00530515 -0.972502 -0.23343 0.00429729 -0.972364 -0.233846 0.00302738 -0.972269 -0.232666 9.76734e-05 -0.972557 -0.232768 -0.00146421 -0.972531 -0.233144 -0.0021836 -0.97244 -0.234551 -0.000912498 -0.972104 -0.235634 -0.00063424 -0.971842 -0.237155 -0.00103114 -0.971471 -0.236218 -0.00356809 -0.971694 -0.234861 -0.00650005 -0.972007 -0.235723 -0.00627447 -0.9718 -0.238546 -0.00473411 -0.97112 -0.237815 -0.00628816 -0.97129 -0.233741 -0.0113554 -0.972233 -0.235471 -0.0106487 -0.971823 -0.237561 -0.00935076 -0.971328 -0.240839 -0.0072715 -0.970538 -0.236706 -0.00802733 -0.971548 -0.236746 -0.00959322 -0.971524 -0.239909 -0.0075185 -0.970766 -0.234709 -0.0109002 -0.972005 -0.234508 -0.0110767 -0.972051 -0.235241 -0.00995763 -0.971886 -0.23443 -0.0102805 -0.972079 -0.235789 -0.00842678 -0.971768 -0.236696 -0.00681959 -0.97156 -0.237118 -0.00549244 -0.971465 -0.237147 -0.00545716 -0.971458 -0.235093 -0.00708884 -0.971947 -0.233925 -0.00779579 -0.972223 -0.233768 -0.00721326 -0.972266 -0.235063 -0.00437769 -0.97197 -0.235727 -0.00210241 -0.971817 -0.23488 -0.00203073 -0.972022 -0.236542 -0.000700538 -0.971621 -0.233987 -0.00203761 -0.972238 -0.234054 -0.000234276 -0.972224 -0.234059 0.00150885 -0.972221 -0.232369 0.00144525 -0.972627 -0.231896 0.00256039 -0.972737 -0.231269 0.00343079 -0.972884 -0.230507 0.00403765 -0.973062 -0.229631 0.00437512 -0.973268 -0.228668 0.00443656 -0.973494 -0.227716 0.00461474 -0.973717 -0.226787 0.00506028 -0.973931 -0.22622 0.00836165 -0.97404 -0.225131 0.00884547 -0.974288 -0.222872 0.0068482 -0.974824 -0.221745 0.00690406 -0.97508 0 -1 0 0 -1 0 0 -1 0 0 -1 0 2.16603e-06 -1 5.9818e-06 4.57513e-07 -1 7.05639e-07 0 -1 0 3.06142e-06 -1 -2.37352e-06 -3.43535e-06 -1 -2.33973e-07 0 -1 0 0 -1 0 0 -1 0 0 -1 0 0 -1 0 0 -1 0 0 -1 0 6.00427e-07 -1 -5.8884e-07 0 -1 0 0 -1 0 0 -1 0 0 -1 0 0 -1 0 0 -1 0 0 -1 0 0 -1 0 0 -1 0 0 -1 0 0 -1 0 0 -1 0 0 -1 0 0 -1 0 0 -1 0 0 -1 0 0 -1 0 0 -1 0 0 -1 0 0 -1 0 0 -1 0 0 -1 0 0 -1 0 0 -1 0 0 -1 0 0 -1 0 0 -1 0 0 -1 0 0 -1 0 0 -1 0 0 -1 0 0 -1 0 0 -1 0 0 -1 0 0 -1 0 0 -1 0 0 -1 0 0 -1 0 0 -1 0 1.23604e-07 -1 1.32626e-06 4.75042e-07 -1 2.78355e-08 4.68756e-07 -1 3.75091e-08 4.64711e-07 -1 4.71981e-08 0 -1 0 0 -1 0 0 -1 0 0 -1 0 0 -1 0 0 -1 0 0 -1 0 0 -1 0 0 -1 0 0 -1 0 0 -1 0 0 -1 0 0 -1 0 0 -1 0 0 -1 0 0 -1 0 0 -1 0 0 -1 0 0 -1 0 0 -1 0 0 -1 0 0 -1 0 0 -1 0 0 -1 0 0 -1 0 0 -1 0 0 -1 0 0 -1 0 0 -1 0 6.58499e-07 -1 -4.336e-07 4.62013e-07 -1 4.39035e-08 0 -1 0 0 -1 0 0 -1 0 0 -1 0 0 -1 0 0 -1 0 0 -1 0 0 -1 0 0 -1 0 0 -1 0 0 -1 0 0 -1 0 0 -1 0 0 -1 0 0 -1 0 -2.70288e-06 -1 -8.5006e-06 0 -1 0 0 -1 0 0 -1 0 0 -1 0 0 -1 0 0 -1 0 4.81071e-07 -1 7.90813e-08 0 -1 0 0.971005 -0.164496 0.173467 0.87041 0.0012492 0.492327 0.870795 0.000753766 0.491646 0.88227 -0.00493757 0.470718 0.891925 -0.0184832 0.451806 0.89293 -0.0166494 0.449887 0.905895 -0.00159195 0.4235 0.916834 0.00127558 0.399267 0.933082 -0.0277592 0.358592 0.93419 -0.0242641 0.355949 0.944934 -0.00156629 0.327257 0.959898 -0.0150062 0.279947 0.963892 -0.0501965 0.261521 0.964422 -0.047092 0.260138 0.973852 -0.00113249 0.227179 0.983846 -0.0767477 0.16173 0.965281 -0.167844 0.200151 0.955657 -0.249077 0.157097 0.979533 0.00218764 0.20127 0.953323 0.00151637 0.301948 0.926122 -0.00799377 0.377141 -0.392235 -0.115151 0.912629 -0.385987 -0.112118 0.915666 -0.389294 -0.138499 0.910642 -0.381107 -0.106716 0.918352 -0.413369 -0.120001 0.902622 -0.406812 -0.117066 0.90598 -0.412338 -0.144512 0.899496 -0.397392 -0.139389 0.907001 -0.428656 -0.146625 0.891491 -0.428338 -0.121434 0.895422 -0.437027 -0.147218 0.887319 -0.445275 -0.148521 0.88299 -0.45139 -0.122584 0.883866 -0.459505 -0.121408 0.879838 -0.462743 -0.147783 0.874088 -0.498673 -0.143346 0.854855 -0.492263 -0.11623 0.862652 -0.489769 -0.143129 0.860024 -0.484174 -0.116208 0.867221 -0.480848 -0.143914 0.864913 -0.476051 -0.117174 0.871576 -0.471825 -0.145697 0.869571 -0.467815 -0.119139 0.87576 -0.45387 -0.148713 0.878571 -0.443536 -0.122678 0.887821 -0.436007 -0.121723 0.891673 -0.420208 -0.146363 0.895546 -0.405147 -0.141126 0.903294 -0.3997 -0.115706 0.909314 -0.382476 -0.135001 0.91405 -0.420576 -0.121474 0.899088 -0.3771 -0.128994 0.917146 0.529827 -0.0590084 -0.84605 0.594999 -0.24604 -0.765141 0.559937 -0.140601 -0.816518 0.55795 -0.137278 -0.818442 0.634593 -0.380495 -0.672693 0.623528 -0.346153 -0.700993 0.658238 -0.548679 -0.515436 0.646815 -0.456032 -0.611281 0.662361 -0.587606 -0.464756 0.659136 -0.656193 -0.367355 0.65363 -0.681792 -0.328523 0.641187 -0.730155 -0.236118 0.571086 -0.819447 0.0486559 0.62793 -0.765208 -0.141988 0.424839 -0.832806 0.35489 0.50294 -0.838068 0.211407 0.513496 -0.839514 0.17759 0.247306 -0.764215 0.595664 0.34092 -0.808521 0.479654 0.340652 -0.808313 0.480195 0.0298474 -0.602937 0.79723 0.145067 -0.695725 0.703507 -0.271941 -0.285266 0.91906 -0.250514 -0.307007 0.918145 -0.230299 -0.335477 0.913465 -0.205735 -0.358661 0.910514 -0.140128 -0.441686 0.886159 -0.110477 -0.465914 0.877906 -0.0449881 -0.537795 0.841874 0.0195307 -0.591016 0.806423 0.128591 -0.687661 0.714553 0.243643 -0.760569 0.601808 0.430682 -0.835821 0.340466 0.572634 -0.818542 0.0455961 0.59937 -0.798857 -0.0508171 0.622783 -0.771739 -0.128685 0.648479 -0.711565 -0.270462 0.659788 -0.622229 -0.421321 0.655687 -0.496567 -0.568768 0.603193 -0.266452 -0.751772 0.524281 -0.0503504 -0.850055 0.543703 0.161637 -0.823566 0.54686 0.130591 -0.826976 0.526401 0.164484 -0.834175 0.516927 0.133712 -0.845522 0.50955 0.165215 -0.844431 0.493501 0.163296 -0.854278 0.487343 0.132929 -0.863033 0.473265 0.130748 -0.871163 0.446583 0.123716 -0.886148 0.448176 0.152739 -0.8808 0.459674 0.127654 -0.878866 0.462727 0.157198 -0.872452 0.477842 0.160754 -0.863612 0.50175 0.134567 -0.854481 0.560794 0.161469 -0.812058 0.532513 0.13086 -0.836245 0.547783 0.130622 -0.82636 0.176334 0 0.98433 0.172024 -0.00441005 0.985083 0.176443 -0.00425012 0.984302 0.655947 4.8884e-05 0.754807 0.638796 -0.00190723 0.769374 0.587074 -0.00149942 0.809532 0.53283 -0.00127449 0.846221 0.481328 -0.00209658 0.876538 0.423767 -0.00202845 0.905769 0.364443 -0.00185403 0.931224 0.335538 0.000288566 0.942027 0.314594 -0.000435768 0.949226 0.303593 0.00523663 0.952788 0.293466 -0.00131467 0.955969 0.266101 0.000782911 0.963945 0.256734 0.000248732 0.966482 0.254066 0.000355909 0.967187 0.250948 0.000533548 0.968001 0.251919 0.00040129 0.967748 0.244951 0.000209297 0.969536 0.228968 0.000569204 0.973434 0.216284 0.000159705 0.97633 0.209348 0.000427939 0.977841 0.204537 0.000202585 0.978859 0.19641 0.000122709 0.980522 0.193524 0.000739913 0.981095 0.190441 0.000501558 0.981699 0.141156 0.00226563 0.989985 0.172025 -0.00384205 0.985085 0.166668 -0.000934945 0.986013 0.170761 -0.00390583 0.985305 0.181645 0.00135335 0.983363 0.2226 0.000150112 0.97491 0.144439 0.000149674 0.989514 0.135023 3.89106e-06 0.990843 0.108375 0.000473732 0.99411 0.118849 0.00753316 0.992884 0.105705 2.95641e-07 0.994398 0.0973315 7.46285e-07 0.995252 0.105814 9.50815e-07 0.994386 0.109052 5.45641e-07 0.994036 0.109075 7.75189e-07 0.994034 0.112676 4.4882e-09 0.993632 0.0889241 -0.00143505 0.996037 0.11739 -2.75992e-07 0.993086 0.099103 0.000357306 0.995077 0.122861 6.07112e-07 0.992424 0.102388 0.00101268 0.994744 0.187806 0.000234191 0.982206 0.184222 -0.00111741 0.982884 0.113554 0.00471176 0.993521 0.128576 2.84526e-05 0.9917 0.235135 0.000251613 0.971963 0.199665 0.000109936 0.979864 0.176839 -0.00398348 0.984232 0.176332 -0.00438771 0.984321 0.165736 -0.00120051 0.986169 0.186517 -0.00263123 0.982448 0.177654 -0.00359458 0.984087 0.191845 0.000605194 0.981425 0.185875 -0.00191503 0.982572 0.186164 -0.00231333 0.982516 0.128547 1.38945e-06 0.991703 0.122841 1.03124e-06 0.992426 0.117423 3.25282e-07 0.993082 0.112692 2.28202e-07 0.99363 0.101404 -0.000152579 0.994845 0.0970747 0 0.995277 0.0973072 7.47594e-07 0.995254 0.105705 2.95669e-07 0.994398 0.105814 9.50815e-07 0.994386 0.109052 5.45589e-07 0.994036 0.109075 7.75211e-07 0.994034 0.112676 4.41798e-09 0.993632 0.11739 -2.75992e-07 0.993086 0.134995 7.00287e-07 0.990846 0.18352 0 0.983016 0.185702 -0.00143024 0.982605 0.210176 0.000373553 0.977664 0.101212 0.000145823 0.994865 0.128584 5.34521e-07 0.991699 0.230696 0.000418083 0.973026 0.240879 0.000152873 0.970555 0.135023 0 0.990843 0.134995 7.00378e-07 0.990846 0.128584 5.34521e-07 0.991699 0.122841 1.03124e-06 0.992426 0.122861 6.07112e-07 0.992424 0.117423 3.25265e-07 0.993082 0.0992164 -0.000377474 0.995066 0.0896962 0.00129986 0.995968 0.102474 -0.00102855 0.994735 0.105681 -0.00181397 0.994398 0.10914 -0.00290145 0.994022 0.113585 -0.0047259 0.993517 0.118866 -0.00753815 0.992882 0.107206 0.000313545 0.994237 0.12851 -0.000122059 0.991708 0.128547 1.38945e-06 0.991703 0.131917 -0.000254116 0.991261 0.186686 0.000972184 0.982419 0.181233 0.0032486 0.983435 0.178239 0.00400973 0.983979 0.17353 0.00184541 0.984827 0.158254 0.000340212 0.987398 0.189743 -0.000677677 0.981833 0.193015 -0.00121443 0.981195 0.183055 0.000537471 0.983103 0.203595 -0.000229557 0.979055 0.202115 -0.000153901 0.979362 0.208937 -0.000618465 0.977929 0.206406 -0.000333919 0.978466 0.214532 2.80216e-05 0.976717 0.219829 5.24691e-05 0.975539 0.225878 -0.000195448 0.974156 0.228163 -0.000399849 0.973623 0.23901 9.10809e-05 0.971017 0.244706 -6.32362e-05 0.969597 0.248485 -0.000341298 0.968636 0.250367 -0.000182886 0.968151 0.267042 2.58969e-05 0.963685 0.256678 1.43892e-05 0.966497 0.266073 -0.000349854 0.963953 0.263736 -0.000561691 0.964595 0.296217 0.00179262 0.955119 0.177912 0.00368123 0.98404 0.200915 -0.00010317 0.979609 0.186408 0.000576829 0.982472 0.373789 0.00183092 0.927512 0.431461 0.00198277 0.902129 0.437027 -0.000354489 0.899448 0.541441 0.00232695 0.840735 0.593315 0.00241356 0.804967 0.65947 -6.4699e-05 0.751731 0.705108 -2.08528e-05 0.7091 0.689798 0.00285198 0.723996 0.689789 0.00284869 0.724005 0.675153 6.13642e-05 0.737678 0.622333 0.000397675 0.782752 0.642833 0.00254918 0.766002 0.604996 7.80303e-05 0.796229 0.642679 0.00249836 0.766132 0.590197 -0.00230881 0.807256 0.626528 -2.78108e-05 0.779399 0.609288 3.10608e-05 0.792949 0.551532 2.61442e-06 0.834154 0.573361 -0.000199638 0.819303 0.55447 0.000299113 0.832204 0.495544 -0.000168111 0.868583 0.476074 -0.00113128 0.879405 0.456968 0.000256093 0.889483 0.518013 -0.000140817 0.855373 0.396939 0.000237111 0.917845 0.376399 -0.000437171 0.926458 0.423199 0.00075616 0.906037 0.403493 -0.000234987 0.914983 0.29868 -0.00221922 0.954351 0.272841 -0.000178282 0.962059 0.247945 0.000772293 0.968774 0.186213 1.7552e-05 0.982509 0.314632 -0.00365249 0.949207 0.188018 0.00202522 0.982164 0.689237 -0.00302437 0.724529 0.134981 -0.000132398 0.990848 0.100542 6.96411e-06 0.994933 0.122023 -0.00153939 0.992526 0.105657 0.00181064 0.994401 0.109149 0.00290543 0.994021 0.135023 0 0.990843 0.187182 0.00144055 0.982324 0.112692 2.28245e-07 0.99363 0.260932 -0.00088537 0.965357 0.232803 -5.34644e-05 0.972524 0.205311 -0.000337608 0.978697 0.286248 -0.00240458 0.958153 0.254512 -2.51134e-05 0.96707 0.289107 -0.00165513 0.957295 0.181355 0.00292546 0.983413 0.103843 -6.96145e-06 0.994594 0.310459 0.00213104 0.950585 0.334378 -0.000352123 0.942439 0.361536 0.000371027 0.932358 0.382639 0.00066364 0.923898 0.35585 -0.000686155 0.934543 0.47328 -0.00357297 0.880905 0.416816 -0.000935264 0.908991 0.487419 0.000644554 0.873168 0.534995 0.00102187 0.844854 0.51461 0.000360587 0.857424 0.536881 -0.00215322 0.843655 0.56973 0.000436184 0.821832 0.70437 2.08545e-05 0.709834 0.641053 -0.0026158 0.767492 0.687979 -0.00253827 0.725726 0.591115 0.00182854 0.806585 0.672411 0.000227849 0.740178 -0.995979 -5.43558e-06 0.0895892 -0.995979 1.56873e-06 0.0895899 -0.995979 2.00172e-07 0.0895897 -0.995979 4.10488e-07 0.0895899 -0.995979 8.25759e-08 0.0895896 -0.995979 1.86645e-06 0.0895906 -0.995979 1.44722e-06 0.0895904 -0.995979 -3.6039e-06 0.0895863 -0.995978 5.10321e-06 0.089595 -0.995979 -2.24164e-07 0.0895895 -0.995979 7.88088e-07 0.0895919 -0.995978 1.10989e-06 0.0895928 -0.995979 -2.56955e-06 0.0895841 -0.995979 9.92776e-07 0.0895905 -0.995979 -5.90758e-07 0.0895891 -0.995979 -5.33184e-09 0.0895896 -0.995979 -4.6536e-09 0.0895896 -0.995979 0 0.0895896 0 1 0 0 1 0 0 1 0 0 1 0 0 1 0 0 1 0 0 1 0 0 1 0 0 1 0 0 1 0 0 1 0 0 1 0 0 1 0 0 1 0 0 1 0 0 1 0 0 1 0 0 1 0 0 1 0 0 1 0 0 1 0 0 1 0 0 1 0 0 1 0 0 1 0 0 1 0 0 1 0 0 1 0 0 1 0 0 1 0 0 1 0 0 1 0 0 1 0 0 1 0 0 1 0 0 1 0 0 1 0 0 1 0 0 1 0 0 1 0 0 1 0 0 1 0 0 1 0 0 1 0 0 1 0 0 1 0 0 1 0 0 1 0 0 1 0 0 1 0 0 1 0 0 1 0 0 1 0 0 1 0 0 1 0 0 1 0 0 1 0 0 1 0 0 1 0 0 1 0 0 1 0 0 1 0 0 1 0 0 1 0 0 1 0 0 1 0 0 1 0 0 1 0 0 1 0 0 1 0 0 1 0 0 1 0 0 1 0 0 1 0 0 1 0 0 1 0 0 1 0 0 1 0 0 1 0 0 1 0 0 1 0 0 1 0 0 1 0 0 1 0 0 1 0 0 1 0 0 1 0 0 1 0 0 1 0 0 1 0 0 1 0 0 1 0 0 1 0 0 1 0 0 1 0 0 1 0 0 1 0 0 1 0 0 1 0 0 1 0 0 1 0 0 1 0 0 1 0 0 1 0 0 1 0 0 1 0 0 1 0 0 1 0 0 1 0 0 1 0 0 1 0 0 1 0 0 1 0 0 1 0 0 1 0 0 1 0 0 1 0 0 1 0 0 1 0 0 1 0 0 1 0 0 1 0 0 1 0 0 1 0 0 1 0 0 1 0 0 1 0 0 1 0 0 1 0 0 1 0 0 1 0 0 1 0 0 1 0 0 1 0 0 1 0 0 1 0 0 1 0 0 1 0 0 1 0 -0.562238 0.0298121 -0.826438 -0.557782 0.0980145 -0.82418 -0.558056 0.0899802 -0.82491 -0.55754 0.0980187 -0.824343 -0.555771 0.15122 -0.817466 -0.54973 0.213126 -0.807697 -0.539353 0.275202 -0.795841 -0.535961 0.290285 -0.792768 -0.529203 0.337323 -0.778561 -0.516002 0.398877 -0.758049 -0.0528965 0.995181 -0.082562 -0.0167693 0.999556 -0.0246494 -0.048211 0.995875 -0.0768644 -0.0848281 0.988489 -0.125277 -0.120032 0.977036 -0.176046 -0.153482 0.961262 -0.228949 -0.160792 0.956936 -0.241701 -0.189457 0.941354 -0.27921 -0.224541 0.917031 -0.329599 -0.256968 0.888093 -0.381128 -0.262753 0.881917 -0.391386 -0.291427 0.855101 -0.428804 -0.323882 0.817778 -0.475751 -0.35477 0.773007 -0.525926 -0.352327 0.776057 -0.523068 -0.383785 0.731074 -0.564128 -0.411223 0.682294 -0.604459 -0.432594 0.634391 -0.640633 -0.434914 0.630111 -0.643281 -0.460121 0.575574 -0.67602 -0.480808 0.518406 -0.707163 -0.493774 0.471395 -0.730735 -0.498181 0.459229 -0.735476 -0.492906 0.000236811 -0.870083 -0.46428 -0.000708952 -0.885688 -0.406699 -0.00145545 -0.913561 -0.532609 -0.00172739 -0.846359 -0.405539 -0.0012755 -0.914077 -0.340696 -0.00334261 -0.940168 -0.375211 0.000387604 -0.926939 -0.344955 -0.00100217 -0.938619 -0.351709 0.00230948 -0.936107 -0.330752 0.00187615 -0.943716 -0.344783 -0.00112404 -0.938682 -0.319362 0.000259733 -0.947633 -0.31819 0.000329625 -0.948027 -0.312682 0.000764809 -0.949858 -0.314967 0.000562603 -0.949103 -0.310179 0.00101978 -0.950678 -0.313481 0.000634029 -0.949594 -0.316728 0.000427541 -0.948516 -0.294391 3.33293e-05 -0.955685 -0.287464 0.00032975 -0.957791 -0.281125 0.000640379 -0.959671 -0.275526 0.000245781 -0.961293 -0.263445 8.01475e-05 -0.964674 -0.265797 5.11783e-05 -0.964029 -0.258249 0.00159313 -0.966077 -0.250721 0.000387876 -0.968059 -0.255162 0.00117397 -0.966898 -0.252798 0.000896893 -0.967519 -0.219578 -0.00247749 -0.975592 -0.269973 5.75818e-05 -0.962868 -0.300431 7.77662e-07 -0.953803 -0.233618 0.00160882 -0.972327 -0.196743 0.00511213 -0.980442 -0.122728 -0.00114396 -0.99244 -0.0568802 0.000348225 -0.998381 0.00850041 0.000222242 -0.999964 0.170887 -0.000961785 -0.98529 0.106408 0.000602326 -0.994322 0.419086 -0.0024181 -0.907943 0.419834 -0.0020043 -0.907599 0.405879 -0.00727926 -0.913898 0.239598 -0.00474155 -0.970861 0.389944 -0.00153811 -0.920837 0.360341 0.000902401 -0.93282 0.328159 -0.00397073 -0.944614 0.323995 -0.00543268 -0.946043 0.298417 4.40098e-05 -0.954436 0.267148 0.000171545 -0.963655 0.234456 -0.00314774 -0.972122 0.20368 0.000576679 -0.979037 0.153348 -0.00441512 -0.988162 0.138345 -0.00122903 -0.990383 0.0730014 -0.00218197 -0.997329 0.0659097 -0.00368588 -0.997819 0.0410357 -0.00012411 -0.999158 -0.0220385 -0.00320207 -0.999752 -0.0249716 -0.00256607 -0.999685 -0.0898997 -0.000518753 -0.995951 -0.109816 -0.00325332 -0.993947 -0.154768 0.000462854 -0.987951 -0.187405 -0.00142584 -0.982282 -0.20055 -0.00355096 -0.979677 -0.236036 0.00210746 -0.971742 -0.282172 0.000754927 -0.959364 -0.305726 0.000159438 -0.95212 -0.340467 -0.00375432 -0.940249 -0.435028 0.00037179 -0.900417 -0.470855 -0.00162465 -0.882209 -0.521125 -0.000296904 -0.85348 -0.548825 0 -0.835938 0.824734 0.0969271 0.557152 0.839333 0.145548 0.523771 0.839106 0.10906 0.532923 0.83115 0.105886 0.545874 0.859246 0.15217 0.488406 0.857347 0.114866 0.501759 0.869384 0.153091 0.469824 0.893777 0.119055 0.432422 0.878981 0.156601 0.450409 0.879278 0.154808 0.450449 0.875697 0.116451 0.468608 0.866619 0.115214 0.485487 0.849185 0.150516 0.506192 0.823555 0.129465 0.552265 0.848068 0.111783 0.517963 0.83062 0.138314 0.539389 -0.652917 -0.314943 -0.688847 -0.691199 -0.262214 -0.673415 -0.529194 -0.456098 -0.715492 -0.62819 -0.34193 -0.6989 -0.456337 -0.530808 -0.714143 -0.381228 -0.588692 -0.712816 -0.24496 -0.688591 -0.682523 0.0542459 -0.817621 -0.573196 -0.0890183 -0.766441 -0.636116 0.185334 -0.844808 -0.501947 -0.222622 -0.698443 -0.68016 0.203992 -0.849667 -0.486264 0.350948 -0.855251 -0.381289 0.617636 -0.776534 -0.124581 0.490859 -0.831804 -0.259151 0.450777 -0.838697 -0.305593 0.704743 -0.70923 -0.0181835 0.668168 -0.740699 -0.0701138 0.7558 -0.652206 0.0582516 0.777373 -0.622582 0.0899093 0.869368 -0.083132 0.487123 0.865935 -0.0714639 0.495025 0.877433 -0.162795 0.451231 0.877793 -0.16457 0.449885 0.879892 -0.273578 0.388516 0.879819 -0.295865 0.371998 0.870183 -0.374779 0.319877 0.864471 -0.411911 0.28813 0.842578 -0.487059 0.229859 0.826624 -0.531508 0.184912 0.802194 -0.580375 0.140175 0.724726 -0.689002 0.00695328 0.578775 -0.795502 -0.17943 0.318161 -0.853163 -0.413385 0.0592547 -0.819817 -0.569551 -0.0822127 -0.770674 -0.631904 -0.369035 -0.60012 -0.709696 -0.561185 -0.428329 -0.708242 -0.670969 -0.287025 -0.683679 -0.843947 -0.138521 -0.518233 -0.847294 -0.11477 -0.518576 -0.825534 -0.136302 -0.547646 -0.837616 -0.104051 -0.536258 -0.826002 -0.10721 -0.553377 -0.819228 -0.139962 -0.556126 -0.808158 -0.134997 -0.573285 -0.805086 -0.101962 -0.584329 -0.79509 -0.0981326 -0.598499 -0.787382 -0.12235 -0.604202 -0.776221 -0.0882616 -0.624252 -0.771939 -0.113273 -0.625524 -0.785784 -0.0925491 -0.611538 -0.786279 -0.0911247 -0.611115 -0.79714 -0.130393 -0.589547 -0.815131 -0.10623 -0.569453 -0.837717 -0.103392 -0.536227 -0.854464 -0.149727 -0.497466 0.74547 -0.0440593 -0.665081 0.745239 -0.146402 -0.650526 0.732109 0.00276092 -0.681182 0.710175 -0.000555019 -0.704026 0.690277 -0.0335683 -0.722766 0.684969 -0.0173125 -0.728366 0.666032 0.00238352 -0.745919 0.642152 -0.000669837 -0.766577 0.62221 -0.0181074 -0.782641 0.594235 0.00155692 -0.80429 0.568411 -0.00131897 -0.822744 0.548797 -0.0125307 -0.835862 0.516825 0.00103632 -0.85609 0.54132 -0.00640749 -0.840792 0.616212 -0.00977096 -0.78752 0.590591 0.788516 -0.171593 0.569159 0.805308 -0.165942 0.611448 0.77123 -0.177016 0.611032 0.771614 -0.176783 0.631333 0.753855 -0.181993 0.651812 0.734859 -0.187413 0.6706 0.716489 -0.192196 0.671398 0.715743 -0.192192 0.690408 0.696087 -0.196975 0.70819 0.676623 -0.201615 0.72611 0.655976 -0.206055 0.726649 0.655385 -0.20604 0.743354 0.635032 -0.210142 0.760353 0.613105 -0.214397 0.776273 0.591434 -0.218189 0.776085 0.591722 -0.218075 0.791596 0.56936 -0.221819 0.806547 0.546521 -0.225383 0.821001 0.523085 -0.228778 0.820864 0.52334 -0.228689 0.834965 0.49906 -0.231888 0.847772 0.475495 -0.234919 0.860159 0.451221 -0.237752 0.860546 0.450512 -0.237697 0.872342 0.425736 -0.240352 0.883505 0.400596 -0.242781 0.893133 0.377123 -0.245137 0.902883 0.351759 -0.247119 0.90386 0.349403 -0.246891 0.913001 0.323447 -0.248618 0.920587 0.299675 -0.25043 0.928388 0.273289 -0.251811 0.96076 0.108092 -0.255455 0.961763 0.113376 -0.249313 0.969987 0.0801641 -0.229561 0.957538 0.0844419 -0.275664 0.957868 0.132704 -0.254711 0.960209 0.111672 -0.255984 0.957312 0.135622 -0.255265 0.956718 0.138896 -0.25573 0.95315 0.162938 -0.254865 0.952492 0.166081 -0.255295 0.948257 0.190118 -0.254291 0.947531 0.193175 -0.254693 0.942627 0.217176 -0.253552 0.941845 0.220114 -0.253925 0.936271 0.244069 -0.252641 0.935452 0.246842 -0.252978 0.929174 0.270867 -0.25153 0.921408 0.297353 -0.250176 0.912044 0.325941 -0.248874 0.894022 0.375128 -0.244956 0.882814 0.402042 -0.242905 0.87184 0.426718 -0.240432 0.848142 0.474858 -0.234871 0.834636 0.499593 -0.231926 0.806513 0.546579 -0.225361 0.791621 0.56932 -0.221834 0.759999 0.613618 -0.214184 0.743785 0.634442 -0.210398 0.708847 0.675938 -0.201602 0.689611 0.696874 -0.196985 0.651206 0.735484 -0.187067 0.631851 0.75335 -0.182286 0.569307 0.805187 -0.166023 0.555907 0.815207 -0.162497 0.555415 0.81558 -0.162304 0.546607 0.821966 -0.15998 0.546548 0.822009 -0.159957 0.538481 0.827726 -0.157822 0.533287 0.831343 -0.156445 0.538483 0.827725 -0.157823 0.533298 0.831334 -0.156449 0.530273 0.833418 -0.155645 0.52658 0.835937 -0.154669 0.526689 0.835861 -0.154711 0.522036 0.839002 -0.153471 0.522194 0.838893 -0.153533 0.514175 0.844216 -0.151404 0.517799 0.841826 -0.152357 0.517993 0.841693 -0.152433 0.590303 0.788767 -0.171434 0.530339 0.833372 -0.155667 -0.657844 0 -0.753154 -0.66302 -1.28701e-06 -0.748602 -0.667598 -4.5057e-06 -0.744522 -0.663055 -5.86429e-06 -0.748571 -0.671931 -1.48388e-06 -0.740614 -0.675649 7.6146e-07 -0.737224 -0.675626 -2.27405e-06 -0.737245 -0.678468 -7.20074e-06 -0.73463 -0.681109 -5.15635e-06 -0.732182 -0.683312 -7.37935e-06 -0.730126 -0.681068 -1.0764e-05 -0.732221 -0.678482 -5.31634e-06 -0.734617 -0.671913 8.49775e-07 -0.74063 -0.610031 0 -0.792377 -0.514151 0 -0.8577 -0.411351 0 -0.911477 -0.303014 0 -0.952986 -0.190598 0 -0.981668 -0.0756183 0 -0.997137 0.0403813 0 -0.999184 0.0403813 0 -0.999184 0.155836 0 -0.987783 0.269193 0 -0.963086 0.378928 0 -0.925426 0.483562 0 -0.87531 0.581687 0 -0.813413 0.671983 0 -0.740566 0.753234 0 -0.657753 0.824347 0 -0.566085 0.884364 0 -0.466798 0.932477 0 -0.361229 0.96804 0 -0.250797 0.990573 0 -0.136989 0.999772 0 -0.0213375 0.995515 0 0.0946004 0.977859 0 0.209266 0.947041 0 0.321114 0.947041 0 0.321114 0.903475 0 0.428641 0.847749 0 0.530398 0.780612 0 0.625016 0.702969 0 0.711221 0.520468 0 0.853881 0.31004 0 0.950724 0.418068 0 0.908416 0.31004 0 0.950724 0.197839 0 0.980235 0.136872 0 0.990589 0.136841 3.06779e-06 0.990593 0.130027 2.34488e-06 0.991511 0.130001 4.88874e-06 0.991514 0.123962 3.39114e-06 0.992287 0.118161 1.87995e-06 0.992995 0.1182 -1.98599e-06 0.99299 0.113162 -1.6404e-07 0.993577 -0.657864 -2.60349e-06 -0.753137 0.109336 5.81656e-06 0.994005 0.109338 6.05416e-06 0.994005 0.105827 1.13761e-05 0.994385 -0.667587 -3.1355e-06 -0.744532 0.105783 7.09608e-06 0.994389 0.102934 1.08905e-05 0.994688 0.113175 1.16226e-06 0.993575 0.123963 3.21019e-06 0.992287 0.197839 0 0.980235 0.418068 0 0.908416 0.520468 0 0.853881 0.615863 0 0.787854 0.615863 0 0.787854 0.702969 0 0.711221 0.780612 0 0.625016 0.847749 0 0.530398 0.903475 0 0.428641 0.977859 0 0.209266 0.995515 0 0.0946004 0.999772 0 -0.0213375 0.990573 0 -0.136989 0.96804 0 -0.250797 0.932477 0 -0.361229 0.884364 0 -0.466798 0.824347 0 -0.566085 0.753234 0 -0.657753 0.671983 0 -0.740566 0.581687 0 -0.813413 0.483562 0 -0.87531 0.378928 0 -0.925426 0.269193 0 -0.963086 0.155836 0 -0.987783 -0.0756183 0 -0.997137 -0.190598 0 -0.981668 -0.303014 0 -0.952986 -0.411351 0 -0.911477 -0.514151 0 -0.8577 -0.610031 0 -0.792377 0.73001 0.0602853 -0.680773 0.719469 0.182591 -0.670093 0.695311 0.306679 -0.649993 0.644029 0.469024 -0.604353 0.565377 0.631741 -0.530331 0.480288 0.754125 -0.447906 0.461554 0.774026 -0.433418 0.342539 0.882201 -0.323091 0.0440901 0.998181 -0.0411163 0.071896 0.994912 -0.0705762 0.133964 0.983214 -0.123873 0.212885 0.956078 -0.201483 0.223714 0.951751 -0.210055 0.314202 0.90306 -0.292849 0.400915 0.836929 -0.372581 0.551526 0.656733 -0.514315 0.612563 0.547468 -0.570128 0.660356 0.42952 -0.615989 0.72591 0.101149 -0.680311 0.697818 0.29257 -0.653799 -0.562482 0 -0.826809 -0.562488 0 -0.826805 -0.562482 0 -0.826809 -0.562492 0 -0.826803 -0.562492 0 -0.826803 -0.562487 0 -0.826806 -0.562487 0 -0.826806 -0.562487 0 -0.826806 -0.562487 0 -0.826806 -0.562495 0 -0.826801 -0.562495 0 -0.826801 -0.56249 0 -0.826804 -0.562486 1.44192e-06 -0.826807 -0.562488 3.73036e-08 -0.826805 -0.56249 -1.09411e-06 -0.826804 -0.562487 7.93249e-06 -0.826806 -0.562497 -5.07562e-06 -0.826799 -0.56249 -9.05863e-07 -0.826804 -0.562486 1.81238e-06 -0.826807 -0.562489 -2.4569e-07 -0.826805 -0.56249 -5.64907e-07 -0.826804 -0.562492 -4.29957e-06 -0.826802 -0.562487 1.93935e-06 -0.826806 -0.562488 1.88937e-06 -0.826805 -0.562488 1.43144e-06 -0.826806 -0.562489 -3.36218e-06 -0.826805 -0.56249 0 -0.826804 -0.562482 0 -0.826809 -0.562488 0 -0.826805 -0.562488 0 -0.826805 -0.562495 -6.2908e-06 -0.8268 -0.562488 0 -0.826805 -0.562486 -1.85094e-06 -0.826807 -0.562487 -1.93935e-06 -0.826806 -0.562488 0 -0.826805 -0.562488 0 -0.826805 -0.562488 -3.79593e-07 -0.826805 -0.562483 -9.65943e-06 -0.826809 -0.562491 4.09781e-06 -0.826803 -0.562488 -1.39275e-06 -0.826806 -0.562492 4.29957e-06 -0.826802 -0.562485 -3.65933e-06 -0.826807 -0.56249 9.05863e-07 -0.826804 -0.562489 2.80789e-07 -0.826805 -0.562497 5.07562e-06 -0.826799 -0.56249 1.09411e-06 -0.826804 -0.562486 -1.44192e-06 -0.826807 -0.562488 0 -0.826805 -0.562487 -7.93249e-06 -0.826806 -0.562488 0 -0.826805 -0.562488 0 -0.826805 -0.562489 4.39143e-06 -0.826805 -0.56249 0 -0.826804 -0.56249 0 -0.826804 -0.56249 0 -0.826804 -0.56249 0 -0.826804 -0.562482 0 -0.826809 -0.562495 0 -0.826801 -0.562487 0 -0.826806 -0.562488 0 -0.826805 -0.562488 -2.54769e-06 -0.826805 -0.562488 0 -0.826805 -0.562482 0 -0.826809 -0.56249 5.64907e-07 -0.826804 -0.562482 0 -0.826809 -0.562492 0 -0.826803 -0.562492 0 -0.826803 -0.562487 0 -0.826806 -0.562487 0 -0.826806 -0.562487 0 -0.826806 -0.56249 1.27492e-06 -0.826804 -0.562482 0 -0.826809 -0.562494 5.88532e-06 -0.826802 -0.562488 0 -0.826805 -0.562489 -1.16313e-06 -0.826805 -0.562487 1.94062e-06 -0.826806 -0.562485 3.65933e-06 -0.826807 -0.562483 9.60721e-06 -0.826809 -0.562491 -4.23e-06 -0.826803 -0.562488 0 -0.826805 -0.56249 0 -0.826804 -0.56249 0 -0.826804 -0.562495 0 -0.826801 -0.562483 0 -0.826809 -0.562486 0 -0.826807 -0.562488 0 -0.826805 -0.562488 3.16327e-07 -0.826805 0.945885 0.111425 -0.304773 0.940075 0.124885 -0.317274 0.939938 0.124494 -0.317835 0.945633 0.110429 -0.305914 -0.273346 -0.00343726 -0.96191 -0.272859 -0.00399465 -0.962046 -0.26822 -0.00285369 -0.963354 -0.266198 -0.00241355 -0.963915 -0.258097 -0.00103441 -0.966118 -0.26679 -0.00396435 -0.963747 -0.262506 -0.00168077 -0.964929 -0.272285 -0.00382823 -0.962209 -0.276705 -0.00307021 -0.96095 -0.287547 -0.00121303 -0.957766 -0.281598 -0.00211236 -0.95953 -0.299962 -0.00123561 -0.953951 -0.304904 0.000646988 -0.952383 -0.305987 -0.000397543 -0.952036 -0.310026 -0.000107964 -0.950728 -0.314409 4.93857e-06 -0.949288 -0.317678 -5.38366e-05 -0.948199 -0.314825 -0.000735049 -0.949149 -0.317803 -0.00017173 -0.948157 -0.316278 -0.000553767 -0.948666 -0.318233 -0.000167028 -0.948012 -0.312358 -1.49594e-05 -0.949965 -0.293882 -0.00251476 -0.955838 -0.964979 -0.10983 0.23823 -0.962004 -0.119895 0.245303 -0.962206 -0.122385 0.243273 -0.958937 -0.129999 0.252073 -0.964588 -0.107759 0.240746 0.891892 0.0856846 0.444058 0.893043 0.0965869 0.439484 0.895674 0.0999075 0.433343 0.893766 0.0887702 0.439661 0.47835 -0.00615206 -0.878148 0.493562 -0.00123874 -0.86971 0.448453 0.00112203 -0.893806 0.449763 0.000593392 -0.893148 0.471786 -0.00315879 -0.881708 -0.85701 -0.0826764 -0.508624 -0.861034 -0.0856069 -0.50129 -0.49462 -0.0926546 0.864157 -0.497513 -0.102272 0.861407 -0.501044 -0.105885 0.85892 -0.497829 -0.0959156 0.861955 0.849029 -0.00743034 0.528294 0.843657 -0.00291911 0.536874 0.830177 0.00105856 0.557499 0.831217 0.000542898 0.555948 0.856925 -0.00183405 0.515437 0.857206 -0.00150114 0.514972 0.561891 0.107205 -0.820235 0.559769 0.109485 -0.821384 0.547886 0.115728 -0.82851 0.564431 0.115751 -0.817325 0.556385 0.0992494 -0.824976 -0.952693 -0.13952 0.270018 -0.952154 -0.156621 0.262437 -0.953564 -0.162043 0.253887 -0.953954 -0.144378 0.262922 0.239118 -0.00438092 0.970981 0.23936 -0.00468277 0.97092 0.203186 0.000369639 0.97914 0.210424 -0.00149296 0.977609 0.199828 -5.99899e-05 0.979831 0.196209 1.39057e-05 0.980562 0.193043 -0.000107601 0.98119 0.195562 -0.000501299 0.980691 0.194451 -0.000408773 0.980912 0.192903 -0.000153119 0.981218 0.204965 -0.00054466 0.978769 0.193251 -2.7084e-05 0.981149 0.215883 -0.000395721 0.976419 0.228788 -0.00209923 0.973474 0.238181 -0.00430968 0.971211 0.222796 -0.0011472 0.974864 0.241864 -0.00392157 0.970302 0.243904 -0.00335582 0.969794 0.246637 -0.00266176 0.969104 0.249269 -0.00209216 0.968432 0.252681 -0.00144757 0.967548 0.23378 -0.00315063 0.972284 0.968451 0.14438 -0.203119 0.967715 0.161529 -0.193485 0.967807 0.167107 -0.188218 0.969588 0.149395 -0.193858 0.0989362 -0.995041 -0.0102666 0.291331 -0.956135 -0.0305209 0.468082 -0.882324 -0.0490263 0.468189 -0.882266 -0.0490521 0.630307 -0.77351 -0.0663045 0.770687 -0.632048 -0.0809741 0.878152 -0.469439 -0.0920599 0.878739 -0.468299 -0.0922726 0.95164 -0.290479 -0.100016 0.989378 -0.101777 -0.103794 0.9896 -0.0992627 -0.104113 0.989334 0.101772 -0.104217 0.878713 0.468307 -0.0924806 0.951634 0.290481 -0.100067 0.2913 0.956133 -0.0308853 0.770684 0.632041 -0.0810611 0.0989147 0.995042 -0.0103984 0.100017 0.994929 -0.0106486 0.29004 0.956525 -0.0305944 0.878103 0.469431 -0.0925655 0.468136 0.882275 -0.049392 0.468051 0.882321 -0.0493716 0.630291 0.773519 -0.0663476 0.629453 0.77422 -0.0661285 0.770859 0.631829 -0.0810474 0.950809 0.293092 -0.100299 0.989616 0.0992658 -0.103952 0.95088 -0.293095 -0.0996156 0.770867 -0.631822 -0.0810274 0.62945 -0.774226 -0.0660805 0.100035 -0.994928 -0.0105162 0.290096 -0.95652 -0.0302348 0.859144 0.0142779 0.511535 0.850825 0.066665 0.521203 0.847128 0.0417626 0.529746 0.848408 0.0932381 0.521067 0.849135 0.135215 0.510575 0.847683 0.166122 0.503822 0.843139 0.207601 0.496003 0.836056 0.264659 0.480589 0.832356 0.289452 0.472653 0.825075 0.319322 0.466138 0.81888 0.349533 0.45526 0.8108 0.375012 0.44941 0.810149 0.378483 0.447671 0.793709 0.427953 0.432298 0.791593 0.435918 0.428201 0.783738 0.457393 0.420174 0.773264 0.484283 0.409308 0.769979 0.492607 0.40555 0.78139 0.46442 0.416825 0.767105 0.499968 0.401972 0.764431 0.506429 0.398968 0.763177 0.509613 0.397309 0.762117 0.512011 0.396261 0.761265 0.513688 0.395727 0.760614 0.515218 0.39499 0.765259 0.504643 0.399643 0.762682 0.510674 0.396898 0.768728 0.496206 0.40353 0.766825 0.500378 0.401997 0.771822 0.488253 0.407309 0.770586 0.491011 0.406331 0.775288 0.479424 0.411195 0.77549 0.478964 0.41135 0.778701 0.470685 0.414826 0.80187 0.407471 0.437004 0.824937 0.320562 0.465531 0.836291 0.258331 0.483614 0.842022 0.227886 0.488945 0.845117 0.196951 0.496978 0.847408 0.150588 0.50914 0.849399 0.104238 0.517354 0.849207 0.0732527 0.522955 0.85096 0.0639608 0.521322 0.834191 0.0318987 0.550552 0 1 0 0 1 0 0 1 0 0 1 0 0 1 0 0 1 0 0 1 0 0 1 0 0 1 0 0 1 0 0 1 0 0 1 0 0 1 0 0 1 0 0 1 0 0 1 0 0 1 0 0 1 0 0 1 0 0 1 0 0 1 0 0 1 0 0 1 0 0 1 0 0 1 0 0 1 0 0 1 0 0 1 0 0 1 0 0 1 0 0 1 0 0 1 0 0 1 0 0 1 0 0 1 0 0 1 0 0 1 0 0 1 0 0 1 0 0 1 0 0 1 0 0 1 0 0 1 0 0 1 0 0 1 0 0 1 0 0 1 0 0 1 0 0 1 0 0 1 0 0 1 0 0 1 0 0 1 0 0 1 0 0 1 0 0 1 0 0 1 0 0 1 0 0 1 0 0 1 0 0 1 0 0 1 0 0 1 0 0 1 0 0 1 0 0 1 0 0 1 0 0 1 0 0 1 0 0 1 0 0 1 0 0 1 0 0 1 0 0 1 0 0 1 0 0 1 0 0 1 0 0 1 0 0 1 0 -3.69113e-07 1 2.39809e-07 0 1 0 0 1 0 0 1 0 -1.76863e-07 1 -1.61068e-06 0 1 0 0 1 0 4.60197e-07 1 1.4215e-07 3.37816e-07 1 1.06244e-06 0.972177 0.0302115 -0.23229 0.972017 0.0416595 -0.231186 0.971652 0.0633592 -0.227769 0.972345 0.0509064 -0.227933 0.971594 0.071724 -0.225525 0.972404 0.0402345 -0.229808 0.971742 0.0857279 -0.219929 0.971986 0.0742587 -0.223 0.971059 0.108933 -0.212553 0.970644 0.105241 -0.216274 0.971435 0.0972862 -0.216448 0.971015 0.0939788 -0.219767 0.971329 0.0828053 -0.222851 0.972277 0.0611963 -0.225684 0.972448 0.0291779 -0.231288 0.97184 0.0527084 -0.229673 0 -1 0 0 -1 0 0 -1 0 0 -1 0 -9.86053e-07 -1 -7.60972e-07 -6.37535e-07 -1 -2.00506e-06 0 -1 0 0 -1 0 6.43049e-07 -1 -2.54004e-07 5.55689e-08 -1 8.93645e-08 0 -1 0 0 -1 0 0 -1 0 0 -1 0 0 -1 0 2.30105e-08 -1 1.2384e-07 0 -1 0 0 -1 0 0 -1 0 -5.14198e-08 -1 1.80833e-08 0 -1 0 0 -1 0 0 -1 0 0 -1 0 0 -1 0 0 -1 0 0 -1 0 0 -1 0 0 -1 0 0 -1 0 -2.29885e-07 -1 3.17916e-08 -2.32612e-07 -1 4.96449e-09 -3.54517e-07 -1 -2.18914e-07 -2.40726e-07 -1 -1.23141e-09 -2.35141e-07 -1 -2.25008e-08 -2.27612e-07 -1 -4.871e-08 -2.19751e-07 -1 -7.45112e-08 2.4651e-08 -1 -4.21803e-08 -7.5581e-08 -1 1.29327e-07 -1.18635e-07 -1 -7.42244e-08 1.6258e-07 -1 4.80432e-07 -7.26663e-08 -1 1.32482e-07 1.43476e-07 -1 -1.99669e-08 0 -1 0 0 -1 0 0 -1 0 0 -1 0 0 -1 0 0 -1 0 0 -1 0 6.79643e-07 -1 -3.64826e-06 0 -1 0 0 -1 0 0 -1 0 0 -1 0 0 -1 0 0 -1 0 0 -1 0 0 -1 0 0 -1 0 -2.25983e-07 -1 -8.66795e-08 0 -1 0 -2.11377e-07 -1 -1.00285e-07 -2.33462e-07 -1 -6.61163e-08 -2.36423e-07 -1 -4.44124e-08 -2.34889e-07 -1 -2.23207e-08 -2.41798e-07 -1 2.06442e-08 -2.02584e-07 -1 -2.4113e-09 0 -1 0 0 -1 0 0 -1 0 0 -1 0 0 -1 0 0 -1 0 0 -1 0 0 -1 0 0 -1 0 0 -1 0 0 -1 0 0 -1 0 4.80396e-07 -1 1.41172e-06 0 -1 0 0 -1 0 0 -1 0 0 -1 0 0 -1 0 0 -1 0 0.290042 0.956525 -0.0305946 0.0989162 0.995041 -0.0103986 0.291297 0.956134 -0.0308845 0.468052 0.882321 -0.0493715 0.630292 0.773518 -0.0663475 0.770684 0.632041 -0.0810611 0.770858 0.631831 -0.0810475 0.878713 0.468306 -0.0924806 0.951634 0.290481 -0.100066 0.989334 0.101772 -0.104217 0.9896 -0.0992626 -0.104113 0.989378 -0.101777 -0.103794 0.950879 -0.293096 -0.0996156 0.878739 -0.468298 -0.0922726 0.770866 -0.631823 -0.0810273 0.770687 -0.632049 -0.0809741 0.290097 -0.956519 -0.0302349 0.100035 -0.994928 -0.0105162 0.0989372 -0.995041 -0.0102669 0.291335 -0.956134 -0.0305214 0.46808 -0.882325 -0.0490261 0.468188 -0.882266 -0.0490523 0.629449 -0.774227 -0.0660806 0.630306 -0.77351 -0.0663046 0.878153 -0.469438 -0.09206 0.95164 -0.290479 -0.100016 0.989616 0.0992658 -0.103952 0.950809 0.293092 -0.100299 0.878103 0.469432 -0.0925656 0.629454 0.774219 -0.0661286 0.468134 0.882276 -0.0493914 0.100019 0.994929 -0.0106489 0 1 0 0 1 0 0 1 0 0 1 0 0 1 0 0 1 0 0 1 0 0 1 0 0 1 0 0 1 0 0 1 0 0 1 0 0 1 0 0 1 0 0 1 0 0 1 0 0 1 0 0 1 0 0 1 0 0 1 0 0 1 0 0 1 0 -5.74699e-08 1 7.94769e-09 -5.81584e-08 1 1.24124e-09 0 1 0 -6.01694e-08 1 -2.88117e-10 -5.87636e-08 1 -5.59941e-09 -5.68933e-08 1 -1.21754e-08 -5.49411e-08 1 -1.86289e-08 0 1 0 -1.80748e-08 1 3.32499e-08 0 1 0 0 1 0 -8.92879e-08 1 -4.37769e-08 0 1 0 0 1 0 0 1 0 0 1 0 0 1 0 0 1 0 0 1 0 0 1 0 -6.17978e-07 1 3.3183e-06 0 1 0 0 1 0 0 1 0 0 1 0 0 1 0 0 1 0 0 1 0 0 1 0 0 1 0 -5.64964e-08 1 -2.16297e-08 0 1 0 -5.28634e-08 1 -2.50803e-08 -5.83765e-08 1 -1.64976e-08 -5.91247e-08 1 -1.10776e-08 -5.87389e-08 1 -5.58175e-09 -6.0445e-08 1 5.17608e-09 -2.40327e-08 1 -3.40931e-08 0 1 0 0 1 0 0 1 0 0 1 0 0 1 0 0 1 0 0 1 0 0 1 0 0 1 0 0 1 0 0 1 0 0 1 0 0 1 0 0 1 0 0 1 0 0 1 0 0 1 0 0 1 0 4.26649e-08 1 -1.615e-08 0 1 0 0 1 0 0 1 0 -9.57786e-09 1 5.20948e-07 0 1 0 0 1 0 -6.62894e-08 1 -5.30366e-08 -4.25372e-08 1 -1.3378e-07 0.972316 -0.0116404 -0.233379 0.972379 -0.000338524 -0.233406 0.972436 -0.020669 -0.232254 0.972285 -0.0199597 -0.232947 0.972547 -0.0474131 -0.227823 0.97241 -0.0315761 -0.231133 0.97209 -0.073049 -0.222947 0.970886 -0.0655363 -0.230405 0.971729 -0.0626565 -0.227634 0.971874 -0.0457891 -0.231008 0.972191 -0.0304917 -0.232197 0.972408 -0.0120534 -0.232976 0.972382 -0.000351206 -0.233394 0 -1 0 0 -1 0 0 -1 0 -7.65811e-06 -1 3.88752e-05 -1.59176e-07 -1 -4.43288e-07 -2.08818e-07 -1 -4.31986e-07 -2.33343e-07 -1 -4.1469e-07 -2.59947e-07 -1 -4.013e-07 -3.092e-07 -1 -3.67596e-07 -2.85942e-07 -1 -3.86413e-07 -3.22623e-07 -1 -3.44927e-07 -3.55666e-07 -1 -3.18428e-07 8.86261e-07 -1 9.89157e-07 9.75014e-07 -1 7.1763e-07 0 -1 0 0 -1 0 0 -1 0 0 -1 0 0 -1 0 0 -1 0 0 -1 0 0 -1 0 0 -1 0 0 -1 0 0 -1 0 0 -1 0 0 -1 0 0 -1 0 0 -1 0 0 -1 0 0 -1 0 0 -1 0 0 -1 0 0 -1 0 0 -1 0 0 -1 0 0 -1 0 0 -1 0 0 -1 0 0 -1 0 0 -1 0 0 -1 0 0 -1 0 3.53256e-06 -1 6.15456e-07 0 -1 0 2.553e-06 -1 8.76582e-06 -4.48154e-07 -1 -7.12612e-07 0 -1 0 0 -1 0 0 -1 0 0 -1 0 0 -1 0 0 -1 0 0 -1 0 0 -1 0 0 -1 0 -1.20394e-05 -1 -2.99004e-06 0 -1 0 0 -1 0 0 -1 0 0 -1 0 0 -1 0 0 -1 0 0 -1 0 0 -1 0 0 -1 0 0 -1 0 0 -1 0 0 -1 0 0 -1 0 0 -1 0 0 -1 0 0 -1 0 0 -1 0 0 -1 0 0 -1 0 0 -1 0 0 -1 0 0 -1 0 0 -1 0 0 -1 0 -1.55448e-07 -1 -5.9826e-07 -4.92056e-07 -1 -6.99094e-07 -2.92328e-07 -1 -3.68569e-07 -3.29212e-07 -1 -3.45273e-07 -2.62001e-07 -1 -3.92072e-07 -2.30038e-07 -1 -4.13538e-07 -1.94551e-07 -1 -4.28506e-07 -3.89684e-07 -1 -2.94173e-08 0 -1 0 0 -1 0 -1.81942e-07 -1 -4.45142e-07 -3.57144e-07 -1 -3.18696e-07 0 -1 0 0 -1 0 0.29004 0.956525 -0.0305944 0.0989147 0.995042 -0.0103984 0.2913 0.956133 -0.0308853 0.468051 0.882321 -0.0493716 0.630291 0.773519 -0.0663476 0.770684 0.632041 -0.0810611 0.770859 0.631829 -0.0810474 0.878713 0.468307 -0.0924806 0.951634 0.290481 -0.100067 0.989334 0.101772 -0.104217 0.9896 -0.0992627 -0.104113 0.989378 -0.101777 -0.103794 0.95088 -0.293095 -0.0996156 0.878739 -0.468299 -0.0922726 0.770867 -0.631822 -0.0810274 0.770687 -0.632048 -0.0809741 0.290096 -0.95652 -0.0302348 0.100035 -0.994928 -0.0105162 0.0989362 -0.995041 -0.0102666 0.291331 -0.956135 -0.0305209 0.468082 -0.882324 -0.0490263 0.468189 -0.882266 -0.0490521 0.62945 -0.774226 -0.0660805 0.630307 -0.77351 -0.0663045 0.878152 -0.469439 -0.0920599 0.95164 -0.290479 -0.100016 0.989616 0.0992658 -0.103952 0.950809 0.293092 -0.100299 0.878103 0.469431 -0.0925655 0.629453 0.77422 -0.0661285 0.468136 0.882275 -0.049392 0.100017 0.994929 -0.0106486 0 1 0 0 1 0 0 1 0 0 1 0 0 1 0 0 1 0 0 1 0 0 1 0 0 1 0 0 1 0 0 1 0 0 1 0 0 1 0 0 1 0 0 1 0 0 1 0 0 1 0 0 1 0 0 1 0 0 1 0 0 1 0 0 1 0 0 1 0 0 1 0 0 1 0 0 1 0 0 1 0 0 1 0 0 1 0 0 1 0 0 1 0 0 1 0 0 1 0 0 1 0 0 1 0 0 1 0 7.11333e-07 1 6.36857e-07 7.12363e-07 1 6.37044e-07 6.45432e-07 1 6.90053e-07 6.17549e-07 1 7.35873e-07 5.70654e-07 1 7.74221e-07 5.23678e-07 1 7.8366e-07 4.60928e-07 1 8.28607e-07 4.62982e-07 1 8.2939e-07 0 1 0 0 1 0 -4.23321e-07 1 -7.10996e-09 0 1 0 4.1359e-07 1 8.64763e-07 0 1 0 0 1 0 0 1 0 8.29527e-07 1 -2.46242e-07 7.43754e-07 1 2.11236e-07 3.18075e-07 1 8.85806e-07 3.5958e-07 1 8.92255e-07 3.89386e-07 1 8.57639e-07 5.84704e-07 1 7.37197e-07 4.86191e-07 1 7.05534e-07 0 1 0 6.58172e-07 1 6.90802e-07 0 1 0 0 1 0 0 1 0 0 1 0 0 1 0 0 1 0 0 1 0 0 1 0 0 1 0 0 1 0 0 1 0 0 1 0 0 1 0 0 1 0 0 1 0 0 1 0 0 1 0 0 1 0 0 1 0 0 1 0 0 1 0 0 1 0 0 1 0 6.26595e-07 1 7.47028e-07 0 1 0 0 1 0 0 1 0 0 1 0 0 1 0 0 1 0 0 1 0 0 1 0 0 1 0 0 1 0 0 1 0 0 1 0 0 1 0 0 1 0 0 1 0 0 1 0 0 1 0 0 1 0 0 1 0 0 1 0 0 1 0 0 1 0 0 1 0 0 1 0 0 1 0 0 1 0 4.50842e-07 1 7.1082e-07 0 1 0 0 1 0 -3.19841e-07 1 -1.09818e-06 0 1 0 3.49192e-07 1 -1.07568e-07 3.9763e-07 1 -5.86182e-07 0 1 0 0 1 0 5.18445e-07 1 8.05027e-07 0 1 0 0.970792 -0.103519 -0.216439 0.970061 -0.118857 -0.211788 0.970686 -0.134209 -0.199391 0.971187 -0.133039 -0.197726 0.972228 -0.110392 -0.206364 -0.815695 0.534472 0.221319 -0.882866 0.402627 0.241741 -0.903259 0.35076 0.247164 -0.805139 0.55302 0.214289 -0.728252 0.657086 0.194645 -0.509976 0.850276 0.130211 -0.63216 0.757013 0.165241 -0.350222 0.932585 0.0873511 -0.649769 0.740378 0.172164 -0.0234422 0.999708 0.00581134 -0.0232331 0.999713 0.00580108 0.161082 0.986278 -0.0361851 -0.19628 0.979295 0.0495498 0.343463 0.936137 -0.07537 0.325015 0.942745 -0.0748096 0.51473 0.850231 -0.110275 0.765651 0.622475 -0.162185 0.652735 0.744162 -0.141986 0.784288 0.598473 -0.163472 0.977809 0.0652588 -0.199074 0.977526 0.0680053 -0.199547 0.969335 0.146087 -0.197604 0.967722 0.154732 -0.198928 0.945851 0.260461 -0.193717 0.941024 0.277012 -0.194263 0.910633 0.368373 -0.187216 0.901359 0.390432 -0.187389 0.853447 0.490416 -0.176412 0.838659 0.515482 -0.175867 0.674247 0.724845 -0.141389 0.492788 0.863159 -0.110076 0.150381 0.987983 -0.0357195 -0.18783 0.981139 0.0456683 -0.363833 0.926727 0.0938263 -0.526365 0.838906 0.138481 -0.712359 0.67614 0.188094 -0.877536 0.416653 0.237342 -0.906541 0.339883 0.250325 -0.953609 0.102465 0.283075 -0.953543 0.117661 0.27733 -0.954824 0.121823 0.271053 -0.954785 0.137389 0.263647 -0.953463 0.132742 0.270718 -0.954809 0.106087 0.277644 0.550294 -0.0700881 -0.832024 0.551493 -0.0796126 -0.830372 0.55616 -0.0824889 -0.826971 0.551906 -0.0726404 -0.830736 0.639396 -0.30297 -0.706669 0.619727 -0.362493 -0.696087 0.9249 -0.227807 0.304409 0.902674 -0.219691 0.370021 0.24094 -0.811472 0.53241 0.218674 -0.588861 0.77809 0.196986 -0.925941 -0.322227 0.201036 -0.949177 -0.242171 0.277299 -0.640212 -0.716403 0.178266 -0.700056 -0.691478 -0.0501373 -0.278364 -0.959166 0.0572373 -0.443656 -0.894367 -0.0409343 -0.342215 -0.93873 0.0366479 -0.373267 -0.927 -0.151896 -0.465184 -0.872085 -0.019081 -0.622911 -0.78206 0.291305 -0.733997 0.613506 0.210606 -0.805771 0.553515 0.602628 -0.722286 -0.339327 0.643233 -0.698969 -0.312558 0.127444 -0.991098 -0.0385136 0.204693 -0.978181 -0.0355273 0.250845 -0.919027 0.304084 0.201585 -0.926692 0.317185 -0.132067 -0.801432 -0.583322 -0.0185313 -0.886738 -0.461902 0.414336 -0.221003 0.882883 0.325903 -0.0638184 0.943247 0.434872 0.0247947 0.900151 0.385863 -0.0728113 0.919678 0.425269 -0.265278 0.865318 0.31292 -0.258247 0.913997 0.975479 -0.215699 0.0437584 0.983141 -0.152242 0.10127 0.771145 -0.586104 0.24863 0.718432 -0.630722 0.293333 0.734809 -0.65346 0.181785 0.773479 -0.552529 0.310552 0.54846 -0.825737 0.131721 0.527434 -0.828306 0.189007 0.400279 -0.195159 -0.895371 0.404859 -0.00556352 -0.914362 0.336218 -0.0949358 -0.936987 0.237837 -0.0539672 -0.969805 0.794587 -0.504403 0.337948 0.80707 -0.474552 0.35134 0.164002 -0.981698 -0.0968128 0.138118 -0.981637 -0.131575 0.626469 -0.288237 0.724194 0.58006 -0.367226 0.727101 0.204029 -0.303777 0.930641 0.251395 -0.195648 0.947904 0.31726 -0.24642 0.915764 0.338273 -0.16776 0.925974 0.685217 -0.216425 -0.695441 0.632265 -0.183256 -0.752767 -0.285171 -0.285876 -0.914851 -0.201313 -0.35627 -0.912439 0.675632 -0.729773 0.104657 0.668425 -0.742229 0.0480072 0.726629 -0.673028 0.137997 0.73354 -0.676107 0.0692678 0.867477 -0.230765 -0.440716 0.901913 -0.19016 -0.387805 0.895905 -0.323214 -0.304775 0.882461 -0.30494 -0.358153 -0.0697186 -0.969097 -0.236625 -0.0284422 -0.971736 -0.23435 -0.0571638 -0.980453 -0.188265 -0.0187746 -0.987204 -0.158351 -0.330969 -0.045978 -0.942521 -0.367314 -0.258871 -0.893346 -0.455567 0.023001 -0.889904 -0.456935 -0.183263 -0.870417 -0.125797 -0.530442 -0.838336 -0.0549505 -0.633701 -0.771624 0.125191 -0.572467 -0.810314 0.212035 -0.657548 -0.72296 -0.0203918 -0.985681 -0.167385 0.00694026 -0.968056 -0.250637 0.0493818 -0.978122 -0.202085 0.0891085 -0.960669 -0.263012 0.046969 -0.910757 -0.410263 -0.0445962 -0.910213 -0.411731 0.946476 -0.195616 0.256746 0.975797 -0.136807 0.170602 0.958653 -0.0804904 0.272956 0.972059 -0.167618 0.164333 0.26217 -0.929296 -0.260145 0.284115 -0.932464 -0.223138 -0.308084 -0.56084 -0.768468 -0.258458 -0.568697 -0.780886 -0.477753 -0.201115 -0.855164 -0.492962 -0.374249 -0.785446 0.972991 -0.230843 0.000469839 0.949521 -0.305432 0.0715634 0.953206 -0.270184 0.135645 0.931232 -0.314092 0.184807 0.301156 -0.902327 -0.3084 0.245875 -0.924108 -0.292523 0.692416 -0.618276 0.371879 0.66809 -0.614941 0.418932 -0.0952217 -0.578659 -0.809992 0.038397 -0.879067 -0.47515 -0.177538 -0.659815 -0.730153 -0.123431 -0.629507 -0.767128 0.546219 -0.80454 -0.233153 0.516316 -0.807987 -0.283856 0.58972 -0.6311 0.503927 0.553197 -0.628091 0.547244 0.519552 -0.853719 0.0350526 0.493501 -0.869218 -0.0302885 0.604993 -0.0472077 0.794831 0.666215 -0.115951 0.73669 0.407222 -0.327016 -0.852778 0.449281 -0.482894 -0.751638 0.266881 -0.27253 0.924393 0.221677 -0.137565 0.965368 0.187628 -0.223549 0.956463 0.278208 -0.119809 0.95302 0.399208 -0.353997 0.845765 0.305573 -0.128891 0.943405 0.344909 -0.0330278 0.938055 0.255932 -0.22787 0.939454 0.340753 -0.899332 0.274026 0.303162 -0.90573 0.296219 -0.0812109 -0.723359 -0.68568 -0.139802 -0.733019 -0.665686 0.0460412 -0.673795 -0.737482 0.131358 -0.803517 -0.580607 0.813651 -0.359327 -0.457007 0.787717 -0.343725 -0.51123 0.331541 -0.55395 -0.763688 0.386811 -0.550001 -0.740187 0.794514 -0.254635 -0.551278 0.821723 -0.288271 -0.491601 0.398726 -0.674362 -0.621493 0.36587 -0.726829 -0.581257 0.42367 -0.718485 0.551619 0.402361 -0.640238 0.65437 0.510507 -0.658824 -0.552571 0.464336 -0.650252 -0.601303 -0.396453 -0.496618 -0.772137 -0.283322 -0.635468 -0.718268 0.241086 -0.412495 0.878479 0.294617 -0.340532 0.892882 0.622335 -0.36547 0.692193 0.546064 -0.50678 0.667075 0.189979 -0.981703 -0.0129309 0.251187 -0.967838 0.0139848 0.790969 -0.570281 0.221692 0.8318 -0.422311 0.360226 0.80509 -0.56718 -0.173599 0.788767 -0.590036 -0.172349 0.100918 -0.993093 0.0598525 0.0844141 -0.992945 0.0832689 -0.289884 -0.372006 -0.881804 -0.352646 -0.409038 -0.841623 -0.332517 -0.476018 -0.814149 -0.256686 -0.138527 -0.956516 0.269328 -0.957284 0.10521 0.216958 -0.969447 0.114466 0.229295 -0.902427 0.36476 0.176637 -0.89459 0.410497 0.917108 -0.321271 0.236003 0.899647 -0.315377 0.301949 0.0353491 -0.999373 0.00212047 0.139024 -0.99011 0.0188443 0.310753 -0.950123 -0.0264426 0.132913 -0.990665 -0.0302915 -0.46233 -0.471295 -0.751087 -0.25582 -0.639672 -0.724828 -0.340767 -0.641021 -0.687728 -0.341083 -0.421815 -0.84008 0.75799 -0.23566 -0.608207 0.796757 -0.209609 -0.566782 0.436443 -0.771254 0.46334 0.376771 -0.788466 0.486174 0.82511 -0.157872 -0.542466 0.854258 -0.10375 -0.50939 0.709556 -0.665654 0.23116 0.694084 -0.654557 0.299671 0.716602 -0.608811 0.340341 0.729231 -0.634163 0.257019 -0.0101659 -0.905366 -0.424511 0.0394518 -0.905033 -0.423507 0.042904 -0.923178 -0.381971 0.0945458 -0.912271 -0.398525 -0.438037 -0.55848 -0.704431 -0.373713 -0.571244 -0.730766 -0.33361 -0.603164 -0.724498 -0.429263 -0.634379 -0.642882 -0.253226 -0.868577 -0.425971 -0.264741 -0.78308 -0.562759 -0.233958 -0.888853 -0.393959 -0.146417 -0.919162 -0.365654 0.808333 -0.299668 0.506752 0.770943 -0.269381 0.577131 0.719766 -0.451757 0.527117 0.689382 -0.419589 0.590507 0.244556 -0.967881 0.0583018 0.239443 -0.970833 0.0122181 0.355273 -0.700817 0.618576 0.217394 -0.779272 0.587772 0.3714 -0.727812 0.5765 0.273631 -0.716441 0.641746 0.577421 -0.348101 -0.738519 0.662438 -0.345972 -0.664439 0.656669 -0.397089 -0.641175 0.70447 -0.351639 -0.6165 0.784838 -0.616544 0.0624763 0.757913 -0.652239 0.0123457 0.892329 -0.235936 -0.384816 0.913997 -0.243726 -0.324356 0.596461 -0.798026 0.0859647 0.570017 -0.821092 0.0298144 0.451668 -0.831303 0.323933 0.370452 -0.870134 0.325012 0.738496 -0.479003 -0.474532 0.689913 -0.513058 -0.510678 0.0646074 -0.109613 -0.991872 0.0923504 -0.0277622 -0.99534 0.122407 -0.0269112 -0.992115 0.0309651 -0.0642365 -0.997454 0.589668 -0.678268 0.438457 0.534322 -0.701311 0.471872 0.546627 -0.677146 -0.492619 0.580172 -0.679498 -0.44909 0.930139 -0.324363 -0.172133 0.882378 -0.460725 -0.0956143 0.959447 -0.272567 -0.0718993 0.928883 -0.369086 -0.0308527 0.933406 -0.353553 0.0612644 0.919763 -0.363561 0.147848 0.945748 -0.323111 0.0340603 0.916077 -0.373326 0.146393 0.867158 -0.494515 0.0590872 0.858182 -0.495181 0.135351 0.638916 -0.730389 -0.241493 0.595965 -0.754818 -0.274 0.183404 -0.481558 -0.85701 0.247915 -0.485242 -0.838497 0.117545 -0.432694 -0.893845 0.183171 -0.579192 -0.794346 -0.0393093 -0.373422 -0.926829 0.0811073 -0.444381 -0.892159 0.117744 -0.439137 -0.890671 0.0615629 -0.585685 -0.808198 0.0763634 -0.842004 -0.534039 0.141711 -0.841877 -0.520732 0.279662 -0.946366 -0.161802 0.268191 -0.956394 -0.115689 -0.0250247 -0.692589 -0.720899 0.0523334 -0.751028 -0.658193 0.391668 -0.40837 -0.824518 0.453244 -0.430518 -0.780528 -0.237012 -0.585339 -0.775373 -0.403256 -0.41894 -0.813556 0.174638 -0.415639 -0.892606 0.107777 -0.669436 -0.73501 0.9356 -0.298237 -0.188963 0.939573 -0.318952 -0.12439 -0.184924 -0.374564 -0.908573 -0.346428 0.211059 -0.914025 -0.0164609 -0.999469 -0.0281172 -0.0189928 -0.998081 -0.0589449 -0.0610032 -0.841459 -0.536867 -0.000927225 -0.858083 -0.51351 -0.0395136 -0.850747 -0.524089 0.0359795 -0.948366 -0.315131 -0.054823 -0.868341 -0.492929 -0.0967533 -0.845734 -0.524759 0.96285 -0.020653 0.269247 0.975391 -0.0322999 0.218102 0.996734 -0.0563875 0.057804 0.998705 -0.0303519 0.0408347 0.98597 -0.149001 0.075244 0.973227 -0.0823047 0.214605 0.625922 -0.268219 0.732311 0.559855 -0.346486 0.752669 0.63301 -0.290615 0.717524 0.685524 -0.239987 0.68736 0.566652 -0.823954 -0.00215 0.576135 -0.815391 -0.0566254 0.492109 -0.870074 -0.0282696 0.593871 -0.803627 0.0387595 0.245829 -0.635857 -0.73161 0.3073 -0.470775 -0.827005 0.969113 -0.224488 -0.102102 0.958658 -0.212929 -0.188777 0.482982 -0.866205 -0.128131 0.444625 -0.884179 -0.143305 -0.531781 -0.290277 -0.795581 -0.394045 -0.0584656 -0.91723 0.0180945 -0.276777 -0.960764 0.100361 -0.300918 -0.948355 0.328298 -0.835684 -0.440287 0.286902 -0.86587 -0.409824 -0.4095 -0.0773134 -0.909028 -0.532611 -0.0415141 -0.845341 0.358295 -0.786716 -0.502695 0.44991 -0.757886 -0.472431 0.902023 -0.247235 0.353878 0.870362 -0.287755 0.399584 0.860531 -0.270766 -0.431477 0.918225 -0.225764 -0.325414 0.590231 -0.153975 0.792413 0.523146 -0.20362 0.827561 -0.0659566 -0.80498 -0.589624 -0.0756981 -0.724218 -0.685404 -0.0200512 -0.748843 -0.662444 -0.148836 -0.710223 -0.688063 -0.0119694 -0.0204231 -0.99972 -0.053661 -0.0290985 -0.998135 0.438851 -0.333366 0.834432 0.495036 -0.281029 0.822169 0.0532245 0.0467317 -0.997488 0.181899 -0.05575 -0.981736 0.235803 -0.0474016 -0.970644 0.173018 -0.257777 -0.950587 0.214452 -0.732094 0.646567 0.276597 -0.691882 0.666929 0.641387 -0.622165 -0.448924 0.586164 -0.608545 -0.534869 0.688299 -0.72259 0.0640907 0.672595 -0.739847 -0.0155684 0.008021 -0.989844 -0.141931 0.042151 -0.987186 -0.153906 -0.00286469 -0.999072 -0.0429842 0.00683792 -0.996953 -0.0777077 0.00536785 -0.997822 -0.0657402 0.0240041 -0.996223 -0.0834476 0.00356958 -0.999527 -0.0305542 0.020805 -0.998009 -0.0595358 0.967738 -0.236969 0.0856051 0.967597 -0.211572 0.137814 0.213161 -0.64618 -0.732813 0.269809 -0.625154 -0.732384 0.307351 -0.476011 -0.823984 0.367687 -0.489138 -0.790917 0.750577 -0.657093 0.0697279 0.775093 -0.619368 0.124958 0.332394 -0.767565 0.54805 0.263208 -0.811446 0.521802 0.352573 -0.775018 0.524442 0.276368 -0.782647 0.55775 -0.0717927 -0.966211 -0.247552 -0.0796003 -0.92071 -0.382044 -0.391287 -0.140985 -0.909405 -0.420481 -0.29937 -0.856489 0.213 -0.82136 -0.529148 0.263637 -0.853442 -0.449592 0.219079 -0.888684 -0.402796 0.331711 -0.865929 -0.374345 -0.448936 -0.362516 -0.816725 -0.377361 -0.129224 -0.917006 0.551477 -0.732063 0.399945 0.506442 -0.735999 0.449245 0.613943 -0.689426 0.384404 0.628187 -0.619321 0.470981 0.647193 -0.560161 -0.51707 0.700709 -0.55995 -0.442113 0.419083 -0.604004 -0.6779 0.464988 -0.642018 -0.609589 0.203263 -0.78145 -0.589933 0.191751 -0.809016 -0.555629 0.775848 -0.14157 0.614832 0.816441 -0.108852 0.567076 0.467723 -0.783159 0.409751 0.510225 -0.806522 0.298651 -0.103318 -0.560622 -0.821601 -0.0294589 -0.571507 -0.820069 -0.150851 -0.630901 -0.761057 -0.0192307 -0.59637 -0.80248 -0.283754 -0.552183 -0.78395 -0.225595 -0.521818 -0.822686 -0.259232 -0.363926 -0.894627 -0.123695 -0.399177 -0.908492 -0.135728 -0.842532 -0.521266 -0.15239 -0.75008 -0.64355 0.584141 -0.368111 0.723376 0.637697 -0.273807 0.719981 0.067946 -0.983653 -0.166765 0.0510207 -0.995762 -0.0765168 0.0418089 -0.998001 0.0473942 0.0419066 -0.996616 0.070719 0.461197 -0.857452 -0.228196 0.429001 -0.86434 -0.262438 0.634413 -0.643647 -0.428064 0.674644 -0.632469 -0.380575 0.695631 -0.383331 -0.607581 0.732469 -0.415804 -0.539071 0.842292 -0.530213 -0.0970454 0.827045 -0.561369 -0.0293549 0.915625 -0.126591 0.381584 0.93967 -0.256503 0.226333 0.645814 -0.759421 -0.0787708 0.681339 -0.731937 -0.00680762 0.559706 -0.765351 -0.317753 0.601468 -0.749865 -0.275571 0.824754 -0.124749 -0.55156 0.761315 -0.122221 -0.636759 0.221979 -0.697864 0.680963 0.221199 -0.662795 0.715384 -0.102819 -0.622501 -0.775836 -0.0675021 -0.437499 -0.896682 0.891181 -0.440402 0.108823 0.884135 -0.412351 0.219711 0.867911 -0.400025 -0.294468 0.878126 -0.374725 -0.297449 0.746384 -0.264668 0.610624 0.695167 -0.291588 0.657053 0.378544 -0.34407 -0.859256 0.444826 -0.250655 -0.859827 0.59844 -0.774559 0.204763 0.576363 -0.767455 0.280748 0.445766 -0.39814 -0.801734 0.469931 -0.263733 -0.842384 0.331262 -0.32003 -0.887607 0.450196 -0.194792 -0.871424 0.546273 -0.0448075 0.836408 0.615104 -0.0976101 0.782381 0.621785 -0.0576691 0.781062 0.691456 -0.0957664 0.716043 0.700914 -0.0571796 0.71095 0.753594 -0.0613944 0.654467 0.396986 -0.669278 -0.628068 0.462408 -0.653237 -0.599551 -0.258857 -0.39216 -0.882725 -0.348691 -0.103463 -0.93151 0.77556 -0.479799 -0.410243 0.795152 -0.49858 -0.345183 0.556292 -0.724532 0.406931 0.468602 -0.783019 0.409014 0.595483 -0.654241 0.466229 0.614282 -0.69715 0.369647 0.67863 -0.59026 -0.437097 0.741405 -0.536341 -0.403307 0.746332 -0.50381 0.43493 0.739134 -0.521021 0.42687 0.328869 -0.83483 -0.441479 0.370857 -0.801593 -0.468949 0.38641 -0.918113 -0.0880677 0.2782 -0.955614 -0.0969917 0.569827 -0.714518 -0.405908 0.515543 -0.733132 -0.443546 0.773853 -0.528906 -0.348439 0.83013 -0.474115 -0.293426 0.809761 -0.199916 0.551653 0.725882 -0.209736 0.655062 0.94005 -0.135047 -0.313159 0.915385 -0.132132 -0.380278 0.244211 -0.272037 -0.930783 0.319148 -0.205925 -0.925062 0.191266 -0.318024 -0.928589 0.324341 -0.295199 -0.898699 0.690806 -0.463582 0.554868 0.688311 -0.33375 0.64408 0.787277 -0.36775 0.49493 0.583549 -0.431149 0.688172 0.102697 -0.643229 -0.758755 0.13622 -0.572491 -0.808516 0.974561 -0.103309 -0.198894 0.985606 -0.111404 -0.127158 0.228394 -0.449975 -0.863342 0.314732 -0.439492 -0.841303 -0.131131 -0.915993 -0.379159 -0.0159165 -0.964994 -0.261787 0.108339 -0.681613 -0.723648 0.0622592 -0.701011 -0.710428 -0.0405626 -0.51934 -0.853605 0.0607721 -0.579073 -0.813007 0.733058 -0.66495 -0.143062 0.744437 -0.664877 -0.0612505 0.742155 -0.667378 -0.0617397 0.76991 -0.638153 0.000215198 0.551322 -0.478285 -0.683584 0.544229 -0.503575 -0.670989 0.331366 -0.593377 0.733553 0.397252 -0.573379 0.716539 0.471648 -0.495228 0.729588 0.396339 -0.48956 0.77669 0.542329 -0.522142 0.658215 0.438246 -0.363465 0.822091 -0.0294295 -0.546371 -0.837026 0.134207 -0.555337 -0.820725 0.250617 -0.919216 0.303699 0.16031 -0.957498 0.239787 0.157147 -0.978063 0.136738 0.20412 -0.953234 0.222892 0.234201 -0.954669 0.183729 0.169061 -0.952477 0.253389 0.318684 -0.540372 -0.778742 0.218179 -0.517337 -0.827502 -0.278527 -0.84313 -0.45995 -0.3104 -0.665717 -0.678582 0.388426 -0.861983 0.325746 0.321846 -0.923273 0.20972 0.619256 -0.389468 -0.681789 0.610377 -0.413167 -0.675819 0.650646 -0.148272 0.744765 0.565093 -0.0130591 0.824924 0.226889 -0.963977 -0.138817 0.195299 -0.966089 -0.168908 0.716051 -0.441473 0.540715 0.63641 -0.53489 0.555766 0.323363 -0.725401 -0.607643 0.41592 -0.723755 -0.550626 0.978051 -0.206898 -0.0246716 0.978693 -0.180661 -0.0975777 0.264864 -0.837556 0.477856 0.208318 -0.845634 0.491433 0.19848 -0.968169 0.152497 0.17354 -0.982447 0.0684249 0.927159 -0.320067 -0.194762 0.91777 -0.34621 -0.194516 0.129776 -0.40804 -0.903693 0.21159 -0.395597 -0.893718 0.383609 -0.583345 -0.715928 0.443507 -0.651338 -0.615679 0.861512 -0.472266 -0.186444 0.885188 -0.450147 -0.117516 0.142141 -0.325357 -0.934847 0.00949786 -0.205572 -0.978596 0.945367 -0.151447 0.288694 0.918143 -0.171891 0.357026 0.0264976 -0.430692 -0.90211 0.124601 -0.38355 -0.915076 -0.0646811 -0.209482 -0.975671 -0.0552281 -0.418699 -0.906444 0.0955137 -0.946051 -0.309621 0.149198 -0.946108 -0.287437 -0.158811 -0.882339 -0.443009 -0.352624 -0.723102 -0.593953 0.818027 -0.561649 -0.124025 0.864763 -0.501165 -0.0319144 0.455515 -0.146459 -0.878098 0.378065 -0.113134 -0.91884 0.391202 -0.414004 -0.821925 0.306521 -0.443088 -0.842448 0.248118 -0.483198 -0.839617 0.386595 -0.397697 -0.832095 0.46166 -0.607181 0.646685 0.347438 -0.610672 0.711594 0.429764 -0.891538 0.143047 0.471628 -0.855646 0.21316 0.940123 -0.0290056 0.339599 0.973313 -0.0702194 0.218476 0.29146 -0.862432 0.413838 0.203379 -0.855453 0.476275 0.378195 -0.781617 0.496027 0.406244 -0.783473 0.47025 0.397438 -0.876029 0.27316 0.436838 -0.870574 0.226436 0.252166 -0.711392 -0.655999 0.400483 -0.663004 -0.632487 0.447344 -0.120313 -0.886233 0.444496 -0.0869637 -0.891549 0.623627 -0.131508 -0.770581 0.70326 -0.166864 -0.691073 0.362672 -0.340423 -0.867514 0.444431 -0.374223 -0.813903 0.312216 -0.347597 -0.884137 0.410647 -0.14697 -0.899872 -0.19845 -0.7842 -0.587918 -0.0691601 -0.759359 -0.646986 0.745213 -0.603566 -0.283488 0.728157 -0.580022 -0.365188 0.72952 -0.634572 -0.255186 0.745605 -0.613054 -0.261226 0.266778 -0.939362 -0.21547 0.310813 -0.929543 -0.198358 0.453807 -0.228052 0.861424 0.444404 -0.191575 0.875103 0.780898 -0.601962 0.166854 0.819076 -0.568848 0.0743392 0.674638 -0.0351232 -0.737313 0.625463 -0.0493062 -0.778694 0.416365 -0.909188 0.0040454 0.447639 -0.890672 0.0795199 0.374276 -0.866521 0.330242 0.360968 -0.848349 0.387306 0.336999 -0.640114 -0.690424 0.448064 -0.545427 -0.708342 0.55313 -0.43178 0.712469 0.597194 -0.471928 0.64857 0.650127 -0.401118 0.645321 0.520538 -0.364023 0.772352 0.464038 -0.0613723 0.883687 0.374963 -0.0293903 0.926574 0.516364 -0.15909 0.841462 0.441669 -0.0672589 0.894653 0.88349 -0.178525 0.433098 0.884132 -0.154588 0.440923 0.0382167 -0.999017 0.0224818 0.0851583 -0.992811 0.0841149 0.304798 -0.561919 0.768989 0.256726 -0.553454 0.792326 0.396804 -0.485071 0.779264 0.254927 -0.143306 0.956282 0.535078 -0.579703 0.614521 0.481264 -0.560016 0.674364 0.55915 -0.147043 -0.815923 0.625032 -0.179949 -0.759574 0.562946 -0.178637 -0.806957 0.565051 -0.209942 -0.797898 0.104183 -0.884348 -0.455055 0.146691 -0.886994 -0.437862 0.47109 -0.778567 0.414618 0.311776 -0.789052 0.529333 0.650898 -0.69831 0.297816 0.611682 -0.692964 0.381635 0.0353647 -0.9993 -0.0122122 0.144022 -0.988029 -0.0552795 0.605995 -0.6219 -0.495995 0.6434 -0.57151 -0.509326 0.851216 -0.3512 0.389986 0.87308 -0.377152 0.309012 0.902956 -0.301746 0.305974 0.877384 -0.248758 0.410264 0.878115 -0.221356 0.424164 0.913815 -0.185324 0.361381 0.640948 -0.754072 -0.143396 0.613802 -0.785303 -0.0809149 0.529919 -0.567197 -0.630454 0.412737 -0.646504 -0.641624 0.153792 -0.942541 -0.296588 0.259561 -0.9056 -0.335434 0.337912 -0.562765 0.754394 0.308322 -0.605178 0.73396 0.812293 -0.460834 -0.357508 0.746374 -0.464115 -0.476993 0.828335 -0.522183 0.202943 0.854819 -0.495116 0.155384 -0.14607 -0.340373 -0.928876 -0.359864 -0.254536 -0.897613 -0.151052 -0.159213 -0.97562 -0.227476 -0.29749 -0.927229 0.262806 -0.962498 0.067309 0.289582 -0.943308 0.162209 0.148511 -0.987287 -0.0566445 0.260192 -0.960704 -0.0966835 0.519399 -0.248129 0.817714 0.331127 -0.24794 0.910429 0.529251 -0.620917 -0.578235 0.643082 -0.52947 -0.553269 0.761458 -0.159121 -0.628381 0.831975 -0.0565064 -0.551928 0.500112 -0.860424 -0.0977731 0.60468 -0.796321 -0.0153217 -0.0576825 -0.407914 -0.911196 -0.182371 -0.413004 -0.892283 0.914346 -0.122693 -0.385899 0.875202 -0.1217 -0.468199 0.580196 -0.588298 0.563274 0.471917 -0.597861 0.647963 0.66565 -0.528381 0.526996 0.596601 -0.522758 0.608926 0.193964 -0.860618 -0.470866 0.171989 -0.828237 -0.533333 0.212422 -0.176443 -0.961116 -0.0244738 -0.0538604 -0.998249 0.741583 -0.317948 0.590732 0.68574 -0.245782 0.685092 0.805707 -0.587332 0.0766619 0.829496 -0.539742 0.143576 0.895658 -0.442301 -0.0465533 0.926185 -0.376751 -0.0154743 0.882121 -0.430794 0.190469 0.866208 -0.441056 0.234847 0.395596 -0.476596 0.785086 0.231516 -0.507456 0.829993 0.0357583 -0.951557 -0.305386 0.100171 -0.930211 -0.353092 0.0492904 -0.959863 -0.276102 0.12524 -0.974003 -0.188769 0.0472222 -0.963284 -0.264299 0.122492 -0.89494 -0.429042 0.414388 -0.908123 -0.0599565 0.393808 -0.919188 0.0029614 -0.401364 -0.0195264 -0.91571 -0.455612 0.0233637 -0.889872 0.616309 -0.776397 0.131803 0.618181 -0.755644 0.21646 0.687995 -0.690081 0.224613 0.723274 -0.676938 0.136491 0.69462 -0.593983 0.405817 0.596276 -0.515203 0.615646 0.837596 -0.188972 -0.512565 0.888168 -0.0987841 -0.448775 0.041421 -0.999056 -0.0130803 0.0418667 -0.999043 -0.0126496 0.177613 -0.979044 -0.0996357 0.144548 -0.9882 -0.0506707 0.461854 -0.846966 0.263322 0.461607 -0.875813 0.140964 0.200946 -0.334225 0.920823 0.292963 -0.435417 0.851226 0.446742 -0.872113 -0.1996 0.505726 -0.842508 -0.185529 -0.143221 -0.954687 -0.260883 -0.0883258 -0.907082 -0.411583 -0.109705 -0.971365 -0.210748 -0.0830056 -0.956306 -0.280337 -0.0552526 -0.992238 -0.111407 -0.0340732 -0.965182 -0.259352 0.080975 -0.986702 0.140936 0.113042 -0.965745 0.233579 0.799357 -0.404199 -0.444581 0.847753 -0.326977 -0.417612 0.759877 -0.321692 -0.564891 0.859238 -0.275217 -0.431238 0.0621017 -0.585887 -0.80801 0.270124 -0.621068 -0.735736 0.240953 -0.432989 -0.868598 0.316341 -0.379208 -0.869557 0.0402473 -0.99913 -0.0109006 0.0882626 -0.996068 -0.00770035 0.384104 -0.299898 0.873227 0.285413 -0.0885728 0.954303 0.263804 -0.0789381 0.961341 0.397112 -0.0501392 0.916399 0.649698 -0.699793 0.296956 0.63724 -0.65905 0.399473 0.722977 -0.64755 0.240797 0.659827 -0.685859 0.306961 0.308539 -0.950858 -0.0259291 0.26256 -0.962669 -0.0658128 0.566147 -0.719452 -0.402327 0.680643 -0.626385 -0.379956 0.708287 -0.0923115 0.699863 0.666948 -0.12535 0.734485 0.77415 -0.115232 0.622425 0.712061 -0.0375533 0.701113 0.326099 -0.698602 0.636879 0.280766 -0.666069 0.69103 0.467057 -0.527237 0.709844 0.29115 -0.284417 0.913422 0.39321 -0.853546 -0.341826 0.460414 -0.833573 -0.305245 0.687289 -0.665205 -0.29178 0.626377 -0.685744 -0.370684 0.246063 -0.586661 0.771545 0.215712 -0.423338 0.879917 0.989486 -0.0946792 -0.109328 0.969289 -0.16261 -0.18449 -0.350998 -0.0834237 -0.932653 -0.396475 -0.183526 -0.899514 -0.246461 -0.0386533 -0.968382 -0.12793 -0.370725 -0.91989 0.439794 -0.770285 -0.461781 0.387528 -0.811613 -0.437156 0.992607 -0.117446 -0.0306323 0.992807 -0.0784919 0.0904025 -0.281035 -0.827455 -0.486145 -0.168257 -0.882392 -0.439402 -0.249868 -0.881771 -0.400057 -0.209744 -0.825284 -0.524323 0.941678 -0.335142 -0.0303747 0.947285 -0.30402 0.101105 0.730233 -0.679942 0.0666253 0.773216 -0.612366 -0.164754 -0.456882 -0.437391 -0.774563 -0.355853 -0.413779 -0.837947 0.358095 -0.849045 -0.388446 0.264631 -0.902531 -0.339719 -0.158398 0.0328358 -0.986829 -0.22339 0.0949341 -0.970095 0.501074 -0.686783 0.526549 0.447413 -0.667397 0.595317 0.739633 -0.305217 -0.599821 0.684482 -0.259442 -0.681303 0.151026 -0.815321 -0.558966 0.252318 -0.79791 -0.547426 0.273513 -0.837419 -0.473202 0.315024 -0.749206 -0.582624 0.238628 -0.0856214 -0.967329 0.184633 -0.113059 -0.976283 0.162605 -0.0505543 -0.985395 0.0204751 -0.022507 -0.999537 -0.0296356 -0.263605 -0.964175 0.0379921 -0.0776989 -0.996253 0.147466 -0.969809 -0.194229 0.0695213 -0.996313 -0.0502646 0.656383 -0.313406 0.68625 0.565375 -0.284599 0.77418 0.707825 -0.200796 0.677248 0.560429 -0.213536 0.800201 0.267196 -0.274473 0.923727 0.162118 -0.146438 0.975845 0.185287 -0.241715 0.952493 0.188556 0.2056 0.960299 0.251093 -0.129346 -0.959282 0.342016 -0.100128 -0.934344 0.364574 -0.915248 -0.171482 0.357513 -0.924322 -0.133466 0.659364 -0.482847 -0.576279 0.758872 -0.498871 -0.418617 0.443054 -0.681193 0.582821 0.385797 -0.55372 0.73794 0.212423 -0.975773 0.0523841 0.204663 -0.974568 0.0912723 0.967986 -0.243681 0.0601824 0.947269 -0.249002 0.201693 0.377046 -0.917233 0.128534 0.355357 -0.933835 0.040913 0.744585 -0.148092 -0.650893 0.79882 -0.224216 -0.558224 0.440349 -0.352498 0.825735 0.363658 -0.0862413 0.927532 0.632288 -0.254341 0.731794 0.468604 -0.244072 0.849023 0.263701 -0.487962 -0.832078 0.331135 -0.560045 -0.759408 0.0631949 -0.62342 -0.779329 0.221957 -0.58785 -0.777925 0.366965 -0.457811 -0.809781 0.226184 -0.38762 -0.893639 0.133568 -0.563757 -0.815069 0.439154 -0.473459 -0.763531 -0.356851 -0.61578 -0.702476 -0.524466 -0.0979298 -0.845781 0.440357 -0.769255 -0.462961 0.521145 -0.710101 -0.47346 0.60288 -0.640703 -0.475431 0.47052 -0.715425 -0.516505 0.802479 -0.429729 -0.413957 0.843414 -0.355222 -0.403076 -0.239389 -0.577303 -0.78065 -0.180754 -0.61593 -0.766785 0.708839 -0.294565 -0.640921 0.837515 -0.189829 -0.51238 -0.37227 -0.536732 -0.757188 -0.196008 -0.426685 -0.882905 0.763164 -0.424694 0.487049 0.657322 -0.464453 0.593474 0.043816 -0.659246 -0.75065 -0.0370617 -0.615071 -0.7876 0.919066 -0.286192 0.270947 0.965014 -0.211454 0.155035 0.673508 -0.600251 0.431376 0.556053 -0.66139 0.503356 0.892953 -0.0884275 0.441378 0.927815 -0.0821197 0.363891 0.954738 -0.0583885 0.291662 0.984976 -0.0403278 0.167917 0.685455 -0.524867 -0.504645 0.803329 -0.426559 -0.415584 0.521872 -0.781234 0.342526 0.484705 -0.764911 0.424231 0.433805 -0.852449 0.291795 0.436813 -0.770293 0.464589 0.878284 -0.455705 0.144745 0.866526 -0.417379 0.273728 0.614803 -0.782704 0.0969121 0.620651 -0.78327 0.0357783 0.659215 -0.425928 -0.619695 0.744931 -0.346344 -0.570196 0.347321 -0.937478 -0.0224178 0.376016 -0.924627 0.0606386 0.318397 -0.801472 -0.506227 0.475937 -0.786291 -0.393993 0.465836 -0.874395 -0.135759 0.456512 -0.864681 -0.209578 -0.311544 -0.170231 -0.934859 -0.450999 -0.160028 -0.878061 -0.0695066 -0.0766777 -0.99463 -0.218506 -0.426107 -0.877888 -0.265801 -0.317126 -0.910374 -0.504627 -0.256294 -0.824418 0.8589 -0.278692 -0.429676 0.885855 -0.323473 -0.332606 0.564038 -0.0845679 -0.821407 0.634268 -0.0846531 -0.768464 0.698441 -0.0443471 -0.714293 0.631988 -0.17722 -0.754443 -0.116685 -0.854707 -0.505827 -0.0153756 -0.937539 -0.34754 0.366147 -0.443751 0.817937 0.510532 -0.162984 0.844271 0.91696 -0.39556 0.0521186 0.915082 -0.402515 0.0246196 -0.199731 -0.781464 -0.591119 -0.0258665 -0.689741 -0.723594 -0.248666 -0.750005 -0.612909 -0.132711 -0.756135 -0.640817 0.985079 -0.168942 0.0328171 0.925999 -0.219793 0.306948 -0.183699 -0.406775 -0.894868 -0.136082 -0.28299 -0.94942 -0.225094 -0.270767 -0.935958 0.116517 -0.372558 -0.920665 -0.0857028 -0.699393 -0.709581 -0.0357323 -0.6601 -0.750327 -0.228966 -0.68932 -0.687322 -0.0785095 -0.625972 -0.775883 -0.349655 -0.665281 -0.659654 -0.24224 -0.712873 -0.658128 0.537717 -0.839367 0.0795201 0.604254 -0.769737 0.205869 0.215393 -0.792429 0.570669 0.331241 -0.713503 0.617408 0.11019 -0.321343 -0.94053 0.283646 -0.425921 -0.859149 0.210025 -0.330474 -0.92015 0.462153 -0.319893 -0.827093 -0.132336 -0.44616 -0.885115 -0.498528 -0.331675 -0.800913 -0.0177589 -0.73395 -0.678971 0.0415117 -0.527643 -0.848451 0.593181 -0.578187 -0.56021 0.708277 -0.531098 -0.465059 0.150427 -0.934431 0.322817 0.238961 -0.889533 0.389396 0.942662 -0.309004 -0.126114 0.934953 -0.303132 0.184319 0.567688 -0.42191 -0.706911 0.562983 -0.450482 -0.692904 0.938667 -0.321389 -0.124958 0.958429 -0.285192 0.00887383 0.566892 -0.706159 0.424233 0.434579 -0.70078 0.565728 0.89962 -0.397352 -0.181096 0.902941 -0.418503 -0.0977435 0.393617 -0.915027 -0.0882701 0.465735 -0.884409 0.0301886 0.816048 -0.291325 -0.499194 0.8863 -0.349053 -0.304358 -0.263025 -0.679077 -0.685327 -0.226981 -0.693922 -0.683339 -0.294066 -0.702442 -0.648152 -0.133249 -0.753147 -0.644216 -0.0282754 -0.87365 -0.485732 0.0429524 -0.698294 -0.714521 0.789075 -0.545478 -0.282515 0.802684 -0.522098 -0.288291 0.690268 -0.185216 0.699446 0.587236 -0.240508 0.772859 0.753085 -0.0548068 0.655637 0.542352 -0.0354979 0.839401 0.80195 -0.330267 0.497796 0.741136 -0.34622 0.575195 -0.277622 -0.649149 -0.708189 0.161795 -0.761113 -0.628116 0.574033 -0.3635 -0.733726 0.653182 -0.449916 -0.60904 0.407669 -0.295568 -0.863971 0.450708 -0.20397 -0.869056 0.881105 -0.263003 0.393043 0.915347 -0.325712 0.236753 0.0460684 -0.985239 -0.164868 0.128543 -0.964021 -0.232681 0.0917257 -0.973438 -0.209773 0.22836 -0.956414 -0.181998 0.195011 -0.262684 0.94497 0.495836 -0.296697 0.816161 0.370856 -0.300909 0.878589 0.520409 -0.366489 0.771272 0.872813 -0.487297 -0.0271974 0.875024 -0.447583 -0.184395 0.486344 -0.433764 0.758498 0.508458 -0.63733 0.579035 0.171946 -0.973674 -0.149643 0.360054 -0.914334 -0.185347 0.831337 -0.213134 -0.513276 0.878638 -0.162757 -0.448894 0.926698 -0.189735 -0.324393 0.930657 -0.16235 -0.327902 0.8245 -0.445279 0.349181 0.836192 -0.414794 0.358788 0.447488 -0.519559 -0.727882 0.447734 -0.508026 -0.735829 0.962922 -0.266406 -0.0425384 0.985804 -0.164598 0.0331356 0.970172 -0.158306 -0.183589 0.979089 -0.170088 -0.111601 0.457217 -0.836126 -0.303061 0.52511 -0.801011 -0.287474 0.342391 -0.935331 0.0890182 0.318696 -0.924928 0.207223 0.722012 -0.691714 0.0152056 0.670487 -0.721223 0.174024 0.575721 -0.768137 0.280199 0.532035 -0.770164 0.351832 0.784527 -0.533067 0.316792 0.827719 -0.524929 0.198319 0.708385 -0.635271 -0.307605 0.650271 -0.60618 -0.457922 0.888028 -0.459293 0.021348 0.848788 -0.496582 -0.181563 0.214989 -0.976247 -0.026858 0.0699814 -0.997309 0.0218562 0.647133 -0.694903 -0.313574 0.491983 -0.795231 -0.354344 0.417763 -0.882564 0.215765 0.419294 -0.824992 0.378921 0.334245 -0.882203 0.331661 0.303813 -0.843423 0.443097 0.28331 -0.921924 0.26418 0.303908 -0.876239 0.373959 0.266339 -0.931635 0.247223 0.231608 -0.875775 0.423528 0.0653666 -0.151114 -0.986353 -0.16879 -0.225582 -0.959491 0.0298628 -0.301641 -0.952954 0.243521 -0.245768 -0.938241 0.708752 -0.443018 -0.549005 0.594032 -0.510748 -0.6215 0.453827 -0.538307 -0.710117 0.342865 -0.668661 -0.659801 0.241915 -0.240507 -0.940018 0.374916 -0.0942167 -0.922259 0.28646 -0.0320872 -0.957555 0.0817102 -0.234549 -0.968664 0.510155 -0.831157 0.221179 0.563029 -0.779064 0.275786 0.519276 -0.849606 0.0923146 0.643963 -0.724991 0.244336 0.0801026 -0.86353 -0.497895 0.254529 -0.790293 -0.557361 0.695419 -0.718579 -0.00604197 0.771526 -0.603474 0.201411 0.748674 -0.476554 0.460851 0.707712 -0.466961 0.53018 0.443754 -0.693741 -0.567279 0.617129 -0.671024 -0.410948 -0.221029 -0.342208 -0.913258 0.176598 -0.51101 -0.841239 -0.317392 -0.220956 -0.922194 -0.434057 -0.524789 -0.732251 -0.122675 -0.358223 -0.925542 -0.34865 -0.453412 -0.820281 0.710115 -0.690509 0.137601 0.755605 -0.574466 0.314721 0.22219 -0.907546 -0.356359 0.30525 -0.889081 -0.341112 -0.147829 -0.914831 -0.375807 -0.101128 -0.834613 -0.541474 -0.0710458 -0.918629 -0.388682 0.0263885 -0.79755 -0.602676 0.135977 -0.641838 -0.754688 -0.321486 -0.772315 -0.547883 0.221692 -0.945071 0.240193 0.330224 -0.933415 0.140313 0.364538 -0.880116 -0.304151 0.407984 -0.877821 -0.250956 0.387581 -0.76783 0.510115 0.373371 -0.723781 0.580289 0.333787 -0.859607 0.386862 0.263284 -0.800351 0.538628 0.977505 -0.204167 -0.0529157 0.944536 -0.266909 -0.191343 0.171458 -0.695986 -0.697284 0.323409 -0.716953 -0.617563 0.275137 -0.663355 -0.695888 0.48216 -0.600845 -0.637579 0.0350753 -0.999318 -0.0115729 0.0889333 -0.996035 0.00247923 0.0899077 -0.995905 -0.00944521 0.0361264 -0.999346 0.00130158 0.526932 -0.84826 -0.0528939 0.645606 -0.762223 0.047015 0.72526 -0.546731 0.41843 0.742925 -0.469551 0.477057 0.498928 -0.671026 0.548448 0.549448 -0.488586 0.677784 0.24344 -0.858632 -0.451097 0.440086 -0.806719 -0.394373 0.76609 -0.293566 -0.571774 0.713701 -0.320627 -0.622759 0.722728 -0.676038 -0.143656 0.756361 -0.651083 -0.0633153 0.80474 -0.234667 0.545275 0.801677 -0.266193 0.535216 0.353799 -0.921629 -0.159457 0.372886 -0.891556 -0.257068 0.584766 -0.242711 -0.774041 0.583715 -0.273498 -0.76451 -0.0891388 -0.956537 -0.277652 0.00758794 -0.990208 -0.139396 0.816916 -0.140924 0.559275 0.757097 -0.204708 0.620402 0.0363494 -0.460932 -0.886691 0.279272 -0.310807 -0.908519 0.3971 -0.254976 0.881645 0.222165 -0.139788 0.964936 0.858834 -0.364491 0.359931 0.940566 -0.180277 0.287813 -0.167514 -0.0645885 -0.983752 -0.26611 0.0569 -0.962262 0.645113 -0.295121 -0.704792 0.810641 -0.310324 -0.496547 -0.0816311 -0.958362 -0.273639 0.00484063 -0.953793 -0.300427 0.993246 -0.0338086 0.110991 0.994619 -0.100948 -0.0233117 -0.451259 -0.470726 -0.758144 -0.253717 -0.443705 -0.859508 0.0224982 -0.99812 -0.0570054 0.0426094 -0.996522 -0.0716079 0.416686 -0.0472356 0.907822 0.609466 -0.0834242 0.788411 0.449806 -0.877877 -0.16434 0.341721 -0.893181 -0.292325 0.797322 -0.19461 -0.571318 0.860412 -0.153405 -0.485962 0.0307761 -0.99928 0.0221856 0.0689656 -0.99013 0.122006 0.447338 -0.890819 0.0795543 0.49805 -0.853028 0.155853 0.652577 -0.577209 0.49089 0.393414 -0.516249 0.760731 -0.259931 -0.097819 -0.96066 -0.440251 -0.262708 -0.858582 -0.0230962 -0.739345 -0.672931 0.16313 -0.784697 -0.59803 0.631832 -0.336051 0.698468 0.34999 -0.495989 0.794671 -0.403116 -0.17881 -0.89751 -0.36013 -0.642078 -0.676788 0.26433 -0.964198 0.0212403 0.341737 -0.914183 0.217911 0.720272 -0.361749 0.5919 0.632729 -0.420625 0.650176 -0.125983 -0.92287 -0.363922 0.17214 -0.899371 -0.401871 0.255424 -0.486077 0.835756 0.277417 -0.554493 0.784587 0.72026 -0.616233 0.318563 0.59822 -0.612213 0.517038 0.521199 -0.709434 0.474399 0.408704 -0.622568 0.667361 -0.514512 -0.143652 -0.845365 -0.128517 -0.310062 -0.94199 0.83301 -0.528072 -0.165028 0.816888 -0.576781 0.00410746 0.657869 -0.73323 0.171996 0.601626 -0.713723 0.358672 0.705926 -0.602128 0.372976 0.78461 -0.606971 0.126384 0.5535 -0.74275 -0.376775 0.68778 -0.6148 -0.385979 0.809473 -0.218925 0.544816 0.602312 -0.326962 0.728228 0.0659357 -0.802168 -0.593446 0.339321 -0.629273 -0.699198 0.0382701 -0.47402 -0.879682 0.156439 -0.184245 -0.970351 -0.114721 -0.142352 -0.983146 -0.0638587 -0.266743 -0.96165 0.533543 -0.568189 -0.626493 0.759326 -0.59094 -0.272422 -0.0101299 -0.906316 -0.422479 0.122671 -0.815184 -0.566062 0.249866 -0.74215 -0.621916 0.409113 -0.738394 -0.536098 0.186897 -0.690479 -0.698791 0.248226 -0.771726 -0.585511 0.521009 -0.852805 0.0356764 0.493117 -0.861373 -0.121949 0.845909 -0.438341 -0.303803 0.854718 -0.424939 -0.298135 0.286562 -0.668652 0.686139 0.278962 -0.680889 0.677178 0.161047 -0.923636 0.347793 0.209536 -0.841996 0.497129 0.870351 -0.488954 0.0584179 0.826436 -0.478345 0.296967 0.0100006 -0.610574 -0.791896 0.447853 -0.600539 -0.662405 -0.142544 -0.671106 -0.727529 -0.101765 -0.304788 -0.946968 0.05479 -0.998112 -0.0277601 0.0424975 -0.998972 -0.0157544 0.436706 -0.501649 -0.746751 0.447674 -0.342239 -0.826112 0.809187 -0.585108 -0.053538 0.75591 -0.578201 0.307056 0.559377 -0.0817687 -0.82487 0.704807 -0.172866 -0.688015 0.88159 -0.18809 0.432922 0.918871 -0.134983 0.370751 0.982916 -0.17857 0.0446054 0.843873 -0.38317 0.375579 0.157036 -0.917409 -0.365649 0.444062 -0.883909 -0.146678 0.0712972 -0.995612 -0.0606041 0.0819466 -0.994505 -0.0651525 0.0351788 -0.999377 0.00297337 0.178372 -0.9772 0.115167 -0.362088 -0.720705 -0.591165 0.0788405 -0.817735 -0.57017 0.231381 -0.504612 0.831763 0.333787 -0.274177 0.901894 0.564417 -0.758617 -0.325474 0.511041 -0.656518 -0.554817 0.290659 -0.368162 0.883162 0.440375 -0.124786 0.8891 0.00122492 -0.998881 -0.0472891 0.10162 -0.939862 -0.326087 0.395536 -0.851822 -0.343438 0.653835 -0.714997 -0.247547 0.620063 -0.772023 -0.139652 0.649258 -0.687548 0.325179 -0.284029 -0.588854 -0.756689 -0.249276 -0.807263 -0.534966 0.0366921 -0.7753 -0.630527 0.530278 -0.693423 -0.487821 0.570967 -0.392887 -0.720858 0.571125 -0.409817 -0.711243 0.355722 -0.923155 0.145761 0.464468 -0.818881 0.337198 0.880041 -0.460109 -0.117588 0.784148 -0.533731 0.316613 0.599961 -0.789358 -0.130232 0.580366 -0.805956 -0.116666 -0.241945 -0.499762 -0.831685 0.447248 -0.491892 -0.747001 0.900728 -0.206029 -0.382416 0.628894 -0.210513 -0.74845 0.403467 -0.252024 -0.879601 0.259378 -0.203006 -0.944199 0.965125 -0.185663 -0.184565 0.963798 -0.193482 -0.183463 0.526249 -0.827302 -0.196552 0.392519 -0.736778 -0.550534 0.636839 -0.765208 0.0943002 0.270919 -0.825345 0.495388 0.0774003 -0.996819 0.0190117 0.279722 -0.899544 0.335523 0.765461 -0.417453 0.489696 0.407218 -0.501768 0.763153 0.804778 -0.218064 0.552069 0.20525 -0.163967 0.964877 0.0492237 -0.996716 -0.0643012 0.511984 -0.61876 -0.595825 -0.440158 -0.224153 -0.869492 -0.215703 -0.4405 -0.871454 -0.439707 -0.179209 -0.880081 0.169112 -0.274067 -0.946725 0.576162 -0.788052 -0.216819 0.553378 -0.804623 -0.215301 0.597429 -0.770764 -0.221363 0.671173 -0.695372 -0.256875 0.539043 -0.537782 -0.648246 0.687057 -0.675134 -0.268602 0.751541 -0.445566 -0.486474 0.711127 -0.655447 -0.254338 0.695802 -0.46715 -0.545555 0.541223 -0.518994 -0.661606 0.588433 -0.589222 -0.553683 0.562855 -0.453527 -0.691019 0.777813 -0.522129 -0.349839 0.8086 -0.510125 -0.293154 0.816441 -0.498268 -0.291812 0.841606 -0.449615 -0.299242 0.769963 -0.4161 -0.483754 0.853927 -0.378788 -0.35683 0.863603 -0.361136 -0.351809 0.88414 -0.353628 -0.305358 0.910681 -0.237677 -0.33789 0.902766 -0.297038 -0.311099 0.898875 -0.0915046 -0.428545 0.905023 -0.163187 -0.392815 0.928179 -0.190742 -0.319533 0.939129 -0.116933 -0.323053 0.949774 -0.0798131 -0.302587 0.921 -0.189313 -0.34047 0.941634 -0.086489 -0.325338 0.916232 -0.124889 -0.380686 0.809785 -0.100201 -0.578108 0.9241 -0.111188 -0.365617 0.919491 -0.216794 -0.327929 0.907708 -0.0995633 -0.40762 0.570441 -0.117121 -0.812945 0.563473 -0.174072 -0.807587 0.782735 -0.137002 -0.607088 0.816101 -0.0917175 -0.570585 0.782734 -0.0409126 -0.62101 0.803541 -0.0637197 -0.59183 0.727687 -0.135567 -0.672379 0.701456 -0.0716509 -0.709102 0.568538 -0.087885 -0.817949 0.611354 -0.217856 -0.760779 0.560824 -0.0395553 -0.82699 0.619721 -0.110095 -0.777062 0.633222 -0.0548708 -0.772022 0.695574 -0.105073 -0.71073 0.744104 -0.096191 -0.661103 0.760315 -0.0614691 -0.646639 0.860671 -0.218081 -0.460094 0.858061 -0.0516034 -0.510948 0.579974 -0.276892 -0.766134 0.705152 -0.165615 -0.689443 0.579686 -0.303732 -0.756116 0.865005 -0.240487 -0.440376 0.609915 -0.478603 -0.631619 0.773461 -0.56836 -0.28058 0.482025 -0.684036 -0.547492 0.0637195 -0.996282 -0.0579785 0.058214 -0.996688 -0.0567893 0.0542674 -0.996909 -0.056819 0.0515516 -0.996985 -0.0579962 -0.140505 -0.778072 -0.61226 -0.0588547 -0.75749 -0.650189 -0.111461 -0.505967 -0.855321 0.0964985 -0.555698 -0.825765 0.38873 -0.558335 -0.732907 0.0195437 -0.242212 -0.970026 0.488259 -0.854373 -0.177904 0.445179 -0.543969 -0.711276 0.546069 -0.804634 -0.23318 0.597327 -0.499703 -0.627294 0.374248 -0.520002 -0.767813 0.306994 -0.474507 -0.824983 0.446668 -0.531259 -0.719897 0.441988 -0.452109 -0.774754 0.32507 -0.304259 -0.895408 0.721354 -0.590795 -0.3614 0.110695 -0.0797259 -0.990652 0.774871 -0.558992 -0.295132 0.651319 -0.0293424 -0.758237 0.527313 -0.0167123 -0.849507 0.560711 -0.0506666 -0.82646 0.753092 -0.0628508 -0.654906 0.80797 -0.063616 -0.58578 0.76382 -0.136526 -0.630825 0.58411 -0.280433 -0.761691 0.640857 -0.322358 -0.696698 0.577123 -0.333788 -0.745329 0.842062 -0.414059 -0.34567 0.438871 -0.0280693 -0.898112 0.421813 -0.0750592 -0.903571 0.422364 -0.0612056 -0.904358 0.341635 -0.105096 -0.933938 0.379265 -0.0305358 -0.924784 0.169872 -0.0611652 -0.983566 0.315261 0.00320885 -0.949 0.353776 -0.048319 -0.934081 0.412427 -0.0893036 -0.906603 0.253585 -0.0287513 -0.966886 0.344456 -0.197388 -0.917817 0.293771 -0.131616 -0.946771 0.164809 -0.205495 -0.964681 0.0555851 -0.0244547 -0.998154 -0.525259 -0.272257 -0.806213 0.102336 -0.0640976 -0.992683 -0.102177 -0.0582595 -0.993059 -0.304636 -0.0353614 -0.951812 -0.0613811 -0.277282 -0.958826 0.18831 -0.0274325 -0.981726 0.537879 -0.558298 -0.631656 -0.0276957 -0.998625 -0.0445182 -0.079496 -0.982599 -0.167867 -0.0532863 -0.995182 -0.082297 -0.13226 -0.970777 -0.200249 -0.0123554 -0.999672 -0.0224541 -0.00959285 -0.99977 -0.0191859 -0.00905374 -0.999744 -0.0207234 -0.011905 -0.999432 -0.0315375 -0.14071 -0.956586 -0.255234 -0.00744095 0.999584 -0.0278783 -0.0146244 -0.996934 -0.0768641 -0.0261967 -0.992169 -0.122125 -0.0103313 -0.99795 -0.0631575 0.0455379 -0.996045 -0.0762969 -0.00549776 -0.998829 -0.048063 -0.0183959 -0.994319 -0.104841 -0.000856639 -0.999082 -0.0428327 -0.170739 -0.935376 -0.30971 0.0133725 -0.977416 -0.2109 0.00427191 -0.998199 -0.0598301 -0.0519571 -0.942156 -0.331123 0.0034715 -0.999766 -0.0213581 0.00398363 -0.99981 -0.0190979 0.00515797 -0.999781 -0.0202578 0.00793178 -0.999621 -0.0263688 0.0192634 -0.998276 -0.0554505 0.0394917 -0.895254 -0.443803 0.0251819 -0.998065 -0.0568548 0.029167 -0.997819 -0.0592238 0.0353071 -0.997265 -0.0649303 0.442959 -0.557674 -0.701988 0.0651134 -0.992858 -0.0999694 0.0496824 -0.996293 -0.0702267 0.440047 -0.571961 -0.692257 0.180368 -0.458058 -0.870431 0.48213 -0.600751 -0.63769 0.433869 -0.596936 -0.674852 0.446941 -0.616713 -0.648004 0.312677 -0.607277 -0.730375 0.0498837 -0.996927 -0.0604026 0.470616 -0.865543 -0.171337 0.0720114 -0.995573 -0.0603971 0.446202 -0.879931 -0.163172 0.0725547 -0.995901 -0.0540092 0.0736721 -0.995958 -0.0513859 0.0606288 -0.997789 -0.0272403 0.0755749 -0.995915 -0.0494196 0.191578 -0.956106 -0.221719 0.0782789 -0.995775 -0.0480061 0.059882 -0.997682 -0.0323244 0.441348 -0.883183 -0.158744 0.0618958 -0.997738 -0.0262382 0.442103 -0.883322 -0.155842 0.0414146 -0.999044 -0.0140164 0.177205 -0.980266 -0.0876171 0.329152 -0.937346 -0.114202 0.15434 -0.986714 -0.0507417 0.29914 -0.95237 -0.0592135 0.0373541 -0.999214 -0.0132639 0.0342735 -0.999356 -0.0106436 0.0393163 -0.999172 -0.0104545 0.0361366 -0.99928 -0.0115249 0.412658 -0.907368 -0.0799813 0.233654 -0.970648 -0.056988 0.0403399 -0.999138 -0.00980205 0.510529 -0.853058 -0.107948 0.0413326 -0.999107 -0.00879384 0.0435999 -0.999018 -0.00782553 0.500466 -0.865219 -0.0304947 0.084959 -0.99631 -0.012188 0.0883689 -0.996066 -0.00662172 0.497158 -0.86146 -0.103545 0.0902332 -0.995844 -0.0123651 0.047383 -0.998874 -0.00255575 0.0428961 -0.999079 -0.00138712 0.0397403 -0.99921 -0.000402837 0.512302 -0.852005 -0.107864 0.140936 -0.989897 0.0155229 0.0356359 -0.999357 0.00390927 0.0368145 -0.99931 0.00498978 0.521344 -0.846201 -0.110204 0.03891 -0.999223 0.00630359 0.533136 -0.838462 -0.112904 0.0801029 -0.996671 0.0151505 0.0783439 -0.996781 0.0170005 0.704691 -0.601498 0.376313 0.0772633 -0.996784 0.0212539 0.136925 -0.950299 0.279613 0.0779775 -0.996671 0.0238159 0.0796538 -0.996462 0.0268228 0.0850943 -0.9958 0.0337758 0.0900916 -0.995378 0.0332474 0.0853044 -0.995764 0.0343203 0.081928 -0.995996 0.0357802 0.0606468 -0.997681 0.0308941 0.0458446 -0.998633 0.0251222 0.0316343 -0.999272 0.0213418 0.532825 -0.767948 0.355462 0.0312489 -0.999222 0.0240456 0.0379744 -0.998726 0.0332371 0.0480633 -0.997837 0.0448539 0.07073 -0.995009 0.0703943 0.142766 -0.970983 0.191859 0.0513245 -0.997194 0.0545035 0.0328778 -0.99842 0.0455747 0.0237779 -0.99857 0.0478862 0.0279271 -0.998257 0.051999 0.0338548 -0.998465 0.0438293 0.03661 -0.998346 0.0443283 0.0333313 -0.99907 0.0273589 0.0797458 -0.996103 0.0376699 0.450432 -0.74594 0.490596 0.305636 -0.836487 0.454837 0.715043 -0.580685 0.389254 0.71882 -0.571919 0.39523 0.722086 -0.563371 0.401502 0.72493 -0.55469 0.408406 0.543513 -0.505899 0.669821 0.654277 -0.491648 0.574633 0.767051 -0.43039 0.475812 0.347846 -0.71547 0.605892 0.714571 -0.492461 0.496861 0.758216 -0.447363 0.474314 0.763504 -0.425306 0.48598 0.779722 -0.389083 0.490559 0.789018 -0.359403 0.498278 0.682505 -0.279854 0.67518 0.191318 -0.151135 0.969823 0.741651 -0.222547 0.632793 0.194127 -0.113937 0.974337 0.218667 -0.0391518 0.975014 0.123227 0.073763 0.989633 0.268767 -0.135224 0.953666 0.377296 -0.156468 0.912779 0.175769 -0.171532 0.969372 0.279064 -0.0389663 0.959482 0.306917 -0.0333071 0.951153 0.466442 -0.102335 0.878612 0.380078 -0.0643428 0.922714 0.47491 -0.00955329 0.879983 0.541041 -0.0801297 0.83717 0.540886 -0.0969771 0.835486 0.551428 -0.115579 0.826178 0.80789 -0.05147 0.587081 0.581687 -0.0354395 0.81264 0.670323 -0.0548563 0.740039 0.633125 -0.280569 0.721411 0.633778 -0.0332174 0.772802 0.723905 -0.152446 0.672846 0.726827 -0.0349164 0.685932 0.746143 -0.0557004 0.663452 0.774633 -0.0425964 0.630975 0.79761 -0.242266 0.552382 0.825618 -0.0152405 0.564023 0.817306 -0.0536769 0.573698 0.810187 -0.131461 0.57124 0.807164 -0.053734 0.587876 0.766496 -0.0985167 0.634649 0.804717 -0.0432294 0.592083 0.692455 -0.098456 0.714712 0.809559 -0.0757915 0.582126 0.650159 -0.0325759 0.7591 0.681952 -0.0266579 0.730911 0.559957 -0.0219466 0.828231 0.80988 -0.1716 0.560935 0.609899 -0.0614027 0.790097 0.314743 -0.0127443 0.949091 0.807394 -0.203116 0.553948 0.438316 -0.364864 0.821434 0.269871 -0.0701054 0.960341 0.757387 -0.209321 0.618506 0.764993 -0.332719 0.551438 0.199956 -0.0527996 0.978381 0.201884 -0.22691 0.952762 0.119786 -0.049205 0.99158 0.485189 -0.460515 0.743315 0.687984 -0.554431 0.468279 0.324773 -0.468379 0.821671 0.599486 -0.536523 0.593936 0.521499 -0.631472 0.573831 0.54701 -0.829167 -0.115161 0.136028 -0.973775 0.182372 0.674776 -0.646885 0.35527 0.558901 -0.821045 -0.116255 0.628699 -0.777607 -0.00805916 0.582291 -0.804602 -0.116416 0.662647 -0.735453 -0.141448 0.6686 -0.738142 -0.0901077 0.683414 -0.717565 -0.134334 0.684809 -0.716096 -0.135068 0.741186 -0.655261 -0.145865 0.816335 -0.525793 0.239039 0.64674 -0.577053 0.498735 0.782687 -0.618546 -0.0692918 0.731641 -0.535541 0.421778 0.680678 -0.679017 0.274979 0.637559 -0.0874618 0.765421 0.778935 -0.573527 0.253627 0.912087 -0.393143 0.116346 0.823864 -0.543804 -0.159766 0.737909 -0.603773 0.301575 0.749024 -0.588054 0.305214 0.765746 -0.567192 0.303194 0.776161 -0.548238 0.311464 0.862535 -0.427161 0.271233 0.81834 -0.493849 0.293994 0.912716 -0.371742 -0.16958 0.902812 -0.371874 0.215962 0.710468 -0.590312 0.383102 0.977756 -0.145531 0.15104 0.946199 -0.307495 0.100764 0.936813 -0.293611 -0.190197 0.944367 -0.327665 -0.0284072 0.840266 -0.405323 0.360092 0.951895 -0.239986 -0.190532 0.956618 -0.259985 -0.131492 0.877379 -0.018233 0.479451 0.901632 -0.249857 0.353032 0.902591 -0.157096 0.400811 0.89391 -0.0499268 0.445458 0.893546 -0.0547908 0.445615 0.912709 -0.0433331 0.406306 0.988978 -0.0593377 0.135654 0.893728 -0.122497 0.431561 0.844281 -0.0710735 -0.531166 0.931966 -0.0452074 0.359716 0.923514 -0.083693 0.374322 0.955022 -0.0758282 0.286676 0.948571 -0.0357292 0.314541 0.982254 -0.158942 0.0995749 0.956347 -0.0456927 0.288638 0.975093 -0.0610591 0.213228 0.959073 -0.171389 0.225397 0.976318 -0.123744 0.177455 0.875947 -0.25489 0.40957 0.942313 -0.107391 -0.31704 0.981363 -0.19208 -0.0056802 0.993116 -0.114056 -0.0266839 0.874848 -0.127888 -0.467211 0.984694 -0.118565 -0.127754 0.976571 -0.0887503 -0.196042 0.974628 -0.0756356 -0.210663 0.906371 -0.27039 -0.324623 0.993663 -0.109777 -0.0241451 -0.514036 -0.111983 -0.850427 -0.429142 -0.25951 -0.865154 0.976104 -0.105131 -0.190182 -0.204179 -0.0493508 -0.977689 0.982108 -0.0799437 -0.170507 -0.426875 -0.0649332 -0.901976 0.984576 -0.0898294 -0.150137 -0.357356 -0.106539 -0.927872 0.9841 -0.121721 -0.129353 -0.269862 -0.346898 -0.898241 0.992852 -0.0795426 -0.0889789 -0.357475 -0.027751 -0.93351 0.995182 -0.0856557 -0.0477081 -0.187446 -0.258692 -0.947598 0.994715 -0.0765004 -0.068483 -0.238751 -0.122841 -0.96328 0.971732 -0.130939 -0.196448 -0.114801 -0.13974 -0.983511 0.990874 -0.13393 0.0152206 -0.0372369 -0.171775 -0.984432 0.969441 -0.0259144 0.243953 0.0990286 -0.0587279 -0.99335 0.987616 -0.0754459 0.137563 0.0670191 -0.187184 -0.980036 0.988726 -0.0659877 0.13441 0.296549 -0.142703 -0.944296 0.944057 -0.162653 0.286882 0.890596 -0.0888554 0.446031 0.36245 -0.356316 -0.861202 0.952751 -0.100372 0.286691 0.926674 -0.0611122 0.370866 -0.0368986 -0.0505686 -0.998039 0.996106 -0.0386082 0.0792626 -0.306631 -0.0281453 -0.951412 0.995422 -0.0883543 0.0364362 0.892446 -0.0668234 0.446178 0.679042 -0.686175 -0.260895 0.949047 -0.205942 0.238534 0.860702 -0.319566 0.39632 0.49904 -0.847149 -0.182478 0.949055 -0.25234 -0.188733 0.876527 -0.366322 0.312263 0.63511 -0.733972 -0.240666 0.925168 -0.370255 -0.0835145 0.514971 -0.835867 -0.190083 0.891686 -0.418312 -0.172947 0.538481 -0.557001 -0.632289 0.617251 -0.752718 -0.228946 0.888445 -0.422539 -0.179235 0.525817 -0.586031 -0.616509 0.885876 -0.428578 -0.17761 0.552128 -0.805459 -0.215384 0.855934 -0.508582 -0.0933862 0.535981 -0.819456 -0.203019 0.8381 -0.520334 -0.163832 0.00991566 -0.33758 -0.941245 0.832345 -0.551942 0.0506109 0.791666 -0.599825 -0.116082 0.755919 -0.637589 -0.14855 0.758934 -0.634033 -0.148398 0.703667 -0.696364 -0.141173 0.552248 -0.822946 0.133349 0.0728902 -0.994721 0.0722351 0.0793327 -0.996101 0.0385779 0.0369531 -0.997284 0.0637052 0.036755 -0.997595 0.0587633 0.033635 -0.998182 0.050014 0.0408835 -0.99909 -0.0121139 0.037553 -0.999295 0.000475109 0.473686 -0.87067 -0.132497 0.266437 -0.956798 -0.116398 0.454792 -0.879546 -0.139867 0.303643 -0.935368 -0.181348 0.0635869 -0.997651 -0.0254861 0.0598287 -0.997801 -0.0285397 0.0595522 -0.997768 -0.0302027 0.0609499 -0.997525 -0.0350594 0.324211 -0.791716 -0.517758 0.692299 -0.623463 0.36334 0.83053 -0.532383 -0.16367 0.0339346 -0.999195 0.0213953 -0.995979 0 0.0895896 -0.995979 -1.6934e-08 0.0895896 -0.995979 2.66592e-08 0.0895897 -0.995979 -9.92788e-09 0.0895897 -0.995979 -7.20535e-08 0.0895898 -0.995979 3.07793e-07 0.0895891 -0.995979 5.31859e-07 0.0895876 -0.995979 -1.48857e-06 0.0895922 -0.995979 2.27071e-07 0.0895894 -0.995979 4.10536e-06 0.0895821 -0.99598 1.24012e-06 0.0895804 -0.995979 4.21798e-06 0.0895857 -0.995979 1.99088e-06 0.0895889 -0.995979 6.60682e-06 0.0895873 -0.995978 -1.13271e-05 0.0895947 -0.995979 -3.62194e-08 0.0895895 -0.995978 -9.13198e-06 0.089599 -0.995979 -1.77719e-07 0.0895898 0.0895898 0 0.995979 0.0895898 0 0.995979 -0.897141 -0.371594 0.238865 -0.893185 -0.383155 0.2354 -0.863949 -0.450597 0.224845 -0.793335 -0.572515 0.206994 -0.782394 -0.589747 0.200145 -0.679894 -0.712764 0.172371 -0.609208 -0.777738 0.154885 -0.476619 -0.870857 0.120178 -0.305434 -0.949277 0.0747215 -0.133723 -0.990537 0.0308893 -0.132595 -0.99069 0.0308377 0.0429443 -0.999037 -0.00902302 0.207096 -0.977183 -0.0471728 0.375218 -0.923248 -0.082609 0.394602 -0.915094 -0.0830223 0.530967 -0.83971 -0.113847 0.555154 -0.823928 -0.113788 0.704047 -0.696085 -0.140654 0.792134 -0.588993 -0.160033 0.980689 -0.0432778 -0.190723 0.980545 -0.0450964 -0.191042 0.974216 -0.122348 -0.189563 0.972984 -0.130032 -0.190773 0.954064 -0.234553 -0.186403 0.947843 -0.257885 -0.187319 0.922554 -0.340448 -0.18163 0.911112 -0.369762 -0.182072 0.870219 -0.461322 -0.172917 0.859769 -0.480598 -0.172692 0.8063 -0.569223 -0.160828 0.680255 -0.719155 -0.141663 0.222697 -0.973718 -0.0477367 0.0346547 -0.999362 -0.00865556 -0.293222 -0.953544 0.0690986 -0.460235 -0.880672 0.112251 -0.592672 -0.79161 0.148641 -0.695273 -0.696242 0.178444 -0.869916 -0.436605 0.229395 -0.816564 0 -0.577255 -0.874258 0 -0.485461 -0.874258 0 -0.485461 -0.921676 0 -0.38796 -0.95826 0 -0.285899 -0.983579 0 -0.180478 -0.983579 0 -0.180478 -0.999371 0 0.0354661 -0.999371 0 0.0354661 -0.997337 0 -0.0729344 -0.997337 0 -0.0729344 -0.95826 0 -0.285899 -0.749271 0 -0.662264 -0.816564 0 -0.577255 -0.749271 0 -0.662264 -0.921676 0 -0.38796 0 1 0 0 1 0 0 1 0 0 1 0 0 1 0 0 1 0 0 1 0 0 1 0 0 1 0 0 1 0 0 1 0 0 1 0 0 1 0 0 1 0 0 1 0 0 1 0 0 1 0 0 1 0 0 1 0 0 1 0 0 1 0 0 1 0 0 1 0 0 1 0 0 1 0 0 1 0 0 1 0 0 1 0 0 1 0 0 1 0 0 1 0 0 1 0 0 1 0 0 1 0 0 1 0 0 1 0 0 1 0 0 1 0 0 1 0 0 1 0 0 1 0 0 1 0 0 1 0 0 1 0 0 1 0 0 1 0 0 1 0 0 1 0 0 1 0 0 1 0 0 1 0 0 1 0 0 1 0 0 1 0 0 1 0 0 1 0 0 1 0 0 1 0 0 1 0 0 1 0 0 1 0 0 1 0 0 1 0 0 1 0 0 1 0 0 1 0 0 1 0 0 1 0 0 1 0 0 1 0 0 1 0 0 1 0 0 1 0 0 1 0 0 1 0 0 1 0 0 1 0 0 1 0 0 1 0 0 1 0 0 1 0 0 1 0 0 1 0 0 1 0 0 1 0 0 1 0 0 1 0 0 1 0 0 1 0 0 1 0 0 1 0 0 1 0 0 1 0 0 1 0 0 1 0 0 1 0 0 1 0 0 1 0 0 1 0 0 1 0 0 1 0 0 1 0 0 1 0 0 1 0 0 1 0 0 1 0 0 1 0 0 1 0 0 1 0 0 1 0 0 1 0 0 1 0 -0.674081 0 -0.738657 -0.674081 0 -0.738657 -0.78891 0 -0.614509 -0.78891 0 -0.614509 -0.881178 0 -0.472785 -0.881178 0 -0.472785 -0.948244 0 -0.317541 -0.948244 0 -0.317541 -0.988193 0 -0.153216 -0.988193 0 -0.153216 -0.99988 0 0.0154912 -0.99988 0 0.0154912 -0.982972 0 0.183755 -0.982972 0 0.183755 -0.937952 0 0.346764 -0.937952 0 0.346764 0.137396 0 0.990516 0.137396 0 0.990516 -0.031477 0 0.999505 -0.031477 0 0.999505 -0.199449 0 0.979908 -0.199449 0 0.979908 -0.361717 0 0.932288 -0.361717 0 0.932288 -0.513641 0 0.858005 -0.513641 0 0.858005 -0.650875 0 0.759185 -0.650875 0 0.759185 -0.769495 0 0.638653 -0.769495 0 0.638653 -0.866109 0 0.499856 -0.866109 0 0.499856 0.15897 0 0.987283 0.15897 0 0.987283 0.0339614 0 0.999423 0.0339614 0 0.999423 -0.0915843 0 0.995797 -0.0915843 0 0.995797 -0.215685 0 0.976463 -0.215685 0 0.976463 -0.336383 0 0.941725 -0.65947 0 0.751731 -0.65947 0 0.751731 -0.56004 0 0.828466 -0.56004 0 0.828466 -0.451775 0 0.892132 -0.451775 0 0.892132 -0.336383 0 0.941725 -0.705377 0 0.708832 -0.705377 1.233e-07 0.708833 -0.705377 0 0.708833 -0.705372 -6.35773e-06 0.708837 -0.705379 2.27439e-06 0.708831 -0.70538 3.59812e-06 0.70883 -0.705378 1.75672e-06 0.708832 -0.705377 7.80895e-08 0.708833 -0.705375 -2.14395e-06 0.708835 -0.705376 -3.65713e-07 0.708833 -0.705382 4.22125e-06 0.708828 -0.705373 -3.13038e-06 0.708837 -0.70538 2.51956e-06 0.708829 -0.705373 -2.80774e-06 0.708837 -0.705379 1.46294e-06 0.70883 -0.70537 -3.57349e-06 0.70884 -0.705388 5.4564e-06 0.708821 -0.705385 3.08164e-06 0.708825 -0.705369 -2.93471e-06 0.708841 -0.705381 1.74857e-06 0.708829 -0.705371 -8.8359e-07 0.708838 -0.705362 -2.80506e-06 0.708847 -0.705413 6.30448e-06 0.708796 -0.705366 1.56106e-08 0.708843 -0.70534 -2.27195e-06 0.70887 -0.705381 2.56862e-06 0.708828 0.945219 -0.0663662 -0.31962 0.945211 -0.0690684 -0.319072 0.937414 -0.14471 -0.316723 0.914403 -0.262615 -0.30806 0.912068 -0.2726 -0.306304 0.88105 -0.368344 -0.296773 0.833291 -0.476542 -0.280239 0.817707 -0.507427 -0.271797 0.749199 -0.614674 -0.246733 0.677084 -0.701819 -0.221376 0.602423 -0.773904 -0.195346 0.485315 -0.860748 -0.153565 0.320214 -0.942184 -0.0987529 0.145924 -0.988313 -0.0440809 -0.0293924 -0.999531 0.00864611 -0.194177 -0.979263 0.0577862 -0.204217 -0.977162 0.0587326 -0.357109 -0.928274 0.103827 -0.517338 -0.843075 0.146921 -0.536189 -0.831033 0.147938 -0.914566 -0.325228 0.24041 -0.910507 -0.335626 0.241522 -0.890555 -0.388802 0.236103 -0.884205 -0.402337 0.237289 -0.823625 -0.522555 0.220405 -0.812073 -0.53998 0.221268 -0.736594 -0.646102 0.199954 -0.720338 -0.664812 0.197834 -0.658533 -0.730627 0.180328 -0.640218 -0.747379 0.177611 -0.373506 -0.921651 0.105132 -0.0291365 -0.999539 0.0085125 0.153752 -0.986933 -0.0482131 0.337156 -0.935235 -0.107986 0.505871 -0.846606 -0.165387 0.622177 -0.755745 -0.204316 0.695353 -0.680878 -0.229976 0.768973 -0.585534 -0.256575 0.875629 -0.383627 -0.293436 0.936696 -0.153434 -0.314736 0.483972 0.065793 -0.872607 0.456772 0.0299949 -0.889078 0.486484 0.0498634 -0.872266 0.488564 0.0872653 -0.868153 0.487059 0.0835714 -0.869362 0.496798 0.14249 -0.856089 0.50144 0.193079 -0.843373 0.504784 0.245594 -0.827573 0.507858 0.259836 -0.821319 0.509137 0.317508 -0.79998 0.505466 0.348538 -0.78932 0.502789 0.39813 -0.767265 0.499782 0.456478 -0.736102 0.501207 0.440379 -0.744888 0.499956 0.455289 -0.73672 0.498954 0.468493 -0.729082 0.499095 0.468915 -0.728713 0.499349 0.472466 -0.726241 0.498254 0.486493 -0.717682 0.497882 0.489993 -0.715556 0.497903 0.489818 -0.715661 0.498649 0.484469 -0.718776 0.49818 0.488464 -0.716393 0.499279 0.477629 -0.722905 0.498092 0.483701 -0.719679 0.498505 0.478034 -0.723171 0.499577 0.464253 -0.731363 0.500191 0.450143 -0.739717 0.499478 0.459977 -0.734127 0.503491 0.427983 -0.750551 0.503221 0.425017 -0.752415 0.507554 0.373562 -0.776428 0.506139 0.297568 -0.809491 0.503705 0.201168 -0.840127 0.496039 0.140284 -0.856893 0.501753 0.0285116 -0.864541 -0.322149 -0.00118137 -0.946688 -0.331108 0.00147021 -0.943592 -0.393988 -0.00138141 -0.919114 -0.321254 -0.00192486 -0.946991 -0.402849 0.00092081 -0.915266 -0.468625 0.00048768 -0.883397 -0.531897 0 -0.846809 -0.53026 -0.000514737 -0.847835 -0.463497 -0.00097521 -0.886098 -0.32173 -0.00166277 -0.94683 -0.334919 -0.00317216 -0.942242 -0.707092 0 0.707121 -0.707092 0 0.707121 -0.707092 0 0.707121 -0.707092 0 0.707121 0 -1 0 0 -1 0 0 -1 0 0 -1 0 0 -1 0 0 -1 0 0 -1 0 0 -1 0 0 -1 0 0 -1 0 0 -1 0 0 -1 0 0 -1 0 0 -1 0 0 -1 0 0 -1 0 0 -1 0 0 -1 0 0 -1 0 0 -1 0 0 -1 0 0 -1 0 0 -1 0 0 -1 0 0 -1 0 0 -1 0 0 -1 0 0 -1 0 0 -1 0 0 -1 0 0 -1 0 0 -1 0 0 -1 0 0 -1 0 0 -1 0 0 -1 0 0 -1 0 0 -1 0 0 -1 0 0 -1 0 0 -1 0 0 -1 0 0 -1 0 0 -1 0 0 -1 0 0 -1 0 0 -1 0 0 -1 0 0 -1 0 0 -1 0 0 -1 0 0 -1 0 0 -1 0 0 -1 0 0 -1 0 0 -1 0 0 -1 0 0 -1 0 0 -1 0 0 -1 0 0 -1 0 0 -1 0 0 -1 0 0 -1 0 0 -1 0 0 -1 0 0 -1 0 0 -1 0 0 -1 0 0 -1 0 0 -1 0 0 -1 0 0 -1 0 0 -1 0 0 -1 0 0 -1 0 0 -1 0 0 -1 0 0 -1 0 0 -1 0 0 -1 0 0 -1 0 0 -1 0 0 -1 0 0 -1 0 0 -1 0 0 -1 0 0 -1 0 0 -1 0 0 -1 0 0 -1 0 0 -1 0 0 -1 0 0 -1 0 0 -1 0 0 -1 0 0 -1 0 0 -1 0 0 -1 0 0 -1 0 0 -1 0 0 -1 0 0 -1 0 0 -1 0 0 -1 0 0 -1 0 0 -1 0 0 -1 0 0 -1 0 0 -1 0 0 -1 0 0 -1 0 -0.705377 0 0.708833 -0.705377 -1.233e-07 0.708833 -0.705377 0 0.708832 -0.705372 6.35773e-06 0.708837 -0.705379 -2.27439e-06 0.708831 -0.70538 -3.59812e-06 0.70883 -0.705378 -1.57373e-06 0.708831 -0.705377 -7.80895e-08 0.708833 -0.705376 3.65713e-07 0.708833 -0.705382 -4.02024e-06 0.708828 -0.705373 2.90678e-06 0.708837 -0.70538 -2.51956e-06 0.708829 -0.705373 2.87974e-06 0.708837 -0.705379 -1.50474e-06 0.70883 -0.705381 -2.56862e-06 0.708829 -0.70537 3.57349e-06 0.70884 -0.705388 -5.43803e-06 0.708821 -0.705385 -3.06638e-06 0.708825 -0.705369 2.9813e-06 0.708841 -0.705381 -1.75898e-06 0.708829 -0.705371 8.8359e-07 0.708838 -0.705362 2.79347e-06 0.708847 -0.705414 -6.28947e-06 0.708796 -0.705366 -1.56106e-08 0.708843 -0.705339 2.27602e-06 0.70887 -0.705374 2.35415e-06 0.708835 -0.0167693 -0.999556 -0.0246494 -0.0528965 -0.995181 -0.082562 -0.0482109 -0.995875 -0.0768644 -0.0848281 -0.988489 -0.125276 -0.120032 -0.977036 -0.176046 -0.153482 -0.961262 -0.228949 -0.160792 -0.956936 -0.241701 -0.562238 -0.0298116 -0.826438 -0.558444 -0.0899884 -0.824647 -0.55754 -0.0980166 -0.824344 -0.555771 -0.15122 -0.817466 -0.54973 -0.213126 -0.807697 -0.539353 -0.275202 -0.795841 -0.535961 -0.290285 -0.792768 -0.529203 -0.337323 -0.778561 -0.516002 -0.398877 -0.758049 -0.498181 -0.459229 -0.735476 -0.493774 -0.471395 -0.730735 -0.480808 -0.518406 -0.707163 -0.460121 -0.575574 -0.67602 -0.434914 -0.630111 -0.643281 -0.432594 -0.634391 -0.640633 -0.411223 -0.682294 -0.604459 -0.383785 -0.731073 -0.564128 -0.352328 -0.776057 -0.523069 -0.35477 -0.773007 -0.525926 -0.323882 -0.817778 -0.475751 -0.291427 -0.855101 -0.428804 -0.262753 -0.881917 -0.391386 -0.256968 -0.888093 -0.381128 -0.224541 -0.917031 -0.329599 -0.189457 -0.941354 -0.27921 0.370488 -0.00102614 -0.928837 0.413351 0.00734854 -0.910542 0.332286 0.0055501 -0.943162 0.276577 -0.000260766 -0.960992 0.24359 0.00312672 -0.969873 0.17936 0.00108933 -0.983783 0.146615 0.000984978 -0.989193 0.114268 -0.000583205 -0.99345 -0.0183303 0.00188589 -0.99983 -0.187439 0.00270367 -0.982273 -0.221468 -0.000884001 -0.975167 -0.224088 -0.00130075 -0.974568 -0.215222 0.00142545 -0.976564 -0.243209 -0.000627145 -0.969974 -0.24593 -0.000930982 -0.969287 -0.248635 -0.00131565 -0.968596 -0.246863 -0.000945564 -0.96905 -0.256189 -0.000239061 -0.966627 -0.261785 -3.66522e-05 -0.965126 -0.27359 -0.000491538 -0.961846 -0.280693 -0.000816103 -0.959797 -0.286848 -0.000245271 -0.957976 -0.298785 -8.78999e-05 -0.95432 -0.301368 -0.000189801 -0.953508 -0.303468 -0.000303822 -0.952842 -0.308807 -0.00105531 -0.951124 -0.307234 -0.00128903 -0.951633 -0.312776 -0.000531163 -0.949827 -0.310476 -0.000767063 -0.950581 -0.342451 0.00295719 -0.939531 -0.296055 -2.76507e-05 -0.955171 -0.334954 0.000627001 -0.942234 -0.278741 -0.00109881 -0.960366 0.0152576 1.69486e-06 -0.999884 0.0764194 0.00353026 -0.99707 -0.010916 0.00337138 -0.999935 -0.0843595 0.00105433 -0.996435 -0.117276 0.000528601 -0.993099 -0.548669 0 -0.83604 -0.531246 0.00187591 -0.847216 -0.520654 0.000460229 -0.853768 -0.492098 -0.00030554 -0.870539 -0.466587 0.0016753 -0.884474 -0.463169 0.00114299 -0.886269 -0.433531 -0.000409495 -0.901138 -0.403671 0.00109117 -0.914904 -0.399329 0.00175495 -0.916806 -0.373004 -0.000290239 -0.92783 -0.330017 0.0024994 -0.943972 -0.329849 0.00256701 -0.94403 -0.329797 0.00263553 -0.944048 -0.310669 -0.000796259 -0.950518 -0.29218 -1.83069e-05 -0.956363 -0.267361 -9.76363e-05 -0.963596 -0.250751 -0.00165727 -0.96805 -0.241105 -0.000438478 -0.970499 -0.183402 0.00371321 -0.983031 -0.184675 -0.00324583 -0.982794 -0.149878 -0.000365076 -0.988705 -0.0981704 0.00323715 -0.995164 -0.0507661 -0.00048663 -0.998711 0.0803928 0.00263283 -0.99676 0.163173 0.00441237 -0.986588 0.21252 -0.000625914 -0.977157 0.248679 0.00473265 -0.968574 0.308056 3.81601e-05 -0.951368 0.33821 0.00349053 -0.941064 0.400093 0.0020807 -0.916472 0.430647 0.000876105 -0.90252 0.429999 0.00151735 -0.902828 0.429948 0.00154711 -0.902852 0.0482982 -0.000138587 -0.998833 0.73001 0.0602853 -0.680773 0.719469 0.182591 -0.670093 0.695311 0.306679 -0.649993 0.644029 0.469024 -0.604353 0.565377 0.631741 -0.530331 0.480288 0.754125 -0.447906 0.461554 0.774026 -0.433418 0.342539 0.882201 -0.323091 0.0440901 0.998181 -0.0411163 0.071896 0.994912 -0.0705762 0.133964 0.983214 -0.123873 0.212885 0.956078 -0.201483 0.223714 0.951751 -0.210055 0.314202 0.90306 -0.292849 0.400915 0.836929 -0.372581 0.551526 0.656733 -0.514315 0.612563 0.547468 -0.570128 0.660356 0.42952 -0.615989 0.72591 0.101149 -0.680311 0.697818 0.29257 -0.653799 -0.530808 0 -0.847492 -0.465214 -0.000211393 -0.885198 -0.463135 0.00042286 -0.886288 -0.393362 0.00062087 -0.919384 -0.326005 0.00127252 -0.945367 -0.320713 0.00060364 -0.947176 -0.321245 -2.92664e-05 -0.946996 -0.326428 0.00178741 -0.94522 -0.322887 -0.000671581 -0.946437 -0.396957 -0.000413947 -0.917837 -0.530145 0.000215941 -0.847907 0.73001 0.0602855 -0.680773 0.719469 0.182591 -0.670093 0.695311 0.306678 -0.649993 0.644029 0.469025 -0.604353 0.565378 0.631741 -0.530331 0.480288 0.754125 -0.447906 0.461554 0.774027 -0.433418 0.342539 0.882201 -0.323092 0.0440925 0.998181 -0.0411186 0.0718975 0.994912 -0.0705775 0.133963 0.983214 -0.123871 0.212884 0.956078 -0.201482 0.223713 0.951751 -0.210054 0.314204 0.903058 -0.292851 0.400913 0.836931 -0.37258 0.551527 0.656732 -0.514316 0.612563 0.547468 -0.570128 0.660356 0.429521 -0.615989 0.72591 0.101149 -0.680311 0.697818 0.29257 -0.653799 0.953653 0.0621729 -0.294415 0.950969 0.0777521 -0.299355 0.956632 0.0485818 -0.287221 0.954812 0.0643714 -0.290155 0.957906 0.0315462 -0.285344 0.957318 0.0304669 -0.287426 0.955744 0.0469199 -0.290434 0.952401 0.0804938 -0.294029 -0.254157 0.00102339 -0.967162 -0.252062 -0.00102497 -0.967711 -0.266086 0.00173553 -0.963948 -0.257334 0.00155573 -0.966321 -0.2669 0.00249924 -0.963721 -0.257334 -0.00200383 -0.96632 -0.257196 -0.00213505 -0.966357 -0.254158 -0.00150419 -0.967162 -0.974738 -0.0367738 0.220303 -0.975534 -0.026375 0.21826 -0.974392 -0.045416 0.220223 -0.973602 -0.0470267 0.223356 -0.972844 -0.061374 0.223178 -0.96929 -0.0802357 0.232464 -0.970767 -0.0775011 0.227167 -0.971727 -0.0635462 0.227394 -0.976313 -0.0304925 0.214206 0.421202 -0.000884681 -0.906966 0.421354 -0.00120164 -0.906895 0.42162 -0.00147407 -0.906771 0.42196 -0.00170217 -0.906613 0.410828 -0.00256652 -0.911709 0.414753 0.00182635 -0.909932 0.410695 -0.0028556 -0.911768 0.340503 -0.00162377 -0.940242 0.329152 0.00169215 -0.944275 0.257212 -0.00168142 -0.966354 0.245068 0.00174908 -0.969504 0.17196 -0.00173747 -0.985102 0.0853967 -0.00179299 -0.996345 -0.00181549 -0.00184754 -0.999997 -0.0890152 -0.0019009 -0.996028 -0.178189 -0.00209919 -0.983994 -0.189527 0.00235475 -0.981873 -0.175536 0.00116243 -0.984472 -0.175341 0.00167139 -0.984506 -0.188264 0.00162328 -0.982117 -0.190308 0.00331225 -0.981719 -0.103477 0.00196693 -0.99463 -0.0158498 0.00191412 -0.999873 0.0719014 0.00185979 -0.99741 0.159099 0.00180493 -0.987261 0.887814 0.027212 0.459397 0.888183 0.0352243 0.458137 0.888907 0.0364737 0.456633 0.889535 0.0450703 0.454638 0.890262 0.0539646 0.45224 0.891085 0.0631569 0.449421 0.88923 0.0521182 0.454483 0.889901 0.0609984 0.452057 0.888656 0.0435261 0.456505 0.888383 0.0281782 0.458238 0.887549 0.0194886 0.460301 0.887963 0.0201822 0.459473 0.492339 -0.000785305 -0.870403 0.490476 -0.001195 -0.871454 0.490476 0.000953455 -0.871454 0.487391 -0.00186039 -0.873182 0.48906 -0.00145376 -0.872249 0.482764 0.00216683 -0.875748 0.483019 0.00173324 -0.875608 0.489155 -0.00161624 -0.872195 0.48545 0.0014612 -0.874263 0.489061 0.00124706 -0.872249 0.490641 0.000668103 -0.871362 0.492339 -0.00078579 -0.870403 -0.849535 -0.021893 -0.527078 -0.852721 -0.0265824 -0.52169 -0.851733 -0.0218949 -0.523518 -0.852548 -0.033341 -0.521585 -0.853123 -0.0411312 -0.520086 -0.854082 -0.0425881 -0.518392 -0.854956 -0.0507729 -0.516209 -0.855957 -0.0590776 -0.513661 -0.854666 -0.0570585 -0.516034 -0.853829 -0.0490357 -0.518239 -0.853337 -0.0345245 -0.520216 -0.849589 -0.0187599 -0.527111 0.94274 -2.42971e-05 -0.333528 0.942472 0.000240418 -0.334284 0.90869 -0.000236804 -0.417472 0.907806 0.000449583 -0.419391 0.865473 0.000652847 -0.500955 0.81856 -0.000643154 -0.57442 0.76322 -0.000836819 -0.646138 0.701617 -0.00102434 -0.712553 0.696359 0.00122472 -0.717693 0.627536 0.00140293 -0.778587 0.559647 -0.00146444 -0.82873 0.553618 0.00216806 -0.832768 0.554508 0.00135724 -0.832178 0.561693 0.00084821 -0.827345 0.561852 0.00123234 -0.827237 0.553993 0.00174015 -0.83252 0.553412 0.00264982 -0.832904 0.634258 -0.00120566 -0.773121 0.759302 0.00104044 -0.650738 0.815832 0.000849814 -0.578288 0.867183 -0.000443269 -0.497989 0.290628 0.000520196 0.956836 0.290487 0.000538637 0.956879 0.96711 0.000145545 -0.254359 0.966987 1.91612e-05 -0.254827 -0.218814 0.00405871 -0.975758 -0.217728 0.00391951 -0.976002 0.897684 0.00143568 0.440637 0.897581 0.00096433 0.440849 0.896312 -0.00170646 0.443421 0.89273 0.0019934 0.450588 0.892483 0.0025045 0.451074 0.892347 0.00308455 0.45134 0.893064 0.00154164 0.449927 0.929931 0.00161978 0.367731 0.959698 0.0014364 0.28103 0.981401 0.00124597 0.191967 0.994856 0.00104813 0.101291 0.999952 0.000843033 0.00976501 0.996645 0.000630644 -0.081844 0.984647 -0.000181118 -0.174559 0.984963 0.000410743 -0.172766 0.996375 -0.000404326 -0.0850685 0.999987 -0.000620241 0.00511534 0.995453 -0.000829069 0.0952557 0.982809 -0.00103067 0.184622 0.96216 -0.00122488 0.272483 0.933672 -0.00141195 0.358125 -0.481551 -0.0298624 0.875909 -0.480805 -0.0206996 0.876583 -0.482638 -0.0390612 0.874949 -0.484231 -0.0404472 0.874005 -0.486021 -0.0500037 0.872515 -0.485822 -0.0575539 0.872161 -0.490593 -0.0692102 0.868636 -0.487915 -0.0668453 0.870328 -0.48814 -0.0595902 0.870728 -0.484061 -0.0482908 0.8737 -0.482777 -0.0309233 0.875197 -0.481656 -0.0214337 0.876098 0.857568 0.00110872 0.514369 0.85832 0.000778639 0.513115 0.857568 -0.00138711 0.514369 0.855514 0.00137678 0.517778 0.854059 0.00169929 0.520174 0.855401 -0.00212684 0.517962 0.852167 0.00253038 0.523265 0.852353 0.00200742 0.522963 0.856638 -0.00185185 0.515915 0.857637 -0.00158938 0.514253 0.858319 -0.00107877 0.513115 0.858841 -0.000750198 0.512241 0.54352 0.0319668 -0.838787 0.544596 0.0417732 -0.837657 0.546001 0.0517105 -0.836187 0.550097 0.0639597 -0.832648 0.552526 0.0745099 -0.830159 0.549795 0.0719692 -0.832194 0.547732 0.0617752 -0.83437 0.547995 0.0535414 -0.834766 0.546222 0.0432563 -0.836523 0.542774 0.0222917 -0.839583 0.543653 0.0230846 -0.838992 0.544774 0.033104 -0.837929 0.69048 0 0.723351 0.64499 -0.000251423 0.764191 0.642298 0.000502533 0.766455 0.592377 0.000723684 0.80566 0.546958 -0.000693762 0.83716 0.494782 -0.000884803 0.869017 0.429144 0.00126721 0.903235 0.385084 -0.001207 0.922881 0.370974 0.00140843 0.928642 0.327971 0.000926331 0.944687 0.328201 0.00136678 0.944607 0.328638 0.00179496 0.944454 0.312999 0.00164353 0.949752 0.312242 0.00205972 0.95 0.311309 0.00320023 0.950303 0.311649 0.00257502 0.950194 0.313839 0.00131362 0.949475 0.323554 -0.00161742 0.946208 0.485585 0.00110615 0.874189 0.689632 0.000261131 0.72416 0.59709 -0.000482502 0.802175 0.540069 0.000924974 0.84162 0.440756 -0.00105593 0.897627 -0.954078 -0.0399204 0.296887 -0.953899 -0.0279214 0.298827 -0.954145 -0.0518008 0.294828 -0.954317 -0.0734052 0.289639 -0.953756 -0.0708975 0.292102 -0.954314 -0.0844804 0.286613 -0.954273 -0.106299 0.279398 -0.953608 -0.102691 0.282995 -0.9543 -0.0954432 0.283199 -0.953658 -0.0921972 0.286419 -0.953707 -0.0815993 0.289457 -0.952716 -0.0558854 0.298679 -0.954415 -0.0298219 0.29699 -0.954296 -0.0624585 0.292264 -0.954589 -0.0419026 0.294964 0.263473 0.0013583 0.964666 0.263677 0.000955697 0.964611 0.263472 -0.00181888 0.964665 0.261812 -0.00221078 0.965116 0.26192 -0.00231233 0.965087 0.259726 -0.00253189 0.965679 0.257167 -0.00273862 0.966363 0.248519 0.00224775 0.968624 0.24791 0.00280014 0.968779 0.252004 0.00200363 0.967724 0.255099 0.00176751 0.966913 0.259853 0.00161798 0.965647 0.266005 -0.00130521 0.963971 0.265829 -0.000955166 0.96402 0.247556 0.00347552 0.968867 -0.657844 0 -0.753154 -0.66302 -1.28701e-06 -0.748602 -0.667598 -4.5057e-06 -0.744522 -0.663055 -5.86429e-06 -0.748571 -0.671931 -1.48388e-06 -0.740614 -0.675649 7.6146e-07 -0.737224 -0.675626 -2.27405e-06 -0.737245 -0.678468 -7.20074e-06 -0.73463 -0.681109 -5.15635e-06 -0.732182 -0.683312 -7.37935e-06 -0.730126 -0.681068 -1.0764e-05 -0.732221 -0.678482 -5.31634e-06 -0.734617 -0.671913 8.49775e-07 -0.74063 -0.610031 0 -0.792377 -0.514151 0 -0.8577 -0.411351 0 -0.911477 -0.303014 0 -0.952986 -0.190598 0 -0.981668 -0.0756183 0 -0.997137 0.0403813 0 -0.999184 0.0403813 0 -0.999184 0.155836 0 -0.987783 0.269193 0 -0.963086 0.378928 0 -0.925426 0.483562 0 -0.87531 0.581687 0 -0.813413 0.671983 0 -0.740566 0.753234 0 -0.657753 0.824347 0 -0.566085 0.884364 0 -0.466798 0.932477 0 -0.361229 0.96804 0 -0.250797 0.990573 0 -0.136989 0.999772 0 -0.0213375 0.995515 0 0.0946004 0.977859 0 0.209266 0.94704 0 0.321114 0.94704 0 0.321114 0.903475 0 0.428641 0.847749 0 0.530398 0.780612 0 0.625016 0.702969 0 0.711221 0.520468 0 0.853881 0.31004 0 0.950724 0.418068 0 0.908416 0.31004 0 0.950724 0.197839 0 0.980235 0.136872 0 0.990589 0.136841 3.06779e-06 0.990593 0.130027 2.34488e-06 0.991511 0.130001 4.88874e-06 0.991514 0.123962 3.39114e-06 0.992287 0.118161 1.87995e-06 0.992995 0.1182 -1.98599e-06 0.99299 0.113162 -1.6404e-07 0.993577 -0.657864 -2.60349e-06 -0.753137 0.109336 5.81656e-06 0.994005 0.109338 6.05417e-06 0.994005 0.105827 1.13761e-05 0.994385 -0.667587 -3.1355e-06 -0.744532 0.105783 7.09608e-06 0.994389 0.102934 1.08905e-05 0.994688 0.113175 1.16226e-06 0.993575 0.123963 3.2102e-06 0.992287 0.197839 0 0.980235 0.418068 0 0.908416 0.520468 0 0.853881 0.615863 0 0.787854 0.615863 0 0.787854 0.702969 0 0.711221 0.780612 0 0.625016 0.847749 0 0.530398 0.903475 0 0.428641 0.977859 0 0.209266 0.995515 0 0.0946004 0.999772 0 -0.0213375 0.990573 0 -0.136989 0.96804 0 -0.250797 0.932477 0 -0.361229 0.884364 0 -0.466798 0.824347 0 -0.566085 0.753234 0 -0.657753 0.671983 0 -0.740566 0.581687 0 -0.813413 0.483562 0 -0.87531 0.378928 0 -0.925426 0.269193 0 -0.963086 0.155836 0 -0.987783 -0.0756183 0 -0.997137 -0.190598 0 -0.981668 -0.303014 0 -0.952986 -0.411351 0 -0.911477 -0.514151 0 -0.8577 -0.610031 0 -0.792377 0.957978 -0.0295032 -0.285321 0.957347 -0.0305518 -0.287322 0.956808 -0.0453799 -0.287156 0.958593 -0.0155762 -0.284354 0.958694 0.000759545 -0.28444 0.958708 0.000784101 -0.284393 0.955975 -0.0438255 -0.290157 0.958268 -0.0161306 -0.285415 -0.250985 0.00051599 -0.967991 -0.251024 2.80343e-05 -0.967981 -0.252041 0.000990941 -0.967716 -0.254066 -0.000990954 -0.967187 -0.257089 -0.00145436 -0.966387 -0.254065 0.00146429 -0.967186 -0.250985 -1.12997e-05 -0.967991 -0.252042 -0.000533465 -0.967716 -0.975997 0.0151722 0.217257 -0.976103 -0.000334946 0.217307 -0.975453 0.0293974 0.218239 -0.975754 0.0157113 0.218308 -0.973697 0.0457759 0.223199 -0.974462 0.0442094 0.220156 -0.976109 -0.000347213 0.217283 -0.974964 0.0304415 0.22027 -0.173962 -0.000704263 -0.984752 -0.174521 1.75944e-05 -0.984653 -0.17651 0.000961758 -0.984298 -0.180663 -0.00192983 -0.983543 -0.180094 -0.00121945 -0.983649 -0.0941702 -0.000917272 -0.995556 -0.0880344 0.000905105 -0.996117 -0.000879507 0.000894349 -0.999999 0.0803033 -0.000894861 -0.99677 0.166956 -0.000883657 -0.985964 0.0862829 0.00088344 -0.99627 0.252333 -0.000873223 -0.96764 0.335787 -0.000861823 -0.941938 0.419036 -0.00090456 -0.907969 0.42274 0.000993241 -0.90625 0.421835 2.60419e-05 -0.906673 0.421998 0.000369417 -0.906597 0.422307 0.000693312 -0.906452 0.416838 0.00149664 -0.90898 0.416681 0.00183387 -0.909051 0.341205 0.000849817 -0.939989 0.257979 0.000860797 -0.96615 0.172787 0.00087168 -0.984959 -0.00696092 -0.00090617 -0.999975 0.887559 -0.00819222 0.460621 0.887409 -0.000357267 0.460983 0.88748 -0.0156513 0.46058 0.887998 -0.0316555 0.458757 0.887683 -0.023566 0.459851 0.889233 -0.0413324 0.455584 0.888421 -0.0399178 0.45729 0.888652 -0.0327785 0.457409 0.885072 -0.0041282 0.465436 0.887813 -0.016207 0.459918 0.888178 -0.024403 0.45885 0.492552 -0.000567332 -0.870283 0.492552 -0.000135967 -0.870283 0.491843 0.000694787 -0.870684 0.490953 -0.000849203 -0.871186 0.488264 -0.00109238 -0.872695 0.488069 -0.00142703 -0.872804 0.492907 0.000174868 -0.870082 0.490952 0.00116903 -0.871186 -0.851724 0.016063 -0.523745 -0.851598 0.00455327 -0.524175 -0.852544 0.0236801 -0.522118 -0.853808 0.0390258 -0.519123 -0.850445 0.0339749 -0.524966 -0.852365 0.0313342 -0.522009 -0.849484 0.0191907 -0.527265 -0.851825 0.00471557 -0.523806 0.561363 0.000776444 -0.82757 0.562178 -0.000203778 -0.827016 0.55882 -0.000668717 -0.829289 0.558063 -0.00136889 -0.829798 0.5579 -0.00175254 -0.829907 0.558373 -0.00100933 -0.829589 0.631113 -0.000764346 -0.77569 0.634643 0.000669318 -0.772805 0.699088 -0.000674023 -0.715035 0.701911 0.000578191 -0.712265 0.76343 0.000486036 -0.645891 0.942419 -0.000202641 -0.334434 0.818696 0.000392349 -0.574227 0.942731 0.0001036 -0.333553 0.908715 0.000200935 -0.417417 0.908072 -0.000299523 -0.418814 0.867257 0.000297318 -0.497861 0.866188 -0.00039511 -0.499718 0.817116 -0.000489386 -0.576474 0.761261 -0.000582525 -0.648446 0.291158 -0.00230248 0.956672 0.290554 -0.00222357 0.956856 0.966881 -8.25191e-05 -0.255226 0.96696 -2.2178e-06 -0.254928 -0.218936 -6.61271e-05 -0.975739 -0.218954 -6.84435e-05 -0.975735 0.984616 3.20274e-06 -0.174735 0.984688 -0.000134043 -0.174324 0.996354 0.00013267 -0.0853206 0.996456 -0.000262458 -0.0841122 0.999977 -0.000388633 0.00679751 0.995221 -0.000512486 0.0976497 0.962309 0.000628503 0.271956 0.932026 -0.000870653 0.36239 0.933896 0.000746654 0.357544 0.895232 -0.00207076 0.445595 0.895343 -0.00159205 0.445375 0.895548 -0.00115438 0.444964 0.897972 -0.000421513 0.440052 0.897888 -4.18469e-05 0.440225 0.895833 -0.000752591 0.44439 0.897391 0.000885113 0.441235 0.961104 -0.000753365 0.276185 0.982227 -0.000634114 0.187694 0.982897 0.000508078 0.184156 0.995491 0.000385265 0.0948575 0.999988 0.000260163 0.00478838 -0.48029 0.00933804 0.87706 -0.480311 0.00119831 0.877098 -0.480625 0.0177839 0.876746 -0.481358 0.0184149 0.876331 -0.483681 0.0367132 0.874474 -0.485337 0.0462642 0.873102 -0.483523 0.044681 0.87419 -0.482234 0.0354558 0.875325 -0.48127 0.0264897 0.876172 -0.480264 0.00115783 0.877124 -0.482356 0.0274294 0.875546 -0.480679 0.00967217 0.876843 0.859218 5.35383e-05 0.51161 0.859189 0.000354393 0.511658 0.858952 -0.000349151 0.512057 0.858499 -0.000687625 0.512814 0.858499 0.000934374 0.512814 0.855795 -0.0016997 0.517312 0.856927 0.00156255 0.515436 0.856927 -0.00137506 0.515436 0.857826 -0.0010334 0.513939 0.858951 0.000643082 0.512057 0.859189 -3.19019e-05 0.511658 0.857826 0.00123569 0.513939 0.542309 -0.0103203 -0.840116 0.542645 -0.0195169 -0.839736 0.543298 -0.0288289 -0.839045 0.544429 -0.0298541 -0.838275 0.545761 -0.0396161 -0.837004 0.547412 -0.0494963 -0.835399 0.545565 -0.047804 -0.836704 0.544273 -0.0382601 -0.838035 0.543414 -0.0202102 -0.839222 0.542337 -0.00128712 -0.84016 0.542289 -0.00124386 -0.840191 0.542718 -0.0106872 -0.839847 0.690074 -0.000138747 0.723739 0.645134 0.000135675 0.76407 0.59734 0.000265848 0.801988 0.594838 -0.000398782 0.803845 0.543667 -0.000520591 0.839301 0.49527 0.000509171 0.868739 0.435211 -0.000746712 0.900328 0.385834 0.000730009 0.922568 0.326923 0.000896805 0.94505 0.320013 -0.00215467 0.947411 0.320251 -0.00171656 0.947331 0.32187 -0.000768463 0.946783 0.329358 -0.000658534 0.944205 0.328858 3.26674e-06 0.94438 0.329058 -0.000374352 0.94431 0.320823 -0.00120816 0.947138 0.378345 -0.000851476 0.925664 0.441373 0.000622312 0.897324 0.690526 0 0.723308 0.643704 -0.000271698 0.765275 0.547324 0.00039054 0.83692 0.490389 -0.000636597 0.871503 -0.954026 0.0120617 0.29948 -0.953907 0.0116474 0.299877 -0.953972 -1.91227e-05 0.299897 -0.954168 0.030916 0.297669 -0.953891 0.0207186 0.299439 -0.953758 0.0614367 0.29423 -0.954328 0.0716015 0.290055 -0.952682 0.0644463 0.297057 -0.95451 0.046947 0.29446 -0.953971 -2.00814e-05 0.299898 -0.953641 0.0453654 0.297508 -0.952527 0.0249312 0.303432 0.266805 0.000398749 0.963751 0.266407 0.000838813 0.96386 0.264688 0.00149784 0.964333 0.264877 -0.000663505 0.964282 0.257101 -0.00212203 0.966382 0.261564 0.00207871 0.965184 0.261564 -0.00150341 0.965185 0.264687 -0.00103864 0.964334 0.266407 -0.000397828 0.963861 0.266805 -1.12861e-05 0.963751 0.26681 -1.03728e-06 0.963749 0.6831 0 0.730325 0.621414 0 0.783482 0.555609 0 0.831443 0.486119 0 0.873893 0.413407 0 0.910546 0.337953 0 0.941163 0.180838 0 0.983513 0.260257 0 0.965539 0.180838 0 0.983513 0.136872 0 0.990589 0.130027 2.34474e-06 0.991511 0.130001 4.88878e-06 0.991514 0.123963 3.21051e-06 0.992287 0.123962 3.39114e-06 0.992287 0.118161 1.87995e-06 0.992995 0.1182 -1.9853e-06 0.99299 0.113175 1.16201e-06 0.993575 0.113162 -1.63837e-07 0.993577 0.109336 5.81711e-06 0.994005 0.105827 1.13761e-05 0.994385 0.105783 7.09608e-06 0.994389 0.102934 1.08905e-05 0.994688 0.109338 6.05483e-06 0.994005 0.136841 3.06741e-06 0.990593 0.260257 0 0.965539 0.337953 0 0.941163 0.413407 0 0.910546 0.6831 0 0.730325 0.621414 0 0.783482 0.555609 0 0.831443 0.486119 0 0.873893 0.25124 0.003284 0.967919 0.251077 0.00308511 0.967962 0.251163 0.00313229 0.96794 0.251886 0.00313886 0.967752 0.25398 0.00261802 0.967206 0.256665 0.00201101 0.966498 0.259328 0.00150531 0.965788 0.262572 0.000975658 0.964912 0.247718 0.00428255 0.968823 0.24404 0.00190737 0.969763 0.238602 0.00254859 0.971114 0.22338 -0.000895698 0.974731 0.225835 0.000639146 0.974165 0.212638 -0.00040696 0.977131 0.219959 0.00104849 0.975509 0.214464 0.000339354 0.976732 0.209233 8.05304e-06 0.977866 0.202964 -1.06214e-05 0.979186 0.204892 0.000671018 0.978784 0.203361 0.000391288 0.979104 0.202225 0.000253445 0.979339 0.20178 0.000168147 0.979431 0.207076 0.00118119 0.978324 0.232746 0.00151643 0.972537 0.853623 0.00743063 0.520838 0.862952 0.00107162 0.505285 0.837433 -0.000499231 0.54654 0.8368 -0.000844888 0.547508 0.849685 0.00375651 0.527278 -0.488158 0.070021 0.869942 -0.493047 0.0725144 0.866975 0.984019 0.076728 0.160685 0.956902 0.24479 0.156255 0.966387 0.164076 0.197926 0.980001 -0.00170525 0.198987 0.974574 0.000588397 0.224067 0.965673 0.0441917 0.255974 0.964745 0.0496985 0.258452 0.961095 0.0157512 0.27577 0.954845 -0.00116277 0.297101 0.946871 0.000968779 0.321611 0.934978 0.0276046 0.35363 0.928762 0.00882163 0.370571 0.919945 -0.000991694 0.392046 0.909565 0.000994031 0.415561 0.897294 0.0148211 0.441185 0.87555 -0.000750293 0.483127 0.886837 0.00574447 0.462046 0.895261 0.0185042 0.445157 0.93671 0.0221268 0.349406 0.971708 0.161791 0.172067 -0.221663 -0.00379409 -0.975116 -0.224012 -0.00187148 -0.974585 -0.222909 -0.00679612 -0.974815 -0.225498 -0.0049351 -0.974231 -0.226521 -0.00417331 -0.973997 -0.226211 -0.00154856 -0.974077 -0.227332 -0.00354842 -0.973811 -0.228098 -0.00304452 -0.973633 -0.228881 -0.00265347 -0.973451 -0.229739 -0.00235464 -0.973249 -0.230604 -0.0019541 -0.973046 -0.23139 -0.0014024 -0.97286 -0.232145 -0.000875666 -0.972681 -0.232876 -0.000374478 -0.972506 -0.233138 0.00119239 -0.972443 -0.234568 -0.000286918 -0.9721 -0.234739 0.00116221 -0.972058 -0.234212 0.00382328 -0.972178 -0.233079 0.00613334 -0.972438 -0.234349 0.00502538 -0.972139 -0.235623 0.00423754 -0.971835 -0.237624 0.00360889 -0.971351 -0.233502 0.0106356 -0.972298 -0.234544 0.0106681 -0.972047 -0.236835 0.00854665 -0.971512 -0.238706 0.00706396 -0.971066 -0.238037 0.00841083 -0.97122 -0.233299 0.0139748 -0.972305 -0.236198 0.0120619 -0.97163 -0.239032 0.0101029 -0.970959 -0.242374 0.00792626 -0.97015 -0.236579 0.0104138 -0.971556 -0.238288 0.0103261 -0.97114 -0.24153 0.00815144 -0.970359 -0.235547 0.0122793 -0.971785 -0.23386 0.0137684 -0.972173 -0.234297 0.0130384 -0.972078 -0.233715 0.0132729 -0.972215 -0.235849 0.0107345 -0.971731 -0.23713 0.00884266 -0.971438 -0.237595 0.00763488 -0.971334 -0.235727 0.0091598 -0.971776 -0.233569 0.0112463 -0.972275 -0.234474 0.0100189 -0.972071 -0.23641 0.00642921 -0.971632 -0.235321 0.00716872 -0.971891 -0.236263 0.00459559 -0.971678 -0.236749 0.00379149 -0.971563 -0.2352 0.00498791 -0.971934 -0.234109 0.00548118 -0.972195 -0.233022 0.00492465 -0.972459 -0.233396 0.00247726 -0.972379 -0.233793 -0.000472565 -0.972286 -0.232332 0.0011237 -0.972636 -0.231418 0.00130709 -0.972853 -0.230694 0.000894452 -0.973026 -0.229945 0.000463163 -0.973204 -0.229165 1.39034e-05 -0.973388 -0.228409 -0.000421662 -0.973565 -0.227698 -0.000816173 -0.973732 -0.226981 -0.00118765 -0.973898 -0.225209 -0.00166155 -0.974309 -0.224242 -0.00582045 -0.974516 -0.222789 -0.00259019 -0.974863 0.58959 -0.789095 -0.172373 0.568422 -0.805659 -0.166765 0.589513 -0.789163 -0.172329 0.610211 -0.772044 -0.177735 0.630693 -0.754124 -0.183095 0.650629 -0.735705 -0.188203 0.670151 -0.716646 -0.193176 0.689002 -0.697215 -0.197906 0.669991 -0.71682 -0.193084 0.707761 -0.676744 -0.20271 0.725795 -0.65595 -0.207247 0.725354 -0.656521 -0.206983 0.758993 -0.614431 -0.215418 0.743196 -0.63482 -0.211337 0.774992 -0.592703 -0.219296 0.775955 -0.591461 -0.219242 0.791459 -0.56911 -0.222949 0.805295 -0.547867 -0.226587 0.819718 -0.524563 -0.22999 0.820974 -0.522643 -0.229882 0.834909 -0.498595 -0.233087 0.846896 -0.476404 -0.236234 0.859449 -0.451898 -0.239029 0.860648 -0.449698 -0.238868 0.872431 -0.424924 -0.241461 0.883543 -0.399865 -0.243843 0.89265 -0.377536 -0.246258 0.90239 -0.352219 -0.248261 0.903747 -0.348935 -0.247964 0.912896 -0.322882 -0.249736 0.919999 -0.300409 -0.251706 0.927822 -0.273986 -0.253138 0.96052 -0.107536 -0.256589 0.958278 -0.116003 -0.26124 0.955716 -0.0847853 -0.281812 0.968326 -0.080071 -0.236501 0.957751 -0.131392 -0.25583 0.95976 -0.112474 -0.257315 0.95707 -0.134898 -0.256552 0.95618 -0.13982 -0.257236 0.952894 -0.16221 -0.256285 0.951904 -0.166964 -0.256908 0.947998 -0.189432 -0.255763 0.946942 -0.193913 -0.256316 0.942399 -0.216496 -0.254979 0.941285 -0.220721 -0.255471 0.936104 -0.243349 -0.253952 0.93492 -0.247401 -0.254398 0.929118 -0.269954 -0.252716 0.921387 -0.296458 -0.251312 0.911516 -0.326495 -0.250079 0.89397 -0.374567 -0.246002 0.882309 -0.402451 -0.244056 0.871258 -0.427224 -0.24164 0.848168 -0.47421 -0.236084 0.833619 -0.500688 -0.233218 0.806487 -0.546147 -0.226499 0.790388 -0.57057 -0.223017 0.759904 -0.613319 -0.215374 0.742419 -0.635718 -0.211369 0.707515 -0.677045 -0.202564 0.689188 -0.697001 -0.198014 0.650415 -0.735926 -0.18808 0.630453 -0.754358 -0.182958 0.610366 -0.771902 -0.177822 0.554312 -0.816191 -0.163006 0.554524 -0.81603 -0.16309 0.545537 -0.822538 -0.160686 0.54573 -0.822395 -0.160764 0.537431 -0.828272 -0.158535 0.537614 -0.828139 -0.158609 0.532314 -0.831825 -0.157192 0.532117 -0.831964 -0.157125 0.529006 -0.8341 -0.156297 0.52514 -0.836732 -0.155265 0.525391 -0.836556 -0.155366 0.520471 -0.839873 -0.154027 0.52072 -0.839699 -0.154128 0.512551 -0.845111 -0.151916 0.516139 -0.842751 -0.152875 0.516364 -0.842597 -0.152966 0.568418 -0.805662 -0.166762 0.529237 -0.833939 -0.156375 0.292244 -0.00607145 0.956325 0.292342 -0.00583525 0.956296 0.292386 -0.00575533 0.956283 0.29245 -0.00570383 0.956264 0.292419 -0.00605524 0.956271 0.292483 -0.00676241 0.956247 0.292784 -0.00749921 0.956149 0.293392 -0.00775861 0.955961 0.29441 -0.00615662 0.955659 0.294879 -0.0063832 0.955513 0.294894 -0.00740387 0.955501 0.294654 -0.00889729 0.955563 0.294488 -0.0098934 0.955604 0.294479 -0.010421 0.955601 0.294568 -0.0101805 0.955576 0.29499 -0.00959239 0.955452 0.294838 -0.0103009 0.955492 0.295045 -0.0101001 0.95543 0.29414 -0.0121597 0.955685 0.293544 -0.0134374 0.955851 0.293754 -0.0131853 0.95579 0.29407 -0.012813 0.955698 0.292834 -0.0145683 0.956052 0.29108 -0.0168372 0.956551 0.292234 -0.0152016 0.956226 0.292994 -0.014052 0.956011 0.292015 -0.0148924 0.956298 0.287821 -0.0184465 0.957506 0.290306 -0.016362 0.956794 0.287989 -0.0170655 0.957482 0.286993 -0.0173699 0.957775 0.288734 -0.0172378 0.957254 0.288783 -0.0168243 0.957247 0.287919 -0.0171206 0.957502 0.287997 -0.0174877 0.957472 0.287079 -0.0187239 0.957724 0.287839 -0.0184292 0.957501 0.288539 -0.0181432 0.957296 0.29087 -0.0161119 0.956627 0.292418 -0.0146994 0.956178 0.292059 -0.0152982 0.956278 0.293195 -0.0139489 0.955951 0.2908 -0.0170019 0.956633 0.291108 -0.0167997 0.956543 0.291372 -0.0166337 0.956465 0.292962 -0.0144827 0.956015 0.294026 -0.0128448 0.955711 0.293818 -0.0130736 0.955772 0.293942 -0.0129792 0.955735 0.293624 -0.0132904 0.955829 0.293462 -0.0135081 0.955875 0.294038 -0.0122524 0.955715 0.295272 -0.00930141 0.955368 0.294898 -0.00981996 0.955478 0.294201 -0.0107425 0.955683 0.294267 -0.010164 0.955669 0.294392 -0.00923897 0.95564 0.2945 -0.00795112 0.955619 0.294129 -0.00749052 0.955736 0.293721 -0.0059241 0.955873 0.293043 -0.00575472 0.956082 0.29261 -0.00568656 0.956215 0.292381 -0.00584875 0.956284 0.292341 -0.0058571 0.956296 0.523496 -0.0018191 -0.852026 0.524233 -0.000673843 -0.851575 0.573566 0.00120448 -0.819159 0.554076 0.0123194 -0.832375 0.620086 0.00984955 -0.784472 0.625744 0.0178275 -0.779825 0.645449 0.000603421 -0.763803 0.687162 0.0172975 -0.726299 0.692247 0.0330251 -0.720905 0.711829 0.000494337 -0.702353 0.547097 0.0065002 -0.837044 0.746257 0.0434866 -0.664236 0.746115 0.143806 -0.650102 0.733218 -0.00254826 -0.679989 0.668707 -0.00220199 -0.743523 0.598694 -0.00143942 -0.800977 -0.854629 0.0613204 -0.515605 -0.851779 0.123095 -0.509235 -0.854086 0.118896 -0.50636 -0.8568 0.0592258 -0.512236 0.484979 0.00610347 -0.874505 0.458233 -0.000807818 -0.888832 0.458232 -0.000808925 -0.888832 0.458749 -0.000540186 -0.888565 0.48016 0.00377037 -0.877173 0.500877 0.00141292 -0.865517 0.501525 0.000918415 -0.865143 0.889777 -0.0645541 0.451808 0.890821 -0.0752767 0.448076 0.891982 -0.0727127 0.446184 0.89361 -0.0554 0.445412 0.892892 -0.0570505 0.446643 0.891616 -0.0623496 0.448478 -0.97146 0.0691613 0.226895 -0.970129 0.0779414 0.229726 -0.968368 0.0896913 0.232849 -0.966203 0.0928488 0.240481 -0.969116 0.0806919 0.23303 -0.970592 0.0716043 0.229836 -0.261075 0.00229753 -0.965316 -0.267136 -0.00214379 -0.963656 -0.292329 0.000635018 -0.956318 -0.296494 0.000248512 -0.955035 -0.301223 1.57645e-05 -0.953554 -0.301377 0.00106562 -0.953505 -0.303338 0.000619948 -0.952883 -0.30476 0.000379147 -0.952429 -0.305124 0.000293121 -0.952313 -0.305266 -1.74787e-05 -0.952267 -0.298986 9.23247e-05 -0.954257 -0.286161 0.0016034 -0.95818 -0.268183 0.00322109 -0.963363 -0.295297 -0.000460943 -0.955406 -0.280302 0.00112734 -0.959911 -0.273804 0.0021095 -0.961783 -0.263516 0.00391212 -0.964647 -0.258177 0.00270222 -0.966094 -0.248354 0.000992163 -0.968669 -0.254105 0.00194992 -0.967175 -0.255653 0.00442114 -0.966758 -0.253108 0.00330964 -0.967432 -0.253676 0.00358212 -0.967283 -0.264389 0.00415133 -0.964407 -0.26105 0.00233552 -0.965322 0.953159 -0.0726429 -0.293618 0.950985 -0.08538 -0.297218 0.949776 -0.0824729 -0.301867 0.947267 -0.0927577 -0.306727 0.948619 -0.0960216 -0.301499 0.952117 -0.0701649 -0.297573 0.451354 -0.089508 -0.887844 0.445795 -0.0857963 -0.891014 0.448209 -0.112934 -0.886766 0.4414 -0.0801901 -0.89372 0.471079 -0.0955046 -0.876906 0.464651 -0.0929083 -0.880607 0.4698 -0.120501 -0.87451 0.45542 -0.115156 -0.882798 0.492357 -0.0993986 -0.864699 0.485023 -0.0986243 -0.868922 0.493126 -0.125804 -0.860814 0.501313 -0.126848 -0.855918 0.507413 -0.100271 -0.855849 0.515168 -0.100153 -0.851217 0.518211 -0.127772 -0.845654 0.553478 -0.127917 -0.822982 0.54711 -0.0989098 -0.831196 0.544631 -0.126505 -0.82908 0.539127 -0.097878 -0.836518 0.535835 -0.126186 -0.83484 0.531174 -0.0979191 -0.841586 0.526994 -0.126991 -0.840328 0.523153 -0.0990435 -0.846464 0.50968 -0.127513 -0.850863 0.499805 -0.100009 -0.860345 0.485083 -0.124586 -0.865548 0.477884 -0.0974233 -0.873004 0.462738 -0.117342 -0.878695 0.457965 -0.0912173 -0.884278 0.442121 -0.108585 -0.890359 0.477264 -0.122931 -0.870119 0.437276 -0.102216 -0.8935 -0.0906343 0.115992 -0.989106 -0.0821646 0.119741 -0.989399 -0.0197479 0.15786 -0.987264 0.085671 0.224895 -0.97061 0.112155 0.234995 -0.965504 0.239447 0.306147 -0.921379 0.300954 0.340552 -0.890759 0.428593 0.403906 -0.808188 0.57284 0.463845 -0.675798 0.692512 0.503396 -0.516739 0.706142 0.503426 -0.497922 0.791836 0.518091 -0.323384 0.805077 0.523279 -0.27934 0.846981 0.515938 -0.128181 0.854088 0.515662 -0.0680238 0.864219 0.501583 0.0392521 0.862127 0.484463 0.148433 0.840149 0.449553 0.3034 0.418751 0.0839312 0.904214 0.425971 0.0876007 0.900486 0.467429 0.120679 0.875755 0.480551 0.127358 0.86767 0.56491 0.197082 0.801271 0.587234 0.208654 0.782061 0.653489 0.267056 0.708261 0.676739 0.283516 0.679443 0.71205 0.317239 0.626374 0.733311 0.332987 0.592769 0.78113 0.384226 0.492145 0.799756 0.394124 0.452831 0.850619 0.454833 0.26377 0.866762 0.493795 0.0699241 0.834829 0.522241 -0.174139 0.765739 0.519008 -0.379835 0.595988 0.467215 -0.653077 0.458777 0.411286 -0.787634 0.332244 0.353614 -0.874398 0.208986 0.292419 -0.933175 -0.034696 0.151579 -0.987836 -0.774239 0.0546184 -0.630533 -0.778932 0.0885665 -0.620823 -0.774631 0.0835634 -0.626868 -0.786208 0.0670816 -0.614311 -0.790743 0.0703402 -0.608094 -0.788438 0.0971331 -0.607396 -0.793611 0.100622 -0.600047 -0.777941 0.0591872 -0.625544 -0.804699 0.105805 -0.584179 -0.805735 0.0769265 -0.587259 -0.811208 0.0775578 -0.579592 -0.810659 0.107114 -0.575638 -0.800527 0.0752918 -0.594548 -0.816679 0.108341 -0.566831 -0.822031 0.0801704 -0.563771 -0.860185 0.00247527 -0.509976 -0.854071 0.032095 -0.519165 -0.853924 0.0353756 -0.519194 -0.846166 0.0655403 -0.528874 -0.844934 0.0785646 -0.52907 -0.835113 0.109254 -0.539119 -0.837775 0.0897206 -0.538594 -0.827284 0.119235 -0.548984 -0.832924 0.0832166 -0.547095 -0.822397 0.111243 -0.557932 -0.827535 0.0813062 -0.555496 -0.799038 0.103528 -0.5923 -0.795523 0.0730822 -0.6015 -0.783538 0.0931096 -0.614328 -0.781935 0.0633537 -0.620132 -0.810877 0.106129 -0.575513 -0.770653 0.0781256 -0.632447 -0.687245 0.23057 -0.688863 -0.668143 0.253544 -0.6995 -0.62682 0.306404 -0.716389 -0.560517 0.391353 -0.729839 -0.457697 0.49234 -0.740347 -0.386815 0.547571 -0.741984 -0.253334 0.648549 -0.717778 -0.229498 0.659454 -0.715857 -0.0980303 0.729373 -0.677056 0.0523239 0.788067 -0.613362 0.199315 0.823567 -0.531046 0.320746 0.831725 -0.453161 0.348438 0.83493 -0.426008 0.464515 0.819585 -0.335419 0.534152 0.804016 -0.261229 0.590232 0.78047 -0.206138 0.62907 0.76304 -0.148461 0.714809 0.698386 -0.0361314 0.73553 0.677448 -0.00769647 0.864567 0.112577 0.489745 0.861976 0.104117 0.496142 0.872953 0.187415 0.450365 0.873828 0.19146 0.446954 0.876237 0.296399 0.379942 0.876309 0.312102 0.36698 0.867252 0.390241 0.309169 0.862963 0.419764 0.281235 0.846005 0.481863 0.228217 0.830334 0.528443 0.1769 0.810687 0.569485 0.135913 0.78575 0.613459 0.0791522 0.764582 0.642971 0.0447451 0.67968 0.727987 -0.0898297 0.459036 0.821066 -0.339319 0.18313 0.818567 -0.544437 0.0496499 0.786778 -0.615237 -0.0887284 0.735524 -0.671664 -0.373 0.560801 -0.739171 -0.531198 0.416617 -0.737739 -0.649342 0.282291 -0.706163 0.877766 -0.122778 0.463091 0.879227 -0.111801 0.463099 0.866893 -0.122139 0.483299 0.862489 -0.0860336 0.49871 0.852517 -0.086373 0.515514 0.845715 -0.117727 0.520487 0.835916 -0.112622 0.537179 0.834424 -0.0791216 0.545414 0.819492 -0.0638817 0.569519 0.819377 -0.094499 0.565413 0.826438 -0.0725913 0.558329 0.82708 -0.104779 0.552231 0.843297 -0.0832067 0.530968 0.855903 -0.121913 0.50256 0.872351 -0.0859939 0.481257 0.884909 -0.149684 0.441057 0 -1 0 0 -1 0 0 -1 0 0 -1 0 0 -1 0 0 -1 0 0 -1 0 0 -1 0 0 -1 0 0 -1 0 0 -1 0 0 -1 0 0 -1 0 0 -1 0 0 -1 0 0 -1 0 0 -1 0 0 -1 0 0 -1 0 0 -1 0 0 -1 0 0 -1 0 0 -1 0 0 -1 0 0 -1 0 0 -1 0 0 -1 0 0 -1 0 0 -1 0 0 -1 0 0 -1 0 0 -1 0 0 -1 0 0 -1 0 0 -1 0 0 -1 0 0 -1 0 0 -1 0 0 -1 0 0 -1 0 0 -1 0 0 -1 0 0 -1 0 0 -1 0 0 -1 0 0 -1 0 0 -1 0 0 -1 0 0 -1 0 0 -1 0 0 -1 0 0 -1 0 0 -1 0 0 -1 0 0 -1 0 0 -1 0 0 -1 0 0 -1 0 0 -1 0 0 -1 0 0 -1 0 0 -1 0 0 -1 0 0 -1 0 0 -1 0 0 -1 0 0 -1 0 0 -1 0 0 -1 0 0 -1 0 0 -1 0 0 -1 0 0 -1 0 0 -1 0 0 -1 0 0 -1 0 0 -1 0 0 -1 0 0 -1 0 0 -1 0 0 -1 0 0 -1 0 0 -1 0 0 -1 0 0 -1 0 0 -1 0 0 -1 0 0 -1 0 0 -1 0 0 -1 0 0 -1 0 0 -1 0 0 -1 0 0 -1 0 0 -1 0 0 -1 0 0 -1 0 0 -1 0 0 -1 0 0 -1 0 0 -1 0 0 -1 0 0 -1 0 0 -1 0 0 -1 0 0 -1 0 0 -1 0 0 -1 0 0 -1 0 0 -1 0 0 -1 0 0 -1 0 0 -1 0 0 -1 0 0 -1 0 0 -1 0 0 -1 0 0 -1 0 0 -1 0 0 -1 0 0 -1 0 0 -1 0 0 -1 0 0 -1 0 0 -1 0 0 -1 0 0 -1 0 0 -1 0 0 -1 0 0 -1 0 0 -1 0 0 -1 0 0 -1 0 0 -1 0 0 -1 0 0 -1 0 0 -1 0 0 -1 0 0 -1 0 0.523002 0.0841633 -0.848166 0.519064 0.0785552 -0.851118 0.558456 0.166807 -0.81259 0.596833 0.268273 -0.756188 0.606959 0.290612 -0.739693 0.629615 0.366719 -0.684911 0.656798 0.473736 -0.586678 0.666958 0.512604 -0.540745 0.675964 0.598093 -0.430531 0.674291 0.660385 -0.330489 0.66493 0.709643 -0.232969 0.640728 0.762464 -0.0900921 0.599948 0.799059 0.0395907 0.53304 0.817276 0.218924 0.449226 0.806696 0.383977 0.357224 0.773003 0.524268 0.358599 0.774181 0.521584 0.250933 0.719572 0.647494 0.160652 0.655329 0.738062 -0.269891 0.238495 0.932887 -0.249818 0.258342 0.933194 -0.228726 0.287292 0.930133 -0.204064 0.310152 0.928528 -0.138934 0.391468 0.909643 -0.106222 0.418091 0.902173 -0.0434787 0.487065 0.872283 0.0270394 0.545968 0.83737 0.0330139 0.55296 0.832553 0.132082 0.640701 0.756344 0.268643 0.725992 0.633061 0.444582 0.803813 0.395263 0.523476 0.814589 0.249836 0.589962 0.802611 0.0880969 0.64253 0.760343 -0.0950481 0.656816 0.729443 -0.191068 0.668981 0.685664 -0.286931 0.674174 0.630939 -0.383934 0.67089 0.56209 -0.483695 0.642265 0.400849 -0.653311 0.554961 0.161515 -0.816046 -0.482111 0.11233 0.868879 -0.484109 0.0869943 0.870672 -0.473073 0.1129 0.873759 -0.467719 0.0877307 0.879513 -0.459476 0.0894855 0.883671 -0.455047 0.115362 0.882963 -0.446415 0.114984 0.887408 -0.443487 0.0906869 0.891681 -0.421583 0.112039 0.899842 -0.429588 0.11362 0.895849 -0.420864 0.0889037 0.902757 -0.413872 0.109921 0.903674 -0.406196 0.108023 0.907379 -0.43793 0.114393 0.891702 -0.399798 0.0845189 0.912698 -0.398529 0.106349 0.910969 -0.375088 0.0741721 0.924017 -0.371572 0.0939365 0.92364 -0.38178 0.0755094 0.921164 -0.378804 0.0957118 0.920515 -0.387901 0.0779954 0.918395 -0.385469 0.0987168 0.917425 -0.39356 0.0816966 0.915662 -0.391684 0.103012 0.914315 -0.406816 0.085764 0.909476 -0.413829 0.0872273 0.906166 -0.428161 0.0900567 0.899204 -0.435762 0.0904575 0.895505 -0.451336 0.0907145 0.887731 -0.463995 0.114407 0.878419 -0.4759 0.0869078 0.875195 -0.491201 0.112671 0.863729 -0.816564 0 -0.577255 -0.874258 0 -0.485461 -0.874258 0 -0.485461 -0.921676 0 -0.38796 -0.95826 0 -0.285899 -0.983579 0 -0.180478 -0.983579 0 -0.180478 -0.999371 0 0.0354661 -0.999371 0 0.0354661 -0.997337 0 -0.0729344 -0.997337 0 -0.0729344 -0.95826 0 -0.285899 -0.749271 0 -0.662264 -0.816564 0 -0.577255 -0.749271 0 -0.662264 -0.921676 0 -0.38796 -0.995979 0 0.0895896 -0.995979 0 0.0895896 -0.984434 0 0.175756 -0.984434 0 0.175756 -0.939167 0 0.343462 -0.939167 0 0.343462 -0.765836 0 0.643035 -0.765836 0 0.643035 -0.86556 0 0.500805 -0.86556 0 0.500805 -0.64004 0 -0.768342 -0.64004 0 -0.768342 -0.477845 0 -0.878444 -0.477845 0 -0.878444 -0.297288 0 -0.954788 -0.297288 0 -0.954788 -0.105305 0 -0.99444 -0.105305 0 -0.99444 0.0907235 0 -0.995876 0.0907235 0 -0.995876 0.283267 0 -0.959041 0.283267 0 -0.959041 0.464923 0 -0.885351 0.464923 0 -0.885351 0.628713 0 -0.777637 0.878444 0 -0.477845 0.954788 0 -0.297288 0.777637 0 0.628713 0.777637 0 0.628713 0.885351 0 0.464923 0.885351 0 0.464923 0.959041 0 0.283267 0.959041 0 0.283267 0.995876 0 0.0907235 0.995876 0 0.0907235 0.99444 0 -0.105305 0.99444 0 -0.105305 0.954788 0 -0.297288 0.878444 0 -0.477845 0.768342 0 -0.64004 0.768342 0 -0.64004 0.628713 0 -0.777637 0.835517 0 0.549465 0.835517 0 0.549465 0.982188 0 0.1879 0.982188 0 0.1879 0.97933 0 -0.202271 0.97933 0 -0.202271 0.827377 0 -0.561647 -0.561645 0 -0.827378 -0.561645 0 -0.827378 -0.202271 0 -0.97933 -0.202271 0 -0.97933 0.187899 0 -0.982188 0.187899 0 -0.982188 0.549465 0 -0.835517 0.549465 0 -0.835517 0.827377 0 -0.561647 0.835518 0 0.549463 0.835518 0 0.549463 0.982188 0 0.187899 0.982188 0 0.187899 0.97933 0 -0.202269 0.97933 0 -0.202269 0.827377 0 -0.561647 -0.561647 0 -0.827377 -0.561647 0 -0.827377 -0.20227 0 -0.97933 -0.20227 0 -0.97933 0.187901 0 -0.982188 0.187901 0 -0.982188 0.549463 0 -0.835518 0.549463 0 -0.835518 0.827377 0 -0.561647 -0.56004 0 0.828466 -0.451775 0 0.892132 -0.451775 0 0.892132 -0.336383 0 0.941725 -0.215685 0 0.976463 -0.0915843 0 0.995797 -0.0915843 0 0.995797 -0.65947 0 0.751731 0.15897 0 0.987283 0.15897 0 0.987283 0.0339614 0 0.999423 0.0339614 0 0.999423 -0.215685 0 0.976463 -0.336383 0 0.941725 -0.65947 0 0.751731 -0.56004 0 0.828466 -0.674081 0 -0.738657 -0.78891 0 -0.614509 -0.881178 0 -0.472785 -0.881178 0 -0.472785 -0.948244 0 -0.317541 -0.988193 0 -0.153216 -0.99988 0 0.0154912 -0.99988 0 0.0154912 -0.982972 0 0.183755 -0.937952 0 0.346764 -0.866109 0 0.499856 -0.866109 0 0.499856 -0.769495 0 0.638653 -0.650875 0 0.759185 -0.513641 0 0.858005 -0.513641 0 0.858005 0.137396 0 0.990516 0.137396 0 0.990516 -0.031477 0 0.999505 -0.031477 0 0.999505 -0.199449 0 0.979908 -0.199449 0 0.979908 -0.361717 0 0.932288 -0.361717 0 0.932288 -0.650875 0 0.759185 -0.769495 0 0.638653 -0.937952 0 0.346764 -0.982972 0 0.183755 -0.988193 0 -0.153216 -0.948244 0 -0.317541 -0.674081 0 -0.738657 -0.78891 0 -0.614509 0.935104 0.187857 -0.300482 0.936136 0.179142 -0.302586 0.946526 0.102921 -0.305772 0.864914 0.418513 -0.277074 0.869822 0.406267 -0.279923 0.905991 0.307512 -0.290889 0.801487 0.541184 -0.254438 0.589974 0.786039 -0.184588 0.668014 0.713724 -0.210605 0.4663 0.872659 -0.145019 0.747254 0.620479 -0.237944 0.0906302 0.995545 -0.0260086 0.0939999 0.995186 -0.0277346 -0.0923269 0.995397 0.0256858 -0.25335 0.964752 0.0711893 -0.412587 0.903857 0.113201 0.285358 0.95451 -0.0864943 -0.584671 0.796836 0.15236 -0.42937 0.895879 0.1142 -0.6803 0.710843 0.17859 -0.92748 0.294098 0.230843 -0.923943 0.304122 0.232032 -0.906528 0.355627 0.227459 -0.900831 0.368994 0.228796 -0.848071 0.484487 0.214587 -0.836082 0.504336 0.215896 -0.770006 0.606582 0.197863 -0.753713 0.627284 0.196042 -0.698883 0.691946 0.181035 -0.565102 0.810951 0.151714 -0.265282 0.961472 0.0720946 -0.0882474 0.995776 0.0253346 0.273123 0.958644 -0.0800407 0.447567 0.884058 -0.134634 0.571833 0.801125 -0.176652 0.651153 0.731301 -0.202974 0.727772 0.646583 -0.228644 0.816991 0.513462 -0.262455 0.908131 0.299701 -0.292365 0.946656 0.0994108 -0.30653 0.765707 -0.515963 0.384024 0.763091 -0.521441 0.381827 0.761118 -0.525854 0.379705 0.756263 -0.536093 0.375062 0.7559 -0.536964 0.374547 0.752607 -0.54411 0.370846 0.754685 -0.539783 0.372941 0.74972 -0.549815 0.368271 0.748408 -0.552389 0.367085 0.747271 -0.554434 0.366317 0.749713 -0.549828 0.368266 0.753317 -0.542394 0.371917 0.751444 -0.546226 0.370093 0.757694 -0.533327 0.376115 0.759224 -0.529756 0.37807 0.766953 -0.513039 0.385453 0.772806 -0.500478 0.390246 0.773705 -0.4987 0.39074 0.780294 -0.482204 0.398272 0.78634 -0.469212 0.401884 0.791638 -0.454295 0.408565 0.802169 -0.425784 0.418608 0.808611 -0.408667 0.423249 0.818239 -0.377549 0.433523 0.820608 -0.367186 0.437923 0.828515 -0.336939 0.447253 0.834387 -0.31353 0.453318 0.840865 -0.280603 0.462825 0.841463 -0.2751 0.465037 0.846462 -0.243673 0.473418 0.85035 -0.214201 0.480649 0.85334 -0.181019 0.48892 0.855264 -0.149332 0.496209 0.853859 -0.0469653 0.518382 0.839107 -0.0182671 0.54366 0.864964 -0.0159204 0.501582 0.856605 -0.0608156 0.512376 0.856036 -0.0697369 0.512191 0.854932 -0.053755 0.515948 0.856062 -0.085793 0.509703 0.855468 -0.0808271 0.51151 0.856173 -0.117643 0.503118 0.855902 -0.114333 0.504341 0.855191 -0.147695 0.496824 0.853339 -0.180904 0.488964 0.850408 -0.212336 0.481373 0.846209 -0.247318 0.47198 0.835462 -0.306272 0.456291 0.760568 -0.526934 0.37931 0.811812 -0.396811 0.428372 0.826847 -0.345808 0.443554 0.797988 -0.439181 0.412716 0.507982 -0.466114 -0.724356 0.506488 -0.479948 -0.716325 0.505358 -0.489927 -0.710342 0.505509 -0.489167 -0.710758 0.504699 -0.494426 -0.707688 0.50391 -0.501455 -0.70329 0.503736 -0.503382 -0.702038 0.502881 -0.510965 -0.697156 0.503627 -0.507249 -0.699327 0.502543 -0.516126 -0.693588 0.502285 -0.517392 -0.692831 0.501661 -0.522441 -0.689487 0.501528 -0.523551 -0.688742 0.500971 -0.526329 -0.687027 0.500499 -0.528021 -0.686072 0.501967 -0.52093 -0.690406 0.504443 -0.498777 -0.704811 0.503016 -0.511148 -0.696924 0.510364 -0.445425 -0.735613 0.509952 -0.435681 -0.741708 0.513891 -0.416725 -0.749837 0.515165 -0.387381 -0.764553 0.514567 -0.381892 -0.767711 0.517746 -0.357856 -0.777096 0.516706 -0.326353 -0.791523 0.518469 -0.29716 -0.801802 0.515457 -0.265828 -0.814641 0.515958 -0.234839 -0.823795 0.51212 -0.210946 -0.832607 0.512662 -0.203449 -0.834138 0.50578 -0.152409 -0.849092 0.505831 -0.14062 -0.851094 0.501246 -0.108907 -0.858424 0.505877 -0.0167222 -0.862444 0.467283 -0.0326029 -0.883507 0.496458 -0.0559796 -0.866254 0.496721 -0.0681672 -0.865229 0.48942 -0.0471765 -0.870771 0.495816 -0.0775632 -0.864957 0.496808 -0.0935531 -0.862804 0.510237 -0.172195 -0.842619 0.516253 -0.26919 -0.813031 0.507689 -0.473856 -0.719522 0.516908 -0.327516 -0.790911</float_array>
                    <technique_common>
                        <accessor count="7966" source="#shape0-lib-normals-array" stride="3">
                            <param name="X" type="float"/>
                            <param name="Y" type="float"/>
                            <param name="Z" type="float"/>
                        </accessor>
                    </technique_common>
                </source>
                <vertices id="shape0-lib-vertices">
                    <input semantic="POSITION" source="#shape0-lib-positions"/>
                </vertices>
                <triangles count="7966">
                    <input offset="0" semantic="VERTEX" source="#shape0-lib-vertices"/>
                    <input offset="1" semantic="NORMAL" source="#shape0-lib-normals"/>
                    <p>0 0 1 0 2 0 3 1 4 1 5 1 6 2 3 2 5 2 7 3 6 3 0 3 8 4 7 4 0 4 2 5 8 5 0 5 6 6 5 6 0 6 9 7 2 7 1 7 2 8 9 8 10 8 11 9 12 9 13 9 14 10 13 10 15 10 16 11 14 11 15 11 16 12 17 12 14 12 16 13 18 13 17 13 16 14 19 14 18 14 16 15 20 15 19 15 21 16 22 16 23 16 20 17 16 17 21 17 20 18 21 18 23 18 15 19 13 19 12 19 24 20 25 20 26 20 24 21 27 21 28 21 25 22 29 22 26 22 30 23 31 23 25 23 32 24 33 24 30 24 34 25 33 25 32 25 35 26 32 26 36 26 37 27 38 27 39 27 39 28 40 28 37 28 41 29 40 29 39 29 42 30 40 30 41 30 42 31 41 31 43 31 42 32 43 32 44 32 42 33 44 33 36 33 44 34 35 34 36 34 35 35 34 35 32 35 30 36 33 36 31 36 25 37 31 37 29 37 27 38 24 38 26 38 28 39 27 39 45 39 46 40 47 40 48 40 48 41 47 41 49 41 50 42 51 42 52 42 50 43 53 43 54 43 51 44 55 44 52 44 56 45 57 45 51 45 58 46 59 46 56 46 60 47 59 47 58 47 61 48 58 48 62 48 63 49 64 49 65 49 65 50 66 50 63 50 67 51 66 51 65 51 68 52 66 52 67 52 68 53 67 53 69 53 68 54 69 54 70 54 68 55 70 55 62 55 70 56 61 56 62 56 61 57 60 57 58 57 56 58 59 58 57 58 51 59 57 59 55 59 53 60 50 60 52 60 54 61 53 61 71 61 72 62 73 62 74 62 72 63 75 63 76 63 73 64 77 64 74 64 78 65 79 65 73 65 80 66 81 66 78 66 82 67 81 67 80 67 83 68 80 68 84 68 85 69 86 69 87 69 87 70 88 70 85 70 89 71 88 71 87 71 90 72 88 72 89 72 90 73 89 73 91 73 90 74 91 74 92 74 90 75 92 75 84 75 92 76 83 76 84 76 83 77 82 77 80 77 78 78 81 78 79 78 73 79 79 79 77 79 75 80 72 80 74 80 76 81 75 81 93 81 94 82 95 82 96 82 94 83 97 83 95 83 97 84 98 84 99 84 97 85 100 85 98 85 97 86 99 86 95 86 101 87 94 87 102 87 97 88 103 88 100 88 94 89 101 89 97 89 103 90 97 90 104 90 105 91 106 91 107 91 105 92 108 92 106 92 105 93 109 93 108 93 105 94 110 94 109 94 111 95 112 95 113 95 111 96 110 96 105 96 114 97 115 97 111 97 105 98 114 98 111 98 113 99 110 99 111 99 116 100 117 100 118 100 119 101 120 101 117 101 119 102 121 102 120 102 121 103 122 103 123 103 123 104 122 104 124 104 124 105 125 105 126 105 127 106 128 106 129 106 127 107 124 107 126 107 129 108 130 108 131 108 131 109 130 109 132 109 129 110 128 110 130 110 126 111 128 111 127 111 116 112 118 112 133 112 134 113 133 113 118 113 134 114 135 114 133 114 135 115 136 115 137 115 137 116 138 116 139 116 139 117 140 117 141 117 141 118 142 118 143 118 144 119 145 119 146 119 145 120 147 120 148 120 147 121 149 121 150 121 149 122 151 122 152 122 151 123 153 123 154 123 153 124 155 124 156 124 157 125 158 125 159 125 160 126 161 126 158 126 162 127 163 127 161 127 164 128 165 128 163 128 166 129 167 129 165 129 168 130 169 130 170 130 171 131 170 131 172 131 173 132 172 132 174 132 175 133 174 133 176 133 177 134 176 134 178 134 179 135 178 135 180 135 181 136 180 136 182 136 183 137 182 137 184 137 185 138 184 138 186 138 187 139 188 139 167 139 189 140 186 140 190 140 191 141 190 141 192 141 193 142 192 142 194 142 195 143 194 143 196 143 125 144 124 144 122 144 194 145 195 145 193 145 192 146 193 146 191 146 120 147 121 147 123 147 190 148 191 148 189 148 186 149 189 149 185 149 184 150 185 150 183 150 182 151 183 151 181 151 180 152 181 152 179 152 178 153 179 153 177 153 176 154 177 154 175 154 174 155 175 155 173 155 172 156 173 156 171 156 170 157 171 157 168 157 169 158 168 158 188 158 187 159 169 159 188 159 166 160 187 160 167 160 164 161 166 161 165 161 162 162 164 162 163 162 160 163 162 163 161 163 157 164 160 164 158 164 155 165 157 165 159 165 156 166 155 166 159 166 154 167 153 167 156 167 152 168 151 168 154 168 150 169 149 169 152 169 148 170 147 170 150 170 146 171 145 171 148 171 143 172 144 172 146 172 143 173 142 173 144 173 141 174 140 174 142 174 139 175 138 175 140 175 137 176 136 176 138 176 135 177 134 177 136 177 117 178 116 178 119 178 197 179 198 179 199 179 199 180 198 180 200 180 201 181 202 181 203 181 202 182 204 182 205 182 204 183 206 183 205 183 207 184 208 184 206 184 209 185 208 185 207 185 210 186 211 186 209 186 212 187 211 187 210 187 213 188 212 188 214 188 213 189 214 189 215 189 216 190 215 190 217 190 216 191 217 191 218 191 218 192 219 192 220 192 219 193 221 193 220 193 221 194 222 194 223 194 222 195 224 195 223 195 225 196 226 196 227 196 226 197 228 197 227 197 229 198 228 198 226 198 230 199 228 199 229 199 230 200 229 200 231 200 230 201 231 201 232 201 231 202 224 202 232 202 224 203 222 203 232 203 223 204 220 204 221 204 203 205 233 205 201 205 218 206 217 206 219 206 216 207 213 207 215 207 214 208 212 208 210 208 203 209 202 209 205 209 233 210 203 210 234 210 211 211 208 211 209 211 204 212 207 212 206 212 235 213 236 213 237 213 238 214 236 214 235 214 239 215 240 215 238 215 241 216 240 216 239 216 242 217 241 217 243 217 242 218 243 218 244 218 245 219 244 219 246 219 245 220 246 220 247 220 248 221 249 221 250 221 248 222 250 222 251 222 250 223 247 223 251 223 247 224 246 224 251 224 245 225 242 225 244 225 243 226 241 226 239 226 236 227 238 227 240 227 237 228 236 228 252 228 253 229 254 229 255 229 256 230 254 230 253 230 257 231 258 231 256 231 259 232 258 232 257 232 260 233 259 233 261 233 260 234 261 234 262 234 263 235 262 235 264 235 263 236 264 236 265 236 266 237 267 237 268 237 266 238 268 238 269 238 268 239 265 239 269 239 265 240 264 240 269 240 263 241 260 241 262 241 261 242 259 242 257 242 254 243 256 243 258 243 255 244 254 244 270 244 271 245 272 245 273 245 271 246 274 246 272 246 275 247 276 247 277 247 275 248 278 248 279 248 280 249 281 249 282 249 280 250 283 250 281 250 283 251 284 251 285 251 286 252 280 252 287 252 288 253 289 253 290 253 288 254 291 254 292 254 293 255 294 255 295 255 293 256 296 256 294 256 297 257 298 257 272 257 297 258 299 258 300 258 301 259 302 259 303 259 301 260 304 260 302 260 305 261 306 261 307 261 305 262 308 262 306 262 307 263 306 263 309 263 305 264 310 264 308 264 311 265 312 265 313 265 311 266 314 266 312 266 315 267 316 267 317 267 315 268 318 268 300 268 319 269 320 269 321 269 319 270 322 270 320 270 323 271 324 271 325 271 323 272 326 272 324 272 327 273 328 273 329 273 327 274 330 274 331 274 332 275 333 275 334 275 332 276 335 276 333 276 336 277 337 277 338 277 336 278 339 278 340 278 339 279 341 279 340 279 339 280 342 280 343 280 344 281 345 281 346 281 344 282 347 282 345 282 348 283 349 283 350 283 348 284 347 284 351 284 348 285 351 285 352 285 342 286 339 286 346 286 353 287 354 287 355 287 353 288 356 288 357 288 355 289 354 289 358 289 353 290 359 290 356 290 360 291 361 291 362 291 360 292 363 292 364 292 365 293 366 293 367 293 365 294 368 294 369 294 368 295 370 295 371 295 365 296 372 296 366 296 373 297 374 297 375 297 373 298 376 298 377 298 378 299 379 299 380 299 378 300 277 300 379 300 381 301 382 301 383 301 381 302 384 302 382 302 385 303 386 303 387 303 385 304 388 304 389 304 390 305 391 305 392 305 390 306 393 306 391 306 394 307 395 307 396 307 394 308 397 308 398 308 399 309 400 309 401 309 399 310 328 310 402 310 403 311 404 311 405 311 403 312 406 312 407 312 408 313 403 313 405 313 403 314 409 314 406 314 410 315 411 315 412 315 410 316 389 316 388 316 413 317 414 317 415 317 413 318 416 318 414 318 417 319 418 319 419 319 417 320 420 320 418 320 421 321 422 321 423 321 421 322 424 322 425 322 353 323 355 323 359 323 355 324 358 324 426 324 427 325 428 325 429 325 427 326 430 326 431 326 432 327 433 327 434 327 432 328 435 328 433 328 436 329 396 329 395 329 436 330 437 330 396 330 438 331 439 331 440 331 438 332 437 332 439 332 441 333 442 333 443 333 441 334 444 334 445 334 446 335 447 335 448 335 449 336 450 336 451 336 449 337 446 337 448 337 452 338 437 338 438 338 452 339 453 339 396 339 454 340 455 340 456 340 454 341 457 341 455 341 458 342 459 342 460 342 458 343 461 343 459 343 462 344 463 344 464 344 462 345 465 345 463 345 466 346 432 346 434 346 435 347 467 347 468 347 469 348 470 348 471 348 469 349 472 349 473 349 474 350 442 350 475 350 474 351 420 351 442 351 476 352 477 352 478 352 476 353 479 353 480 353 479 354 481 354 480 354 479 355 482 355 481 355 321 356 483 356 319 356 321 357 484 357 483 357 485 358 486 358 487 358 485 359 335 359 488 359 489 360 407 360 490 360 489 361 487 361 407 361 491 362 492 362 493 362 491 363 278 363 492 363 494 364 401 364 495 364 494 365 496 365 497 365 495 366 401 366 400 366 495 367 498 367 499 367 500 368 501 368 502 368 500 369 503 369 501 369 504 370 505 370 506 370 504 371 501 371 505 371 500 372 502 372 507 372 502 373 504 373 506 373 508 374 509 374 510 374 508 375 511 375 512 375 513 376 514 376 515 376 508 377 384 377 516 377 517 378 518 378 519 378 517 379 520 379 521 379 522 380 523 380 524 380 522 381 525 381 523 381 526 382 523 382 527 382 526 383 528 383 523 383 529 384 526 384 527 384 528 385 530 385 523 385 531 386 532 386 533 386 531 387 534 387 532 387 535 388 536 388 450 388 535 389 537 389 536 389 538 390 450 390 448 390 535 391 539 391 540 391 541 392 542 392 543 392 541 393 544 393 545 393 546 394 547 394 548 394 546 395 549 395 547 395 546 396 550 396 551 396 548 397 331 397 550 397 552 398 553 398 554 398 552 399 555 399 553 399 556 400 378 400 380 400 277 401 276 401 379 401 557 402 558 402 559 402 557 403 560 403 461 403 561 404 562 404 563 404 561 405 564 405 562 405 551 406 565 406 566 406 551 407 550 407 565 407 275 408 567 408 568 408 569 409 570 409 567 409 571 410 572 410 573 410 571 411 279 411 572 411 490 412 407 412 406 412 490 413 574 413 489 413 575 414 576 414 577 414 575 415 578 415 579 415 524 416 523 416 580 416 522 417 581 417 525 417 582 418 583 418 584 418 582 419 585 419 583 419 586 420 587 420 588 420 586 421 308 421 589 421 590 422 591 422 592 422 590 423 593 423 398 423 395 424 593 424 436 424 395 425 398 425 593 425 594 426 595 426 596 426 594 427 597 427 598 427 599 428 600 428 527 428 599 429 601 429 600 429 602 430 603 430 578 430 602 431 604 431 605 431 606 432 578 432 607 432 602 433 608 433 604 433 609 434 610 434 611 434 609 435 612 435 613 435 614 436 615 436 616 436 614 437 617 437 615 437 517 438 521 438 518 438 520 439 618 439 619 439 620 440 443 440 621 440 620 441 519 441 443 441 304 442 271 442 622 442 274 443 623 443 297 443 624 444 625 444 572 444 624 445 626 445 625 445 627 446 604 446 608 446 627 447 628 447 629 447 630 448 631 448 632 448 630 449 633 449 634 449 633 450 635 450 619 450 633 451 636 451 635 451 628 452 637 452 629 452 628 453 638 453 639 453 640 454 641 454 642 454 640 455 316 455 643 455 543 456 542 456 322 456 541 457 644 457 645 457 646 458 647 458 648 458 646 459 649 459 647 459 445 460 444 460 650 460 445 461 442 461 441 461 385 462 389 462 386 462 388 463 411 463 410 463 286 464 287 464 651 464 280 465 284 465 283 465 652 466 653 466 654 466 652 467 655 467 653 467 656 468 552 468 554 468 555 469 657 469 658 469 659 470 660 470 661 470 659 471 588 471 660 471 563 472 324 472 662 472 563 473 562 473 478 473 663 474 664 474 665 474 663 475 666 475 664 475 667 476 639 476 668 476 667 477 637 477 639 477 639 478 638 478 669 478 639 479 637 479 628 479 670 480 671 480 672 480 670 481 673 481 674 481 675 482 676 482 677 482 675 483 678 483 679 483 680 484 681 484 310 484 680 485 669 485 681 485 682 486 539 486 683 486 682 487 684 487 539 487 685 488 686 488 687 488 685 489 688 489 686 489 687 490 689 490 690 490 687 491 686 491 689 491 691 492 692 492 533 492 691 493 693 493 692 493 694 494 439 494 695 494 694 495 696 495 697 495 696 496 698 496 699 496 696 497 700 497 698 497 701 498 702 498 703 498 701 499 704 499 705 499 412 500 706 500 410 500 412 501 707 501 706 501 708 502 412 502 411 502 707 503 709 503 710 503 686 504 711 504 689 504 686 505 688 505 607 505 661 506 712 506 659 506 661 507 713 507 712 507 322 508 714 508 543 508 714 509 319 509 483 509 715 510 716 510 651 510 715 511 447 511 716 511 717 512 718 512 719 512 717 513 720 513 721 513 722 514 581 514 723 514 722 515 724 515 581 515 725 516 726 516 727 516 725 517 418 517 728 517 729 518 730 518 731 518 729 519 732 519 733 519 734 520 611 520 610 520 734 521 735 521 611 521 736 522 737 522 738 522 736 523 739 523 737 523 740 524 741 524 742 524 740 525 529 525 741 525 563 526 743 526 561 526 662 527 744 527 743 527 745 528 746 528 747 528 745 529 748 529 749 529 747 530 750 530 751 530 747 531 752 531 753 531 754 532 676 532 679 532 754 533 431 533 755 533 756 534 757 534 758 534 756 535 759 535 757 535 760 536 761 536 762 536 760 537 763 537 761 537 764 538 765 538 766 538 764 539 767 539 765 539 768 540 764 540 769 540 767 541 770 541 749 541 771 542 772 542 773 542 771 543 774 543 772 543 596 544 456 544 710 544 454 545 595 545 457 545 775 546 776 546 777 546 775 547 631 547 778 547 779 548 780 548 781 548 779 549 782 549 780 549 741 550 672 550 783 550 741 551 529 551 784 551 785 552 649 552 537 552 785 553 585 553 370 553 786 554 787 554 788 554 786 555 655 555 652 555 405 556 789 556 408 556 405 557 790 557 791 557 792 558 793 558 794 558 792 559 720 559 717 559 795 560 796 560 797 560 795 561 798 561 796 561 799 562 730 562 800 562 799 563 731 563 730 563 568 564 278 564 275 564 568 565 492 565 278 565 801 566 615 566 617 566 801 567 376 567 615 567 802 568 803 568 804 568 802 569 398 569 397 569 453 570 394 570 396 570 398 571 591 571 590 571 805 572 806 572 481 572 805 573 763 573 806 573 744 574 807 574 743 574 744 575 415 575 808 575 807 576 809 576 743 576 807 577 810 577 809 577 811 578 401 578 812 578 811 579 813 579 401 579 737 580 814 580 738 580 737 581 739 581 814 581 815 582 816 582 553 582 815 583 761 583 816 583 817 584 818 584 819 584 817 585 820 585 818 585 821 586 503 586 507 586 821 587 822 587 823 587 824 588 597 588 594 588 824 589 825 589 597 589 826 590 827 590 709 590 824 591 828 591 825 591 674 592 829 592 671 592 674 593 830 593 829 593 831 594 832 594 833 594 831 595 719 595 290 595 373 596 834 596 835 596 375 597 511 597 516 597 836 598 837 598 423 598 836 599 838 599 837 599 839 600 840 600 841 600 839 601 842 601 840 601 843 602 844 602 845 602 843 603 846 603 847 603 848 604 849 604 731 604 848 605 809 605 849 605 850 606 851 606 342 606 850 607 852 607 427 607 853 608 791 608 854 608 853 609 789 609 791 609 592 610 758 610 855 610 756 611 856 611 759 611 402 612 363 612 400 612 402 613 331 613 857 613 346 614 858 614 342 614 346 615 345 615 858 615 859 616 860 616 861 616 859 617 356 617 860 617 862 618 863 618 864 618 862 619 865 619 863 619 749 620 748 620 765 620 749 621 746 621 745 621 746 622 770 622 866 622 767 623 749 623 765 623 748 624 867 624 868 624 748 625 869 625 867 625 870 626 871 626 872 626 870 627 622 627 273 627 873 628 622 628 874 628 873 629 304 629 622 629 870 630 273 630 871 630 271 631 304 631 274 631 282 632 683 632 875 632 682 633 281 633 684 633 876 634 285 634 877 634 876 635 856 635 878 635 644 636 879 636 880 636 644 637 881 637 879 637 879 638 533 638 882 638 691 639 881 639 693 639 883 640 884 640 885 640 883 641 886 641 884 641 851 642 887 642 888 642 427 643 852 643 430 643 889 644 890 644 455 644 889 645 891 645 892 645 893 646 894 646 684 646 893 647 895 647 894 647 895 648 896 648 897 648 896 649 893 649 898 649 430 650 755 650 431 650 430 651 852 651 755 651 675 652 677 652 885 652 676 653 755 653 677 653 427 654 431 654 899 654 900 655 754 655 679 655 602 656 605 656 603 656 604 657 629 657 605 657 606 658 602 658 578 658 627 659 608 659 638 659 901 660 713 660 902 660 901 661 712 661 713 661 903 662 904 662 905 662 903 663 273 663 904 663 906 664 907 664 908 664 906 665 781 665 909 665 910 666 911 666 912 666 910 667 913 667 911 667 482 668 564 668 914 668 482 669 562 669 564 669 756 670 758 670 592 670 757 671 798 671 915 671 916 672 917 672 611 672 916 673 506 673 917 673 697 674 918 674 919 674 697 675 920 675 918 675 605 676 921 676 603 676 605 677 629 677 921 677 779 678 661 678 660 678 901 679 902 679 698 679 334 680 922 680 332 680 334 681 923 681 924 681 516 682 511 682 508 682 516 683 834 683 375 683 396 684 437 684 452 684 436 685 593 685 925 685 536 686 648 686 450 686 536 687 537 687 646 687 282 688 287 688 280 688 875 689 447 689 715 689 780 690 909 690 781 690 780 691 926 691 690 691 926 692 782 692 587 692 780 693 690 693 909 693 927 694 928 694 556 694 927 695 570 695 928 695 403 696 407 696 404 696 490 697 929 697 930 697 931 698 292 698 291 698 931 699 932 699 666 699 933 700 825 700 828 700 933 701 934 701 935 701 933 702 935 702 825 702 934 703 936 703 937 703 468 704 938 704 433 704 468 705 861 705 938 705 939 706 940 706 941 706 939 707 387 707 386 707 942 708 905 708 904 708 942 709 943 709 905 709 843 710 847 710 844 710 846 711 716 711 847 711 318 712 910 712 944 712 913 713 945 713 911 713 377 714 946 714 374 714 377 715 947 715 948 715 949 716 950 716 951 716 949 717 295 717 952 717 317 718 945 718 913 718 317 719 642 719 953 719 814 720 954 720 937 720 814 721 739 721 954 721 721 722 955 722 773 722 721 723 718 723 717 723 729 724 314 724 732 724 312 725 849 725 313 725 357 726 956 726 957 726 357 727 886 727 852 727 829 728 854 728 303 728 853 729 830 729 789 729 651 730 287 730 715 730 286 731 958 731 284 731 536 732 646 732 648 732 649 733 370 733 647 733 440 734 919 734 959 734 440 735 439 735 697 735 960 736 961 736 962 736 960 737 963 737 964 737 965 738 478 738 477 738 965 739 325 739 324 739 778 740 966 740 776 740 778 741 967 741 966 741 441 742 519 742 444 742 520 743 621 743 618 743 632 744 631 744 775 744 630 745 636 745 633 745 968 746 632 746 969 746 634 747 633 747 618 747 448 748 450 748 449 748 538 749 683 749 539 749 883 750 677 750 886 750 885 751 678 751 675 751 970 752 616 752 953 752 970 753 486 753 616 753 971 754 972 754 973 754 971 755 800 755 974 755 357 756 957 756 353 756 956 757 858 757 957 757 344 758 346 758 339 758 850 759 956 759 852 759 975 760 976 760 977 760 975 761 978 761 979 761 288 762 292 762 289 762 931 763 773 763 932 763 980 764 419 764 967 764 980 765 621 765 419 765 634 766 967 766 631 766 980 767 618 767 621 767 840 768 981 768 982 768 840 769 983 769 981 769 984 770 424 770 705 770 984 771 380 771 424 771 985 772 878 772 856 772 985 773 591 773 897 773 986 774 987 774 904 774 986 775 988 775 944 775 986 776 273 776 298 776 903 777 905 777 989 777 727 778 726 778 990 778 725 779 419 779 418 779 966 780 990 780 991 780 727 781 967 781 419 781 275 782 279 782 276 782 279 783 491 783 572 783 992 784 993 784 994 784 992 785 995 785 833 785 464 786 463 786 996 786 462 787 997 787 465 787 559 788 558 788 998 788 557 789 770 789 767 789 999 790 1000 790 1001 790 999 791 289 791 665 791 385 792 422 792 388 792 387 793 653 793 1002 793 1003 794 929 794 406 794 1003 795 973 795 972 795 1004 796 1005 796 681 796 1004 797 638 797 608 797 681 798 1005 798 1006 798 1004 799 669 799 638 799 871 800 989 800 872 800 871 801 273 801 903 801 575 802 579 802 576 802 578 803 603 803 579 803 711 804 577 804 689 804 711 805 607 805 577 805 577 806 576 806 626 806 575 807 607 807 578 807 608 808 602 808 606 808 921 809 1007 809 603 809 471 810 470 810 1008 810 469 811 1009 811 472 811 1009 812 1010 812 472 812 1009 813 463 813 465 813 363 814 1011 814 364 814 363 815 857 815 1012 815 991 816 1013 816 1014 816 991 817 990 817 1015 817 1016 818 492 818 907 818 1016 819 1017 819 493 819 1018 820 924 820 838 820 1018 821 1019 821 922 821 996 822 1008 822 598 822 996 823 463 823 471 823 531 824 1020 824 1021 824 692 825 480 825 806 825 984 826 704 826 556 826 705 827 702 827 701 827 785 828 370 828 649 828 370 829 582 829 584 829 540 830 537 830 535 830 585 831 894 831 583 831 774 832 1022 832 1023 832 1024 833 771 833 1025 833 473 834 1026 834 1027 834 473 835 472 835 1026 835 334 836 333 836 314 836 332 837 1019 837 488 837 884 838 467 838 435 838 884 839 886 839 467 839 647 840 1028 840 1029 840 365 841 370 841 368 841 648 842 1030 842 1031 842 785 843 537 843 540 843 809 844 1032 844 1033 844 809 845 848 845 743 845 1034 846 731 846 914 846 326 847 662 847 324 847 985 848 856 848 592 848 878 849 285 849 876 849 558 850 458 850 1035 850 461 851 1036 851 453 851 300 852 988 852 298 852 300 853 316 853 315 853 944 854 912 854 987 854 910 855 318 855 913 855 944 856 910 856 912 856 913 857 315 857 317 857 817 858 542 858 820 858 566 859 565 859 320 859 566 860 320 860 322 860 565 861 1037 861 321 861 915 862 795 862 797 862 798 863 308 863 586 863 1038 864 1039 864 865 864 1038 865 1040 865 1041 865 580 866 530 866 842 866 580 867 523 867 530 867 1042 868 842 868 938 868 580 869 1043 869 524 869 723 870 1043 870 860 870 723 871 581 871 524 871 382 872 1044 872 383 872 382 873 384 873 513 873 1045 874 902 874 1046 874 1045 875 772 875 774 875 999 876 665 876 1000 876 663 877 292 877 666 877 327 878 329 878 484 878 328 879 813 879 329 879 1047 880 811 880 1048 880 402 881 328 881 331 881 1049 882 601 882 599 882 1049 883 1050 883 601 883 1050 884 1051 884 1052 884 1050 885 1053 885 1051 885 911 886 516 886 384 886 373 887 835 887 376 887 845 888 1054 888 843 888 845 889 759 889 877 889 686 890 607 890 711 890 688 891 1005 891 606 891 926 892 687 892 690 892 688 893 1006 893 1005 893 1055 894 1056 894 507 894 1055 895 728 895 418 895 1055 896 418 896 1056 896 728 897 726 897 725 897 1057 898 1058 898 1059 898 1057 899 1060 899 1058 899 974 900 733 900 972 900 974 901 730 901 733 901 459 902 452 902 1061 902 395 903 394 903 398 903 453 904 1036 904 394 904 591 905 802 905 897 905 708 906 411 906 425 906 412 907 1062 907 707 907 1063 908 835 908 945 908 1063 909 615 909 376 909 1064 910 1065 910 1066 910 1064 911 1067 911 1065 911 549 912 1068 912 1069 912 551 913 1068 913 546 913 1070 914 714 914 483 914 1070 915 693 915 881 915 864 916 483 916 862 916 1070 917 477 917 693 917 1071 918 656 918 784 918 1071 919 1072 919 656 919 997 920 462 920 464 920 465 921 1010 921 1009 921 995 922 1073 922 794 922 992 923 833 923 1074 923 1075 924 547 924 1060 924 1075 925 857 925 547 925 1060 926 1076 926 1077 926 1078 927 1057 927 1079 927 1080 928 519 928 518 928 1080 929 1081 929 444 929 520 930 517 930 620 930 1080 931 1065 931 1082 931 1083 932 936 932 934 932 1083 933 1084 933 936 933 664 934 556 934 704 934 927 935 666 935 570 935 585 936 582 936 370 936 583 937 1085 937 584 937 1041 938 1086 938 1087 938 1041 939 1088 939 1086 939 703 940 702 940 1089 940 701 941 1000 941 704 941 1090 942 712 942 700 942 659 943 797 943 796 943 1091 944 781 944 1046 944 779 945 660 945 782 945 1091 946 661 946 779 946 660 947 588 947 782 947 1092 948 1093 948 1094 948 1092 949 1095 949 393 949 783 950 393 950 1095 950 783 951 672 951 1096 951 1092 952 393 952 390 952 783 953 742 953 741 953 1025 954 773 954 955 954 771 955 1024 955 1022 955 938 956 842 956 839 956 1042 957 861 957 1043 957 355 958 426 958 724 958 358 959 1097 959 426 959 858 960 358 960 354 960 1097 961 951 961 1098 961 1066 962 1099 962 1100 962 1066 963 521 963 1101 963 908 964 567 964 1102 964 908 965 907 965 492 965 1001 966 832 966 999 966 1001 967 1103 967 1104 967 1046 968 1105 968 1045 968 1046 969 781 969 906 969 1106 970 1107 970 803 970 1106 971 1036 971 768 971 806 972 763 972 760 972 805 973 481 973 800 973 302 974 304 974 873 974 301 975 303 975 854 975 1069 976 1108 976 1109 976 1069 977 1068 977 819 977 732 978 1110 978 733 978 732 979 314 979 333 979 733 980 1110 980 930 980 314 981 729 981 312 981 690 982 1017 982 909 982 690 983 689 983 1017 983 898 984 684 984 281 984 893 985 896 985 895 985 804 986 1085 986 583 986 804 987 803 987 1107 987 898 988 893 988 684 988 804 989 897 989 802 989 791 990 790 990 623 990 791 991 789 991 405 991 1016 992 493 992 492 992 1017 993 689 993 626 993 1111 994 570 994 666 994 1111 995 1102 995 567 995 1112 996 735 996 734 996 1112 997 726 997 735 997 721 998 773 998 291 998 1025 999 1113 999 1114 999 390 1000 1115 1000 1093 1000 392 1001 1116 1001 1115 1001 640 1002 642 1002 317 1002 641 1003 487 1003 642 1003 643 1004 316 1004 299 1004 641 1005 404 1005 407 1005 819 1006 1117 1006 1108 1006 819 1007 818 1007 1117 1007 917 1008 794 1008 611 1008 917 1009 506 1009 792 1009 1118 1010 1102 1010 932 1010 1118 1011 1105 1011 1102 1011 1052 1012 1119 1012 1120 1012 1052 1013 600 1013 601 1013 837 1014 1121 1014 1122 1014 837 1015 838 1015 1123 1015 866 1016 1124 1016 752 1016 866 1017 770 1017 559 1017 760 1018 762 1018 1125 1018 1126 1019 815 1019 553 1019 1090 1020 1127 1020 1128 1020 439 1021 694 1021 697 1021 625 1022 573 1022 572 1022 625 1023 626 1023 1129 1023 410 1024 1130 1024 389 1024 706 1025 710 1025 456 1025 425 1026 388 1026 422 1026 707 1027 1062 1027 1131 1027 474 1028 475 1028 1056 1028 1132 1029 445 1029 650 1029 444 1030 1133 1030 650 1030 444 1031 519 1031 1080 1031 816 1032 1134 1032 553 1032 816 1033 973 1033 1003 1033 485 1034 488 1034 486 1034 1019 1035 332 1035 922 1035 1026 1036 1135 1036 1136 1036 1026 1037 472 1037 1137 1037 671 1038 303 1038 1096 1038 674 1039 673 1039 830 1039 484 1040 862 1040 483 1040 865 1041 1039 1041 863 1041 484 1042 1037 1042 330 1042 565 1043 321 1043 320 1043 896 1044 898 1044 285 1044 282 1045 682 1045 683 1045 1106 1046 803 1046 397 1046 1107 1047 1085 1047 804 1047 1111 1048 567 1048 570 1048 908 1049 1105 1049 906 1049 1138 1050 943 1050 942 1050 1138 1051 383 1051 943 1051 916 1052 735 1052 728 1052 734 1053 610 1053 1015 1053 930 1054 574 1054 490 1054 930 1055 1110 1055 574 1055 476 1056 562 1056 482 1056 478 1057 324 1057 563 1057 1139 1058 1140 1058 724 1058 1139 1059 1141 1059 1049 1059 846 1060 843 1060 958 1060 845 1061 306 1061 759 1061 1128 1062 797 1062 1090 1062 1128 1063 915 1063 797 1063 1142 1064 1143 1064 838 1064 1142 1065 948 1065 1143 1065 962 1066 325 1066 863 1066 323 1067 961 1067 326 1067 293 1068 951 1068 296 1068 950 1069 1098 1069 951 1069 313 1070 1144 1070 1145 1070 313 1071 1146 1071 1144 1071 946 1072 1147 1072 1148 1072 786 1073 948 1073 655 1073 908 1074 492 1074 568 1074 1016 1075 909 1075 1017 1075 695 1076 1127 1076 694 1076 695 1077 925 1077 1128 1077 656 1078 554 1078 673 1078 656 1079 1072 1079 552 1079 1131 1080 1062 1080 379 1080 1131 1081 1149 1081 709 1081 487 1082 970 1082 642 1082 486 1083 488 1083 614 1083 1001 1084 1000 1084 703 1084 999 1085 290 1085 289 1085 584 1086 1085 1086 769 1086 894 1087 585 1087 540 1087 334 1088 924 1088 922 1088 923 1089 1150 1089 1151 1089 1063 1090 376 1090 835 1090 801 1091 617 1091 947 1091 1093 1092 1115 1092 1094 1092 1093 1093 1092 1093 390 1093 1115 1094 390 1094 392 1094 393 1095 1096 1095 391 1095 1096 1096 303 1096 302 1096 670 1097 672 1097 784 1097 1152 1098 789 1098 830 1098 1152 1099 1134 1099 409 1099 296 1100 951 1100 1153 1100 949 1101 293 1101 295 1101 1153 1102 951 1102 1097 1102 296 1103 1154 1103 294 1103 1155 1104 348 1104 1156 1104 347 1105 1153 1105 345 1105 379 1106 1062 1106 708 1106 1131 1107 276 1107 1149 1107 323 1108 325 1108 962 1108 864 1109 965 1109 477 1109 272 1110 298 1110 273 1110 297 1111 623 1111 299 1111 886 1112 859 1112 467 1112 356 1113 359 1113 860 1113 1072 1114 600 1114 1052 1114 527 1115 1071 1115 784 1115 935 1116 464 1116 598 1116 465 1117 954 1117 1010 1117 954 1118 739 1118 1010 1118 814 1119 937 1119 738 1119 631 1120 630 1120 634 1120 633 1121 619 1121 618 1121 553 1122 1134 1122 1152 1122 761 1123 815 1123 762 1123 1061 1124 959 1124 1157 1124 1061 1125 452 1125 438 1125 1158 1126 635 1126 636 1126 619 1127 521 1127 520 1127 668 1128 669 1128 309 1128 668 1129 847 1129 667 1129 307 1130 669 1130 680 1130 667 1131 847 1131 637 1131 1159 1132 1160 1132 1161 1132 1159 1133 890 1133 1162 1133 330 1134 1037 1134 550 1134 330 1135 327 1135 484 1135 857 1136 331 1136 548 1136 363 1137 1163 1137 1164 1137 503 1138 823 1138 1165 1138 503 1139 500 1139 507 1139 766 1140 1166 1140 1167 1140 766 1141 765 1141 1168 1141 796 1142 588 1142 659 1142 796 1143 798 1143 586 1143 1090 1144 797 1144 659 1144 757 1145 915 1145 758 1145 700 1146 712 1146 901 1146 1128 1147 925 1147 915 1147 589 1148 1006 1148 1169 1148 589 1149 310 1149 1006 1149 466 1150 434 1150 678 1150 466 1151 884 1151 435 1151 368 1152 1170 1152 1171 1152 766 1153 769 1153 764 1153 765 1154 1172 1154 1168 1154 752 1155 747 1155 866 1155 1170 1156 766 1156 1173 1156 767 1157 768 1157 560 1157 377 1158 948 1158 946 1158 947 1159 1143 1159 948 1159 727 1160 419 1160 725 1160 417 1161 621 1161 420 1161 666 1162 927 1162 664 1162 277 1163 569 1163 275 1163 573 1164 828 1164 571 1164 933 1165 1129 1165 934 1165 579 1166 1084 1166 576 1166 579 1167 603 1167 1007 1167 533 1168 1174 1168 882 1168 533 1169 532 1169 1174 1169 1034 1170 914 1170 564 1170 914 1171 799 1171 800 1171 983 1172 742 1172 1095 1172 983 1173 530 1173 742 1173 841 1174 1175 1174 839 1174 740 1175 528 1175 529 1175 560 1176 1036 1176 461 1176 560 1177 768 1177 1036 1177 576 1178 1083 1178 1129 1178 1084 1179 1007 1179 936 1179 1152 1180 830 1180 554 1180 829 1181 853 1181 854 1181 598 1182 597 1182 935 1182 598 1183 595 1183 594 1183 877 1184 284 1184 1054 1184 877 1185 759 1185 876 1185 958 1186 1054 1186 284 1186 958 1187 651 1187 846 1187 877 1188 1054 1188 845 1188 846 1189 651 1189 716 1189 592 1190 855 1190 590 1190 758 1191 915 1191 855 1191 387 1192 1002 1192 422 1192 653 1193 655 1193 1002 1193 671 1194 670 1194 674 1194 673 1195 554 1195 830 1195 981 1196 983 1196 1095 1196 673 1197 784 1197 656 1197 741 1198 784 1198 672 1198 529 1199 527 1199 784 1199 742 1200 528 1200 740 1200 1071 1201 600 1201 1072 1201 969 1202 1176 1202 1177 1202 969 1203 632 1203 775 1203 841 1204 1178 1204 1175 1204 841 1205 982 1205 1178 1205 874 1206 1116 1206 392 1206 874 1207 872 1207 1116 1207 272 1208 274 1208 297 1208 623 1209 790 1209 299 1209 302 1210 391 1210 1096 1210 872 1211 874 1211 870 1211 827 1212 710 1212 709 1212 827 1213 824 1213 594 1213 442 1214 420 1214 443 1214 621 1215 417 1215 419 1215 505 1216 720 1216 506 1216 505 1217 1113 1217 955 1217 507 1218 502 1218 1055 1218 503 1219 821 1219 823 1219 728 1220 1055 1220 506 1220 821 1221 475 1221 1132 1221 879 1222 881 1222 691 1222 881 1223 714 1223 1070 1223 645 1224 544 1224 541 1224 1070 1225 483 1225 864 1225 705 1226 704 1226 984 1226 556 1227 928 1227 378 1227 586 1228 589 1228 587 1228 310 1229 307 1229 680 1229 448 1230 683 1230 538 1230 682 1231 282 1231 281 1231 875 1232 683 1232 448 1232 898 1233 281 1233 283 1233 801 1234 947 1234 377 1234 1142 1235 838 1235 836 1235 1110 1236 333 1236 335 1236 729 1237 733 1237 730 1237 550 1238 1037 1238 565 1238 327 1239 331 1239 328 1239 828 1240 824 1240 826 1240 825 1241 935 1241 597 1241 827 1242 594 1242 596 1242 464 1243 935 1243 997 1243 610 1244 1179 1244 1180 1244 610 1245 613 1245 1179 1245 702 1246 423 1246 837 1246 421 1247 705 1247 424 1247 945 1248 835 1248 834 1248 1063 1249 953 1249 615 1249 480 1250 481 1250 806 1250 562 1251 476 1251 478 1251 317 1252 953 1252 945 1252 970 1253 487 1253 486 1253 433 1254 1175 1254 434 1254 433 1255 435 1255 468 1255 861 1256 860 1256 1043 1256 466 1257 435 1257 432 1257 1175 1258 1178 1258 434 1258 1175 1259 938 1259 839 1259 938 1260 861 1260 1042 1260 723 1261 359 1261 722 1261 354 1262 957 1262 858 1262 886 1263 356 1263 859 1263 1019 1264 617 1264 488 1264 1143 1265 1018 1265 838 1265 1140 1266 525 1266 581 1266 1049 1267 1141 1267 1050 1267 524 1268 581 1268 522 1268 1139 1269 724 1269 1098 1269 1140 1270 599 1270 525 1270 1052 1271 1051 1271 1119 1271 1140 1272 581 1272 724 1272 723 1273 524 1273 1043 1273 1065 1274 1067 1274 1082 1274 1065 1275 518 1275 1066 1275 1066 1276 1181 1276 1182 1276 1183 1277 619 1277 1184 1277 488 1278 617 1278 614 1278 1018 1279 922 1279 924 1279 574 1280 485 1280 489 1280 970 1281 953 1281 642 1281 939 1282 386 1282 1185 1282 388 1283 425 1283 411 1283 794 1284 793 1284 995 1284 792 1285 506 1285 720 1285 279 1286 1149 1286 276 1286 1149 1287 571 1287 828 1287 431 1288 1186 1288 1187 1288 1188 1289 754 1289 1189 1289 990 1290 1112 1290 1015 1290 916 1291 728 1291 506 1291 1015 1292 1190 1292 1191 1292 1015 1293 1112 1293 734 1293 1057 1294 1059 1294 1079 1294 1058 1295 1192 1295 1059 1295 1193 1296 1075 1296 1194 1296 1058 1297 549 1297 1069 1297 1195 1298 652 1298 1196 1298 1197 1299 654 1299 939 1299 322 1300 319 1300 714 1300 321 1301 1037 1301 484 1301 495 1302 360 1302 362 1302 363 1303 402 1303 857 1303 634 1304 980 1304 967 1304 441 1305 443 1305 519 1305 855 1306 915 1306 925 1306 756 1307 592 1307 856 1307 864 1308 325 1308 965 1308 962 1309 1039 1309 960 1309 326 1310 1198 1310 416 1310 961 1311 323 1311 962 1311 665 1312 664 1312 704 1312 928 1313 569 1313 277 1313 436 1314 925 1314 695 1314 925 1315 590 1315 855 1315 1061 1316 438 1316 440 1316 437 1317 436 1317 695 1317 458 1318 460 1318 1035 1318 459 1319 1157 1319 460 1319 470 1320 1027 1320 1008 1320 470 1321 469 1321 473 1321 1008 1322 1027 1322 457 1322 471 1323 1008 1323 996 1323 1027 1324 891 1324 457 1324 1027 1325 470 1325 473 1325 406 1326 929 1326 490 1326 930 1327 972 1327 733 1327 1131 1328 709 1328 707 1328 1149 1329 828 1329 826 1329 480 1330 477 1330 476 1330 561 1331 743 1331 1034 1331 1130 1332 978 1332 389 1332 1130 1333 456 1333 978 1333 708 1334 425 1334 380 1334 422 1335 385 1335 387 1335 834 1336 373 1336 375 1336 947 1337 617 1337 1143 1337 1006 1338 688 1338 1169 1338 1005 1339 1004 1339 608 1339 800 1340 730 1340 974 1340 799 1341 914 1341 731 1341 961 1342 1199 1342 1200 1342 961 1343 964 1343 1199 1343 798 1344 757 1344 308 1344 877 1345 285 1345 284 1345 776 1346 1201 1346 777 1346 776 1347 1202 1347 1201 1347 342 1348 1203 1348 343 1348 342 1349 858 1349 850 1349 558 1350 1035 1350 998 1350 558 1351 557 1351 461 1351 1152 1352 409 1352 408 1352 1134 1353 816 1353 1003 1353 973 1354 763 1354 971 1354 1072 1355 555 1355 552 1355 625 1356 1129 1356 573 1356 626 1357 576 1357 1129 1357 493 1358 572 1358 491 1358 626 1359 689 1359 577 1359 1091 1360 779 1360 781 1360 1105 1361 908 1361 1102 1361 586 1362 588 1362 796 1362 587 1363 782 1363 588 1363 1204 1364 851 1364 888 1364 754 1365 755 1365 676 1365 298 1366 988 1366 986 1366 300 1367 299 1367 316 1367 718 1368 290 1368 719 1368 718 1369 721 1369 291 1369 1019 1370 1018 1370 1143 1370 924 1371 1205 1371 1206 1371 421 1372 425 1372 422 1372 424 1373 380 1373 425 1373 407 1374 487 1374 641 1374 485 1375 574 1375 335 1375 643 1376 641 1376 640 1376 335 1377 574 1377 1110 1377 995 1378 719 1378 831 1378 793 1379 792 1379 717 1379 678 1380 885 1380 466 1380 353 1381 957 1381 354 1381 1040 1382 1207 1382 1088 1382 1040 1383 1047 1383 1207 1383 696 1384 699 1384 1208 1384 698 1385 1209 1385 699 1385 301 1386 623 1386 274 1386 790 1387 405 1387 643 1387 615 1388 953 1388 616 1388 315 1389 913 1389 318 1389 987 1390 912 1390 1138 1390 944 1391 988 1391 318 1391 772 1392 932 1392 773 1392 1118 1393 1045 1393 1105 1393 772 1394 1045 1394 1118 1394 1091 1395 713 1395 661 1395 727 1396 966 1396 967 1396 1202 1397 991 1397 1014 1397 1113 1398 1210 1398 1211 1398 502 1399 501 1399 504 1399 794 1400 917 1400 792 1400 505 1401 501 1401 1113 1401 538 1402 539 1402 535 1402 539 1403 684 1403 540 1403 896 1404 285 1404 878 1404 875 1405 287 1405 282 1405 1090 1406 659 1406 712 1406 589 1407 308 1407 310 1407 587 1408 589 1408 1169 1408 669 1409 307 1409 309 1409 802 1410 591 1410 398 1410 897 1411 896 1411 878 1411 397 1412 803 1412 802 1412 895 1413 804 1413 583 1413 482 1414 914 1414 481 1414 564 1415 561 1415 1034 1415 681 1416 669 1416 1004 1416 668 1417 309 1417 847 1417 692 1418 1020 1418 531 1418 531 1419 1021 1419 534 1419 368 1420 371 1420 1170 1420 371 1421 584 1421 769 1421 533 1422 879 1422 691 1422 416 1423 413 1423 326 1423 665 1424 704 1424 1000 1424 556 1425 664 1425 927 1425 1038 1426 329 1426 813 1426 484 1427 865 1427 862 1427 840 1428 982 1428 841 1428 981 1429 1094 1429 982 1429 1003 1430 972 1430 929 1430 800 1431 481 1431 914 1431 288 1432 290 1432 718 1432 1001 1433 1212 1433 1213 1433 763 1434 805 1434 971 1434 731 1435 1034 1435 848 1435 449 1436 1214 1436 1215 1436 450 1437 538 1437 535 1437 738 1438 937 1438 936 1438 738 1439 1007 1439 736 1439 511 1440 1216 1440 512 1440 511 1441 374 1441 1217 1441 831 1442 290 1442 832 1442 721 1443 720 1443 955 1443 559 1444 770 1444 557 1444 768 1445 769 1445 1107 1445 557 1446 767 1446 560 1446 765 1447 748 1447 1172 1447 289 1448 292 1448 663 1448 292 1449 931 1449 666 1449 833 1450 1218 1450 1219 1450 833 1451 995 1451 831 1451 906 1452 909 1452 907 1452 780 1453 782 1453 926 1453 836 1454 1002 1454 1142 1454 423 1455 705 1455 421 1455 904 1456 987 1456 942 1456 988 1457 300 1457 318 1457 1141 1458 1220 1458 1053 1458 1141 1459 1139 1459 1098 1459 718 1460 291 1460 288 1460 932 1461 772 1461 1118 1461 934 1462 937 1462 935 1462 736 1463 1007 1463 921 1463 707 1464 710 1464 706 1464 827 1465 826 1465 824 1465 336 1466 347 1466 344 1466 850 1467 858 1467 956 1467 291 1468 773 1468 931 1468 774 1469 771 1469 1022 1469 1098 1470 724 1470 426 1470 1141 1471 952 1471 1220 1471 355 1472 724 1472 722 1472 1141 1473 950 1473 952 1473 579 1474 1007 1474 1084 1474 921 1475 629 1475 739 1475 732 1476 333 1476 1110 1476 923 1477 313 1477 1221 1477 759 1478 306 1478 308 1478 306 1479 845 1479 844 1479 849 1480 1222 1480 1223 1480 849 1481 1224 1481 1222 1481 1127 1482 695 1482 1128 1482 592 1483 591 1483 985 1483 819 1484 1068 1484 566 1484 865 1485 329 1485 1038 1485 837 1486 1123 1486 1121 1486 335 1487 332 1487 488 1487 926 1488 1169 1488 687 1488 628 1489 627 1489 638 1489 1017 1490 626 1490 624 1490 575 1491 577 1491 607 1491 493 1492 1017 1492 624 1492 681 1493 1006 1493 310 1493 784 1494 673 1494 670 1494 553 1495 555 1495 1225 1495 1130 1496 410 1496 706 1496 710 1497 827 1497 596 1497 596 1498 595 1498 454 1498 996 1499 598 1499 464 1499 997 1500 937 1500 954 1500 1129 1501 933 1501 573 1501 359 1502 723 1502 860 1502 1042 1503 580 1503 842 1503 456 1504 455 1504 978 1504 456 1505 596 1505 454 1505 455 1506 890 1506 978 1506 889 1507 457 1507 891 1507 455 1508 457 1508 889 1508 1009 1509 471 1509 463 1509 986 1510 944 1510 987 1510 911 1511 384 1511 912 1511 821 1512 1132 1512 822 1512 475 1513 445 1513 1132 1513 566 1514 542 1514 817 1514 542 1515 545 1515 820 1515 301 1516 854 1516 623 1516 303 1517 671 1517 829 1517 273 1518 622 1518 271 1518 408 1519 789 1519 1152 1519 702 1520 705 1520 423 1520 378 1521 928 1521 277 1521 726 1522 728 1522 735 1522 1226 1523 503 1523 1165 1523 669 1524 668 1524 639 1524 847 1525 716 1525 637 1525 842 1526 530 1526 983 1526 580 1527 1042 1527 1043 1527 693 1528 477 1528 480 1528 325 1529 864 1529 863 1529 1159 1530 1162 1530 1227 1530 890 1531 889 1531 1228 1531 891 1532 1229 1532 892 1532 1008 1533 457 1533 595 1533 1096 1534 672 1534 671 1534 1230 1535 555 1535 1231 1535 666 1536 932 1536 1111 1536 1105 1537 1046 1537 906 1537 631 1538 967 1538 778 1538 630 1539 632 1539 636 1539 1177 1540 1232 1540 969 1540 621 1541 520 1541 620 1541 676 1542 675 1542 679 1542 677 1543 755 1543 886 1543 950 1544 949 1544 952 1544 949 1545 951 1545 293 1545 1233 1546 339 1546 343 1546 885 1547 677 1547 883 1547 1234 1548 837 1548 1235 1548 1019 1549 1143 1549 617 1549 925 1550 593 1550 590 1550 843 1551 1054 1551 958 1551 405 1552 404 1552 643 1552 409 1553 1134 1553 1003 1553 409 1554 1003 1554 406 1554 972 1555 971 1555 974 1555 423 1556 422 1556 1002 1556 1062 1557 412 1557 708 1557 811 1558 812 1558 1048 1558 401 1559 497 1559 812 1559 550 1560 331 1560 330 1560 1236 1561 360 1561 364 1561 923 1562 334 1562 314 1562 486 1563 614 1563 616 1563 604 1564 627 1564 629 1564 844 1565 309 1565 306 1565 468 1566 467 1566 861 1566 527 1567 525 1567 599 1567 958 1568 286 1568 651 1568 287 1569 875 1569 715 1569 609 1570 1237 1570 1238 1570 719 1571 995 1571 793 1571 648 1572 647 1572 1030 1572 785 1573 540 1573 585 1573 911 1574 945 1574 834 1574 489 1575 485 1575 487 1575 1046 1576 713 1576 1091 1576 926 1577 587 1577 1169 1577 394 1578 1036 1578 397 1578 985 1579 897 1579 878 1579 298 1580 297 1580 300 1580 299 1581 790 1581 643 1581 815 1582 1126 1582 762 1582 623 1583 854 1583 791 1583 807 1584 808 1584 810 1584 807 1585 744 1585 808 1585 1138 1586 912 1586 381 1586 317 1587 316 1587 640 1587 936 1588 1007 1588 738 1588 736 1589 921 1589 739 1589 595 1590 598 1590 1008 1590 465 1591 997 1591 954 1591 372 1592 365 1592 369 1592 767 1593 764 1593 768 1593 279 1594 571 1594 1149 1594 572 1595 493 1595 624 1595 469 1596 471 1596 1009 1596 1083 1597 934 1597 1129 1597 570 1598 569 1598 928 1598 909 1599 1016 1599 907 1599 380 1600 379 1600 708 1600 275 1601 569 1601 567 1601 946 1602 948 1602 786 1602 1122 1603 1235 1603 837 1603 1046 1604 902 1604 713 1604 1127 1605 1090 1605 700 1605 757 1606 759 1606 308 1606 309 1607 844 1607 847 1607 1061 1608 440 1608 959 1608 439 1609 437 1609 695 1609 874 1610 622 1610 870 1610 274 1611 304 1611 301 1611 1073 1612 609 1612 611 1612 1114 1613 1113 1613 1239 1613 971 1614 805 1614 800 1614 662 1615 743 1615 563 1615 966 1616 727 1616 990 1616 507 1617 1056 1617 475 1617 1138 1618 381 1618 383 1618 516 1619 911 1619 834 1619 444 1620 1081 1620 1133 1620 1080 1621 518 1621 1065 1621 1058 1622 1069 1622 1109 1622 548 1623 550 1623 546 1623 477 1624 1070 1624 864 1624 865 1625 484 1625 329 1625 981 1626 1095 1626 1092 1626 391 1627 874 1627 392 1627 1096 1628 393 1628 783 1628 761 1629 973 1629 816 1629 1240 1630 1052 1630 1120 1630 1052 1631 601 1631 1050 1631 377 1632 376 1632 801 1632 930 1633 929 1633 972 1633 939 1634 1241 1634 940 1634 975 1635 389 1635 978 1635 386 1636 389 1636 975 1636 933 1637 828 1637 573 1637 975 1638 1242 1638 1243 1638 379 1639 276 1639 1131 1639 885 1640 884 1640 466 1640 356 1641 886 1641 357 1641 832 1642 290 1642 999 1642 491 1643 279 1643 278 1643 1244 1644 946 1644 1245 1644 1245 1645 946 1645 1246 1645 567 1646 908 1646 568 1646 997 1647 935 1647 937 1647 902 1648 1045 1648 774 1648 1005 1649 608 1649 606 1649 703 1650 1000 1650 701 1650 1025 1651 771 1651 773 1651 1015 1652 1180 1652 1190 1652 1226 1653 1113 1653 503 1653 403 1654 408 1654 409 1654 1247 1655 849 1655 1223 1655 798 1656 795 1656 915 1656 283 1657 285 1657 898 1657 326 1658 961 1658 1200 1658 1198 1659 326 1659 1200 1659 1124 1660 559 1660 998 1660 1106 1661 768 1661 1107 1661 1248 1662 969 1662 775 1662 443 1663 420 1663 621 1663 1041 1664 1040 1664 1088 1664 1038 1665 813 1665 1040 1665 923 1666 314 1666 311 1666 1150 1667 923 1667 1249 1667 842 1668 983 1668 840 1668 1095 1669 742 1669 783 1669 1212 1670 703 1670 1250 1670 1102 1671 1111 1671 932 1671 1139 1672 1049 1672 1140 1672 1141 1673 1098 1673 950 1673 688 1674 606 1674 607 1674 774 1675 698 1675 902 1675 305 1676 307 1676 310 1676 684 1677 894 1677 540 1677 874 1678 391 1678 873 1678 871 1679 903 1679 989 1679 1084 1680 1083 1680 576 1680 1251 1681 703 1681 1252 1681 1253 1682 1254 1682 923 1682 1255 1683 760 1683 1125 1683 1256 1684 1257 1684 760 1684 849 1685 1247 1685 313 1685 731 1686 849 1686 312 1686 1224 1687 809 1687 1033 1687 1020 1688 1257 1688 1258 1688 1020 1689 1258 1689 1259 1689 476 1690 482 1690 479 1690 1020 1691 1259 1691 1021 1691 692 1692 806 1692 1020 1692 533 1693 692 1693 531 1693 415 1694 744 1694 413 1694 413 1695 744 1695 662 1695 644 1696 880 1696 645 1696 543 1697 881 1697 644 1697 1087 1698 960 1698 1041 1698 1039 1699 962 1699 863 1699 1041 1700 960 1700 1039 1700 960 1701 964 1701 961 1701 1087 1702 963 1702 960 1702 551 1703 566 1703 1068 1703 819 1704 1108 1704 1069 1704 1040 1705 813 1705 811 1705 813 1706 399 1706 401 1706 496 1707 1260 1707 1261 1707 496 1708 1262 1708 1260 1708 496 1709 494 1709 1262 1709 499 1710 494 1710 495 1710 401 1711 494 1711 497 1711 1263 1712 1262 1712 494 1712 399 1713 813 1713 328 1713 363 1714 360 1714 400 1714 495 1715 1264 1715 1265 1715 1047 1716 1040 1716 811 1716 1265 1717 498 1717 495 1717 1263 1718 494 1718 499 1718 400 1719 360 1719 495 1719 360 1720 1236 1720 361 1720 547 1721 857 1721 548 1721 857 1722 1266 1722 1267 1722 363 1723 1164 1723 1011 1723 1060 1724 1194 1724 1075 1724 1012 1725 857 1725 1267 1725 1012 1726 1163 1726 363 1726 399 1727 402 1727 400 1727 1268 1728 1269 1728 857 1728 1268 1729 857 1729 1075 1729 549 1730 1058 1730 1060 1730 1194 1731 1060 1731 1270 1731 1271 1732 1272 1732 1079 1732 1078 1733 1079 1733 1273 1733 1079 1734 1272 1734 1273 1734 1078 1735 1274 1735 1057 1735 1057 1736 1274 1736 1275 1736 1057 1737 1275 1737 1060 1737 1076 1738 1060 1738 1276 1738 1270 1739 1060 1739 1077 1739 1277 1740 1012 1740 1267 1740 1041 1741 1039 1741 1038 1741 819 1742 566 1742 817 1742 566 1743 322 1743 542 1743 542 1744 541 1744 545 1744 541 1745 543 1745 644 1745 543 1746 714 1746 881 1746 413 1747 662 1747 326 1747 693 1748 480 1748 692 1748 1224 1749 849 1749 809 1749 873 1750 391 1750 302 1750 553 1751 1152 1751 554 1751 829 1752 830 1752 853 1752 526 1753 529 1753 528 1753 1255 1754 1256 1754 760 1754 530 1755 528 1755 742 1755 763 1756 973 1756 761 1756 553 1757 1225 1757 1126 1757 1094 1758 981 1758 1092 1758 1254 1759 1278 1759 924 1759 1279 1760 555 1760 1072 1760 527 1761 600 1761 1071 1761 555 1762 658 1762 1225 1762 1280 1763 657 1763 555 1763 1281 1764 555 1764 1282 1764 1282 1765 555 1765 1230 1765 848 1766 1034 1766 743 1766 965 1767 324 1767 478 1767 1231 1768 555 1768 1279 1768 1020 1769 760 1769 1257 1769 760 1770 1020 1770 806 1770 879 1771 882 1771 880 1771 549 1772 1060 1772 547 1772 1060 1773 1275 1773 1276 1773 1193 1774 1268 1774 1075 1774 857 1775 1269 1775 1266 1775 1109 1776 1192 1776 1058 1776 362 1777 1264 1777 495 1777 1068 1778 549 1778 546 1778 1098 1779 426 1779 1097 1779 1283 1780 1284 1780 1285 1780 1286 1781 1284 1781 1283 1781 1287 1782 1286 1782 1283 1782 1154 1783 1287 1783 1283 1783 1154 1784 1155 1784 1287 1784 1154 1785 348 1785 1155 1785 1154 1786 296 1786 1153 1786 1283 1787 294 1787 1154 1787 347 1788 348 1788 1153 1788 348 1789 350 1789 1156 1789 1153 1790 348 1790 1154 1790 352 1791 1288 1791 348 1791 345 1792 1097 1792 358 1792 1289 1793 336 1793 338 1793 1289 1794 351 1794 347 1794 336 1795 1290 1795 337 1795 359 1796 355 1796 722 1796 344 1797 339 1797 336 1797 342 1798 1291 1798 1203 1798 342 1799 851 1799 1291 1799 427 1800 1292 1800 851 1800 956 1801 357 1801 852 1801 427 1802 851 1802 850 1802 900 1803 1189 1803 754 1803 899 1804 431 1804 1293 1804 431 1805 754 1805 1188 1805 1294 1806 431 1806 1188 1806 431 1807 1295 1807 1296 1807 431 1808 1294 1808 1295 1808 899 1809 428 1809 427 1809 1297 1810 851 1810 1204 1810 341 1811 339 1811 1233 1811 345 1812 1153 1812 1097 1812 851 1813 1298 1813 1291 1813 886 1814 755 1814 852 1814 467 1815 859 1815 861 1815 1050 1816 1141 1816 1053 1816 938 1817 1175 1817 433 1817 1279 1818 1072 1818 1299 1818 1300 1819 924 1819 1301 1819 1302 1820 1303 1820 1304 1820 1305 1821 1302 1821 1304 1821 1306 1822 1305 1822 1304 1822 513 1823 1306 1823 1304 1823 513 1824 1307 1824 1306 1824 513 1825 1308 1825 1307 1825 513 1826 1309 1826 1308 1826 513 1827 515 1827 1309 1827 1044 1828 513 1828 1304 1828 513 1829 1310 1829 514 1829 1044 1830 382 1830 513 1830 1310 1831 513 1831 508 1831 1311 1832 1310 1832 508 1832 1312 1833 1311 1833 508 1833 508 1834 513 1834 384 1834 508 1835 510 1835 1312 1835 1313 1836 509 1836 508 1836 986 1837 904 1837 273 1837 508 1838 1314 1838 1313 1838 381 1839 912 1839 384 1839 512 1840 1315 1840 508 1840 1316 1841 1314 1841 508 1841 1315 1842 1316 1842 508 1842 374 1843 511 1843 375 1843 924 1844 1300 1844 1123 1844 1317 1845 1216 1845 511 1845 1318 1846 1317 1846 511 1846 1319 1847 1318 1847 511 1847 987 1848 1138 1848 942 1848 511 1849 1320 1849 1319 1849 1321 1850 1217 1850 374 1850 511 1851 1322 1851 1323 1851 511 1852 1217 1852 1322 1852 1324 1853 1321 1853 374 1853 1325 1854 1324 1854 374 1854 1326 1855 1325 1855 374 1855 1327 1856 1326 1856 374 1856 655 1857 1142 1857 1002 1857 946 1858 1328 1858 374 1858 946 1859 1244 1859 1328 1859 1329 1860 1330 1860 946 1860 1330 1861 1246 1861 946 1861 1329 1862 946 1862 1148 1862 946 1863 1331 1863 1147 1863 945 1864 953 1864 1063 1864 946 1865 786 1865 1332 1865 786 1866 788 1866 1333 1866 1334 1867 786 1867 1335 1867 423 1868 1002 1868 836 1868 1195 1869 1335 1869 652 1869 948 1870 1142 1870 655 1870 1336 1871 1196 1871 652 1871 939 1872 941 1872 1197 1872 654 1873 1337 1873 652 1873 702 1874 837 1874 1234 1874 653 1875 939 1875 654 1875 1338 1876 702 1876 1234 1876 665 1877 289 1877 663 1877 984 1878 556 1878 380 1878 387 1879 939 1879 653 1879 1241 1880 939 1880 1185 1880 1185 1881 386 1881 1339 1881 1339 1882 386 1882 1340 1882 1340 1883 386 1883 1341 1883 1341 1884 386 1884 1342 1884 1338 1885 1343 1885 702 1885 1344 1886 1342 1886 386 1886 975 1887 1344 1887 386 1887 975 1888 1345 1888 1344 1888 975 1889 1346 1889 1345 1889 702 1890 1343 1890 1347 1890 1346 1891 975 1891 1348 1891 1348 1892 975 1892 977 1892 1349 1893 702 1893 1347 1893 976 1894 975 1894 1350 1894 1351 1895 1242 1895 975 1895 1089 1896 702 1896 1349 1896 975 1897 1352 1897 1351 1897 975 1898 979 1898 1352 1898 978 1899 1353 1899 979 1899 978 1900 1159 1900 1353 1900 1353 1901 1159 1901 1354 1901 978 1902 890 1902 1159 1902 1159 1903 1355 1903 1160 1903 1159 1904 1356 1904 1355 1904 1159 1905 1357 1905 1356 1905 1159 1906 1227 1906 1357 1906 1130 1907 706 1907 456 1907 890 1908 1358 1908 1162 1908 890 1909 1359 1909 1358 1909 890 1910 1360 1910 1359 1910 890 1911 1361 1911 1360 1911 890 1912 1228 1912 1361 1912 1229 1913 891 1913 1362 1913 1362 1914 891 1914 1363 1914 1363 1915 891 1915 1364 1915 1364 1916 891 1916 1365 1916 1365 1917 891 1917 1366 1917 1366 1918 891 1918 1367 1918 1026 1919 1368 1919 1369 1919 1027 1920 1026 1920 891 1920 1026 1921 1136 1921 1370 1921 1371 1922 1135 1922 1026 1922 1372 1923 1026 1923 1373 1923 1026 1924 1374 1924 1375 1924 1026 1925 1372 1925 1371 1925 1367 1926 891 1926 1369 1926 826 1927 709 1927 1149 1927 703 1928 1089 1928 1252 1928 1169 1929 685 1929 687 1929 698 1930 1376 1930 1209 1930 696 1931 694 1931 700 1931 449 1932 1215 1932 446 1932 696 1933 1208 1933 1377 1933 920 1934 697 1934 1377 1934 1377 1935 697 1935 696 1935 1127 1936 700 1936 694 1936 876 1937 759 1937 856 1937 440 1938 697 1938 919 1938 1061 1939 1157 1939 459 1939 875 1940 448 1940 447 1940 449 1941 451 1941 1214 1941 648 1942 1378 1942 451 1942 648 1943 1379 1943 1378 1943 648 1944 1031 1944 1379 1944 458 1945 558 1945 461 1945 647 1946 1380 1946 1030 1946 649 1947 646 1947 537 1947 365 1948 1028 1948 647 1948 365 1949 647 1949 370 1949 559 1950 1124 1950 866 1950 369 1951 368 1951 1381 1951 584 1952 371 1952 370 1952 371 1953 766 1953 1170 1953 769 1954 766 1954 371 1954 1173 1955 766 1955 1167 1955 747 1956 746 1956 866 1956 766 1957 1168 1957 1382 1957 1383 1958 748 1958 868 1958 749 1959 770 1959 746 1959 751 1960 745 1960 747 1960 1384 1961 750 1961 747 1961 753 1962 752 1962 1385 1962 747 1963 753 1963 1384 1963 751 1964 869 1964 745 1964 745 1965 869 1965 748 1965 748 1966 1383 1966 1172 1966 1166 1967 766 1967 1382 1967 1085 1968 1107 1968 769 1968 1171 1969 1381 1969 368 1969 1028 1970 365 1970 367 1970 897 1971 804 1971 895 1971 1380 1972 647 1972 1029 1972 894 1973 895 1973 583 1973 280 1974 286 1974 284 1974 648 1975 451 1975 450 1975 453 1976 452 1976 459 1976 446 1977 1215 1977 1386 1977 685 1978 1169 1978 688 1978 1387 1979 1376 1979 698 1979 698 1980 1388 1980 1387 1980 774 1981 1389 1981 698 1981 698 1982 1389 1982 1388 1982 1390 1983 1391 1983 703 1983 703 1984 1391 1984 1250 1984 719 1985 793 1985 717 1985 1213 1986 1103 1986 1001 1986 1392 1987 1001 1987 1104 1987 1023 1988 1389 1988 774 1988 833 1989 1001 1989 1392 1989 1218 1990 833 1990 1393 1990 700 1991 901 1991 698 1991 720 1992 505 1992 955 1992 459 1993 461 1993 453 1993 1237 1994 992 1994 994 1994 1036 1995 1106 1995 397 1995 1113 1996 1025 1996 955 1996 1055 1997 502 1997 506 1997 1025 1998 1114 1998 1024 1998 1394 1999 1113 1999 1395 1999 703 2000 1251 2000 1390 2000 1113 2001 1226 2001 1210 2001 1113 2002 501 2002 503 2002 1015 2003 610 2003 1180 2003 980 2004 634 2004 618 2004 1396 2005 1013 2005 991 2005 1112 2006 990 2006 726 2006 776 2007 991 2007 1202 2007 821 2008 507 2008 475 2008 777 2009 1248 2009 775 2009 1397 2010 1398 2010 1067 2010 420 2011 474 2011 1056 2011 1399 2012 635 2012 1400 2012 1397 2013 1064 2013 1401 2013 635 2014 1399 2014 1184 2014 1401 2015 1064 2015 1402 2015 1403 2016 1404 2016 1405 2016 620 2017 517 2017 519 2017 619 2018 1406 2018 521 2018 1066 2019 1182 2019 1099 2019 1181 2020 1066 2020 1101 2020 1101 2021 521 2021 1406 2021 521 2022 1066 2022 518 2022 1176 2023 969 2023 1248 2023 1407 2024 619 2024 1183 2024 1408 2025 1409 2025 636 2025 1410 2026 636 2026 632 2026 969 2027 1411 2027 968 2027 1412 2028 1232 2028 1413 2028 619 2029 1403 2029 1405 2029 1232 2030 1412 2030 1414 2030 1296 2031 1186 2031 431 2031 1411 2032 1232 2032 1414 2032 431 2033 1187 2033 1293 2033 1411 2034 969 2034 1232 2034 429 2035 1292 2035 427 2035 968 2036 1410 2036 632 2036 1292 2037 887 2037 851 2037 636 2038 1410 2038 1408 2038 1297 2039 1298 2039 851 2039 1415 2040 1158 2040 636 2040 858 2041 345 2041 358 2041 1415 2042 636 2042 1409 2042 336 2043 1289 2043 347 2043 1400 2044 635 2044 1158 2044 349 2045 348 2045 1288 2045 445 2046 475 2046 442 2046 1407 2047 1403 2047 619 2047 340 2048 1290 2048 336 2048 1066 2049 1100 2049 1402 2049 809 2050 810 2050 1032 2050 619 2051 1405 2051 1406 2051 1082 2052 1081 2052 1080 2052 1140 2053 1049 2053 599 2053 1184 2054 619 2054 635 2054 1066 2055 1402 2055 1064 2055 1397 2056 1067 2056 1064 2056 525 2057 527 2057 523 2057 1416 2058 1067 2058 1398 2058 776 2059 775 2059 778 2059 311 2060 313 2060 923 2060 991 2061 776 2061 966 2061 1052 2062 1240 2062 1299 2062 418 2063 420 2063 1056 2063 1052 2064 1299 2064 1072 2064 991 2065 1015 2065 1396 2065 1396 2066 1015 2066 1191 2066 1073 2067 611 2067 794 2067 1206 2068 1417 2068 924 2068 1237 2069 609 2069 1073 2069 924 2070 1278 2070 1205 2070 1211 2071 1395 2071 1113 2071 555 2072 1281 2072 1280 2072 313 2073 1247 2073 1146 2073 613 2074 610 2074 609 2074 1254 2075 924 2075 923 2075 1239 2076 1113 2076 1394 2076 1145 2077 1221 2077 313 2077 916 2078 611 2078 735 2078 729 2079 731 2079 312 2079 609 2080 1238 2080 612 2080 923 2081 1221 2081 1249 2081 992 2082 1237 2082 1073 2082 1253 2083 923 2083 1151 2083 924 2084 1417 2084 1301 2084 1073 2085 995 2085 992 2085 992 2086 1074 2086 993 2086 833 2087 1219 2087 1074 2087 1393 2088 833 2088 1392 2088 833 2089 832 2089 1001 2089 1212 2090 1001 2090 703 2090 1370 2091 1368 2091 1026 2091 1026 2092 1369 2092 891 2092 889 2093 892 2093 1228 2093 1374 2094 1026 2094 1137 2094 1026 2095 1375 2095 1373 2095 1336 2096 652 2096 1337 2096 975 2097 1243 2097 1350 2097 786 2098 652 2098 1335 2098 786 2099 1334 2099 787 2099 1333 2100 1332 2100 786 2100 1331 2101 946 2101 1332 2101 377 2102 374 2102 373 2102 838 2103 924 2103 1123 2103 643 2104 404 2104 641 2104 1327 2105 374 2105 1328 2105 1320 2106 511 2106 1323 2106 1159 2107 1161 2107 1354 2107 1418 2108 1419 2108 1420 2108 1420 2109 1419 2109 1421 2109 1418 2110 1422 2110 1419 2110 1423 2111 1418 2111 1420 2111 1420 2112 1424 2112 1423 2112 1423 2113 1424 2113 1425 2113 1426 2114 1423 2114 1425 2114 1427 2115 1426 2115 1425 2115 1427 2116 1428 2116 1426 2116 1426 2117 1428 2117 1429 2117 1429 2118 1428 2118 1430 2118 1431 2119 1430 2119 1432 2119 1431 2120 1429 2120 1430 2120 1433 2121 1431 2121 1432 2121 1434 2122 1433 2122 1432 2122 1434 2123 1435 2123 1433 2123 1435 2124 1436 2124 1437 2124 1437 2125 1436 2125 1438 2125 1439 2126 1437 2126 1438 2126 1440 2127 1439 2127 1441 2127 1442 2128 1440 2128 1443 2128 1444 2129 1442 2129 1443 2129 1445 2130 1446 2130 1447 2130 1448 2131 1449 2131 1450 2131 1451 2132 1452 2132 1453 2132 1452 2133 1454 2133 1455 2133 1454 2134 1456 2134 1457 2134 1458 2135 1459 2135 1460 2135 1461 2136 1460 2136 1462 2136 1463 2137 1464 2137 1465 2137 1466 2138 1467 2138 1468 2138 1469 2139 1466 2139 1470 2139 1468 2140 1470 2140 1466 2140 1462 2141 1468 2141 1467 2141 1461 2142 1462 2142 1467 2142 1458 2143 1460 2143 1461 2143 1464 2144 1459 2144 1458 2144 1464 2145 1463 2145 1459 2145 1465 2146 1456 2146 1463 2146 1465 2147 1457 2147 1456 2147 1457 2148 1455 2148 1454 2148 1455 2149 1453 2149 1452 2149 1453 2150 1450 2150 1451 2150 1451 2151 1450 2151 1449 2151 1449 2152 1448 2152 1471 2152 1471 2153 1448 2153 1472 2153 1446 2154 1473 2154 1472 2154 1472 2155 1473 2155 1471 2155 1446 2156 1445 2156 1473 2156 1447 2157 1474 2157 1445 2157 1447 2158 1475 2158 1474 2158 1476 2159 1475 2159 1477 2159 1476 2160 1474 2160 1475 2160 1478 2161 1476 2161 1477 2161 1479 2162 1480 2162 1481 2162 1477 2163 1479 2163 1478 2163 1480 2164 1482 2164 1481 2164 1481 2165 1478 2165 1479 2165 1483 2166 1482 2166 1480 2166 1443 2167 1440 2167 1441 2167 1483 2168 1444 2168 1482 2168 1441 2169 1439 2169 1438 2169 1442 2170 1444 2170 1483 2170 1435 2171 1434 2171 1436 2171 1484 2172 1485 2172 1486 2172 1484 2173 1487 2173 1488 2173 1489 2174 1490 2174 1491 2174 1490 2175 1486 2175 1485 2175 1492 2176 1489 2176 1491 2176 1493 2177 1492 2177 1491 2177 1493 2178 1494 2178 1492 2178 1495 2179 1496 2179 1494 2179 1497 2180 1498 2180 1499 2180 1500 2181 1497 2181 1499 2181 1497 2182 1501 2182 1498 2182 1501 2183 1502 2183 1503 2183 1504 2184 1496 2184 1500 2184 1502 2185 1505 2185 1503 2185 1506 2186 1507 2186 1505 2186 1506 2187 1508 2187 1507 2187 1509 2188 1510 2188 1511 2188 1508 2189 1511 2189 1512 2189 1507 2190 1508 2190 1512 2190 1513 2191 1514 2191 1515 2191 1511 2192 1515 2192 1509 2192 1516 2193 1517 2193 1518 2193 1516 2194 1519 2194 1517 2194 1516 2195 1520 2195 1519 2195 1519 2196 1520 2196 1521 2196 1521 2197 1520 2197 1522 2197 1523 2198 1521 2198 1522 2198 1524 2199 1523 2199 1522 2199 1524 2200 1513 2200 1523 2200 1524 2201 1514 2201 1513 2201 1514 2202 1509 2202 1515 2202 1510 2203 1512 2203 1511 2203 1502 2204 1506 2204 1505 2204 1501 2205 1503 2205 1498 2205 1499 2206 1504 2206 1500 2206 1500 2207 1496 2207 1495 2207 1495 2208 1494 2208 1493 2208 1486 2209 1490 2209 1489 2209 1488 2210 1485 2210 1484 2210 1525 2211 1526 2211 1527 2211 1528 2212 1527 2212 1526 2212 1529 2213 1530 2213 1528 2213 1531 2214 1532 2214 1529 2214 1531 2215 1533 2215 1532 2215 1534 2216 1535 2216 1533 2216 1536 2217 1537 2217 1535 2217 1536 2218 1538 2218 1537 2218 1538 2219 1539 2219 1540 2219 1539 2220 1541 2220 1542 2220 1541 2221 1543 2221 1544 2221 1543 2222 1545 2222 1546 2222 1545 2223 1547 2223 1548 2223 1547 2224 1549 2224 1550 2224 1549 2225 1551 2225 1552 2225 1551 2226 1553 2226 1554 2226 1554 2227 1553 2227 1555 2227 1555 2228 1556 2228 1557 2228 1557 2229 1558 2229 1559 2229 1559 2230 1558 2230 1560 2230 1561 2231 1560 2231 1562 2231 1563 2232 1564 2232 1565 2232 1566 2233 1565 2233 1567 2233 1568 2234 1567 2234 1569 2234 1570 2235 1571 2235 1572 2235 1573 2236 1574 2236 1575 2236 1574 2237 1576 2237 1577 2237 1578 2238 1579 2238 1580 2238 1581 2239 1582 2239 1583 2239 1584 2240 1583 2240 1585 2240 1586 2241 1585 2241 1587 2241 1576 2242 1588 2242 1589 2242 1583 2243 1584 2243 1581 2243 1584 2244 1585 2244 1586 2244 1582 2245 1581 2245 1578 2245 1580 2246 1582 2246 1578 2246 1588 2247 1580 2247 1579 2247 1589 2248 1588 2248 1579 2248 1589 2249 1577 2249 1576 2249 1577 2250 1575 2250 1574 2250 1572 2251 1571 2251 1573 2251 1575 2252 1572 2252 1573 2252 1570 2253 1569 2253 1571 2253 1570 2254 1568 2254 1569 2254 1568 2255 1566 2255 1567 2255 1566 2256 1563 2256 1565 2256 1563 2257 1590 2257 1564 2257 1562 2258 1590 2258 1561 2258 1562 2259 1564 2259 1590 2259 1560 2260 1561 2260 1559 2260 1558 2261 1557 2261 1556 2261 1556 2262 1555 2262 1553 2262 1554 2263 1552 2263 1551 2263 1552 2264 1550 2264 1549 2264 1550 2265 1548 2265 1547 2265 1548 2266 1546 2266 1545 2266 1546 2267 1544 2267 1543 2267 1544 2268 1542 2268 1541 2268 1542 2269 1540 2269 1539 2269 1540 2270 1537 2270 1538 2270 1535 2271 1534 2271 1536 2271 1533 2272 1531 2272 1534 2272 1530 2273 1529 2273 1532 2273 1527 2274 1528 2274 1530 2274 1591 2275 1592 2275 1593 2275 1594 2276 1595 2276 1596 2276 1593 2277 1592 2277 1597 2277 1595 2278 1594 2278 1598 2278 1599 2279 1600 2279 1601 2279 1602 2280 1603 2280 1604 2280 1602 2281 1605 2281 1606 2281 1598 2282 1600 2282 1599 2282 1606 2283 1599 2283 1602 2283 1605 2284 1602 2284 1604 2284 1607 2285 1605 2285 1608 2285 1609 2286 1607 2286 1610 2286 1609 2287 1610 2287 1611 2287 1612 2288 1609 2288 1613 2288 1614 2289 1612 2289 1615 2289 1616 2290 1617 2290 1618 2290 1616 2291 1619 2291 1620 2291 1617 2292 1621 2292 1618 2292 1622 2293 1621 2293 1617 2293 1618 2294 1619 2294 1616 2294 1623 2295 1621 2295 1622 2295 1624 2296 1625 2296 1623 2296 1626 2297 1627 2297 1624 2297 1626 2298 1628 2298 1627 2298 1629 2299 1628 2299 1626 2299 1630 2300 1628 2300 1629 2300 1631 2301 1628 2301 1630 2301 1632 2302 1628 2302 1631 2302 1633 2303 1634 2303 1632 2303 1635 2304 1636 2304 1634 2304 1636 2305 1637 2305 1634 2305 1637 2306 1638 2306 1634 2306 1638 2307 1639 2307 1640 2307 1639 2308 1641 2308 1640 2308 1641 2309 1642 2309 1640 2309 1640 2310 1643 2310 1644 2310 1640 2311 1644 2311 1645 2311 1644 2312 1646 2312 1645 2312 1647 2313 1648 2313 1645 2313 1649 2314 1650 2314 1651 2314 1652 2315 1648 2315 1653 2315 1648 2316 1647 2316 1653 2316 1645 2317 1649 2317 1651 2317 1645 2318 1651 2318 1647 2318 1652 2319 1654 2319 1648 2319 1655 2320 1654 2320 1652 2320 1648 2321 1656 2321 1657 2321 1648 2322 1657 2322 1658 2322 1648 2323 1658 2323 1659 2323 1658 2324 1660 2324 1659 2324 1659 2325 1661 2325 1662 2325 1659 2326 1662 2326 1663 2326 1659 2327 1663 2327 1664 2327 1659 2328 1664 2328 1665 2328 1659 2329 1665 2329 1666 2329 1666 2330 1667 2330 1668 2330 1666 2331 1668 2331 1669 2331 1666 2332 1669 2332 1670 2332 1666 2333 1670 2333 1671 2333 1672 2334 1671 2334 1673 2334 1674 2335 1672 2335 1675 2335 1676 2336 1674 2336 1677 2336 1678 2337 1679 2337 1680 2337 1678 2338 1680 2338 1681 2338 1679 2339 1682 2339 1680 2339 1683 2340 1682 2340 1679 2340 1680 2341 1684 2341 1681 2341 1685 2342 1682 2342 1683 2342 1686 2343 1687 2343 1685 2343 1688 2344 1687 2344 1686 2344 1688 2345 1689 2345 1690 2345 1690 2346 1691 2346 1692 2346 1693 2347 1692 2347 1694 2347 1695 2348 1693 2348 1696 2348 1697 2349 1698 2349 1699 2349 1695 2350 1696 2350 1699 2350 1698 2351 1700 2351 1701 2351 1698 2352 1701 2352 1695 2352 1700 2353 1702 2353 1703 2353 1700 2354 1703 2354 1701 2354 1700 2355 1704 2355 1702 2355 1699 2356 1698 2356 1695 2356 1694 2357 1696 2357 1693 2357 1692 2358 1693 2358 1690 2358 1689 2359 1688 2359 1705 2359 1677 2360 1684 2360 1676 2360 1685 2361 1687 2361 1682 2361 1676 2362 1684 2362 1680 2362 1674 2363 1675 2363 1677 2363 1672 2364 1706 2364 1675 2364 1666 2365 1671 2365 1672 2365 1665 2366 1667 2366 1666 2366 1660 2367 1661 2367 1659 2367 1654 2368 1656 2368 1648 2368 1649 2369 1645 2369 1646 2369 1643 2370 1640 2370 1642 2370 1640 2371 1634 2371 1638 2371 1634 2372 1633 2372 1635 2372 1621 2373 1623 2373 1625 2373 1624 2374 1627 2374 1625 2374 1615 2375 1619 2375 1614 2375 1614 2376 1619 2376 1618 2376 1612 2377 1613 2377 1615 2377 1609 2378 1611 2378 1613 2378 1607 2379 1608 2379 1610 2379 1605 2380 1604 2380 1608 2380 1599 2381 1606 2381 1598 2381 1600 2382 1598 2382 1594 2382 1688 2383 1686 2383 1705 2383 1628 2384 1632 2384 1634 2384 1691 2385 1690 2385 1689 2385 1596 2386 1597 2386 1592 2386 1597 2387 1596 2387 1595 2387 1672 2388 1673 2388 1706 2388 1700 2389 1707 2389 1704 2389 1708 2390 1709 2390 1710 2390 1711 2391 1712 2391 1713 2391 1711 2392 1714 2392 1712 2392 1712 2393 1714 2393 1715 2393 1715 2394 1714 2394 1716 2394 1717 2395 1715 2395 1716 2395 1718 2396 1717 2396 1716 2396 1719 2397 1718 2397 1716 2397 1720 2398 1716 2398 1721 2398 1722 2399 1720 2399 1721 2399 1723 2400 1722 2400 1721 2400 1724 2401 1721 2401 1725 2401 1725 2402 1721 2402 1726 2402 1727 2403 1725 2403 1726 2403 1728 2404 1727 2404 1726 2404 1729 2405 1726 2405 1708 2405 1710 2406 1729 2406 1708 2406 1709 2407 1708 2407 1730 2407 1728 2408 1726 2408 1729 2408 1723 2409 1721 2409 1724 2409 1716 2410 1720 2410 1719 2410 1731 2411 1732 2411 1733 2411 1731 2412 1734 2412 1735 2412 1733 2413 1732 2413 1736 2413 1737 2414 1734 2414 1738 2414 1739 2415 1740 2415 1741 2415 1742 2416 1740 2416 1743 2416 1744 2417 1739 2417 1741 2417 1736 2418 1742 2418 1743 2418 1745 2419 1746 2419 1747 2419 1748 2420 1745 2420 1747 2420 1746 2421 1749 2421 1750 2421 1749 2422 1751 2422 1752 2422 1752 2423 1751 2423 1753 2423 1753 2424 1754 2424 1755 2424 1755 2425 1754 2425 1756 2425 1757 2426 1758 2426 1759 2426 1760 2427 1757 2427 1759 2427 1760 2428 1761 2428 1757 2428 1760 2429 1762 2429 1761 2429 1761 2430 1762 2430 1763 2430 1763 2431 1762 2431 1764 2431 1756 2432 1763 2432 1764 2432 1755 2433 1756 2433 1764 2433 1751 2434 1754 2434 1753 2434 1749 2435 1752 2435 1750 2435 1746 2436 1750 2436 1747 2436 1745 2437 1748 2437 1744 2437 1740 2438 1742 2438 1741 2438 1733 2439 1736 2439 1743 2439 1735 2440 1732 2440 1731 2440 1744 2441 1748 2441 1739 2441 1737 2442 1735 2442 1734 2442 1765 2443 1766 2443 1767 2443 1768 2444 1769 2444 1770 2444 1770 2445 1769 2445 1771 2445 1771 2446 1769 2446 1766 2446 1772 2447 1773 2447 1774 2447 1774 2448 1773 2448 1768 2448 1775 2449 1776 2449 1777 2449 1773 2450 1772 2450 1777 2450 1775 2451 1778 2451 1776 2451 1778 2452 1779 2452 1780 2452 1780 2453 1779 2453 1781 2453 1781 2454 1782 2454 1783 2454 1784 2455 1785 2455 1786 2455 1787 2456 1783 2456 1784 2456 1788 2457 1789 2457 1790 2457 1791 2458 1785 2458 1788 2458 1791 2459 1792 2459 1785 2459 1793 2460 1794 2460 1795 2460 1794 2461 1796 2461 1789 2461 1789 2462 1796 2462 1790 2462 1797 2463 1798 2463 1799 2463 1795 2464 1799 2464 1793 2464 1800 2465 1801 2465 1802 2465 1800 2466 1803 2466 1801 2466 1800 2467 1804 2467 1803 2467 1803 2468 1804 2468 1805 2468 1805 2469 1804 2469 1806 2469 1807 2470 1805 2470 1806 2470 1797 2471 1807 2471 1806 2471 1797 2472 1799 2472 1807 2472 1798 2473 1793 2473 1799 2473 1796 2474 1794 2474 1793 2474 1788 2475 1790 2475 1791 2475 1785 2476 1792 2476 1786 2476 1784 2477 1786 2477 1787 2477 1782 2478 1784 2478 1783 2478 1779 2479 1782 2479 1781 2479 1778 2480 1780 2480 1776 2480 1775 2481 1777 2481 1772 2481 1768 2482 1770 2482 1774 2482 1765 2483 1771 2483 1766 2483 1808 2484 1809 2484 1810 2484 1808 2485 1811 2485 1812 2485 1813 2486 1810 2486 1814 2486 1815 2487 1813 2487 1814 2487 1816 2488 1815 2488 1814 2488 1817 2489 1818 2489 1816 2489 1817 2490 1819 2490 1818 2490 1820 2491 1821 2491 1819 2491 1822 2492 1823 2492 1824 2492 1822 2493 1825 2493 1823 2493 1822 2494 1821 2494 1825 2494 1825 2495 1821 2495 1820 2495 1820 2496 1819 2496 1817 2496 1818 2497 1815 2497 1816 2497 1809 2498 1812 2498 1826 2498 1813 2499 1808 2499 1810 2499 1812 2500 1809 2500 1808 2500 1827 2501 1828 2501 1829 2501 1830 2502 1831 2502 1832 2502 1833 2503 1827 2503 1834 2503 1835 2504 1836 2504 1837 2504 1838 2505 1837 2505 1839 2505 1840 2506 1841 2506 1842 2506 1843 2507 1844 2507 1845 2507 1846 2508 1843 2508 1847 2508 1848 2509 1846 2509 1849 2509 1850 2510 1848 2510 1851 2510 1852 2511 1850 2511 1853 2511 1852 2512 1854 2512 1850 2512 1850 2513 1855 2513 1856 2513 1854 2514 1857 2514 1855 2514 1855 2515 1857 2515 1858 2515 1858 2516 1859 2516 1860 2516 1860 2517 1859 2517 1861 2517 1861 2518 1859 2518 1862 2518 1859 2519 1863 2519 1864 2519 1864 2520 1863 2520 1865 2520 1866 2521 1863 2521 1867 2521 1868 2522 1869 2522 1870 2522 1869 2523 1871 2523 1872 2523 1872 2524 1871 2524 1873 2524 1874 2525 1871 2525 1875 2525 1875 2526 1876 2526 1877 2526 1876 2527 1878 2527 1879 2527 1880 2528 1881 2528 1830 2528 1830 2529 1881 2529 1882 2529 1882 2530 1881 2530 1883 2530 1830 2531 1832 2531 1880 2531 1883 2532 1881 2532 1878 2532 1867 2533 1869 2533 1868 2533 1883 2534 1884 2534 1882 2534 1882 2535 1884 2535 1885 2535 1884 2536 1886 2536 1887 2536 1887 2537 1886 2537 1888 2537 1889 2538 1890 2538 1891 2538 1889 2539 1886 2539 1890 2539 1892 2540 1889 2540 1891 2540 1893 2541 1892 2541 1891 2541 1893 2542 1894 2542 1892 2542 1895 2543 1896 2543 1894 2543 1897 2544 1886 2544 1889 2544 1895 2545 1898 2545 1896 2545 1899 2546 1886 2546 1897 2546 1898 2547 1900 2547 1901 2547 1902 2548 1886 2548 1899 2548 1876 2549 1875 2549 1871 2549 1827 2550 1829 2550 1903 2550 1886 2551 1904 2551 1888 2551 1884 2552 1887 2552 1885 2552 1863 2553 1866 2553 1905 2553 1873 2554 1871 2554 1874 2554 1827 2555 1906 2555 1834 2555 1833 2556 1907 2556 1827 2556 1876 2557 1883 2557 1878 2557 1903 2558 1829 2558 1908 2558 1903 2559 1906 2559 1827 2559 1877 2560 1876 2560 1879 2560 1909 2561 1829 2561 1910 2561 1909 2562 1908 2562 1829 2562 1911 2563 1900 2563 1912 2563 1912 2564 1900 2564 1898 2564 1898 2565 1901 2565 1896 2565 1895 2566 1894 2566 1893 2566 1913 2567 1914 2567 1915 2567 1913 2568 1886 2568 1914 2568 1915 2569 1914 2569 1916 2569 1917 2570 1915 2570 1916 2570 1917 2571 1918 2571 1915 2571 1917 2572 1919 2572 1918 2572 1918 2573 1919 2573 1920 2573 1920 2574 1921 2574 1922 2574 1922 2575 1921 2575 1923 2575 1828 2576 1911 2576 1924 2576 1925 2577 1926 2577 1927 2577 1829 2578 1928 2578 1910 2578 1869 2579 1872 2579 1870 2579 1890 2580 1886 2580 1913 2580 1911 2581 1912 2581 1924 2581 1863 2582 1869 2582 1867 2582 1865 2583 1863 2583 1905 2583 1929 2584 1926 2584 1925 2584 1930 2585 1929 2585 1925 2585 1930 2586 1931 2586 1929 2586 1931 2587 1932 2587 1923 2587 1923 2588 1932 2588 1933 2588 1922 2589 1923 2589 1933 2589 1934 2590 1914 2590 1935 2590 1934 2591 1916 2591 1914 2591 1935 2592 1914 2592 1936 2592 1936 2593 1914 2593 1937 2593 1937 2594 1914 2594 1938 2594 1938 2595 1914 2595 1939 2595 1939 2596 1914 2596 1940 2596 1940 2597 1914 2597 1941 2597 1942 2598 1940 2598 1941 2598 1930 2599 1932 2599 1931 2599 1943 2600 1942 2600 1941 2600 1944 2601 1925 2601 1945 2601 1946 2602 1926 2602 1947 2602 1948 2603 1949 2603 1950 2603 1951 2604 1952 2604 1948 2604 1943 2605 1951 2605 1948 2605 1951 2606 1953 2606 1952 2606 1951 2607 1954 2607 1953 2607 1954 2608 1951 2608 1955 2608 1955 2609 1956 2609 1957 2609 1958 2610 1955 2610 1957 2610 1959 2611 1960 2611 1955 2611 1961 2612 1959 2612 1955 2612 1961 2613 1962 2613 1959 2613 1962 2614 1961 2614 1963 2614 1963 2615 1961 2615 1964 2615 1964 2616 1961 2616 1965 2616 1966 2617 1965 2617 1967 2617 1967 2618 1965 2618 1968 2618 1968 2619 1965 2619 1969 2619 1970 2620 1968 2620 1969 2620 1969 2621 1971 2621 1972 2621 1973 2622 1969 2622 1972 2622 1974 2623 1975 2623 1971 2623 1971 2624 1975 2624 1976 2624 1977 2625 1974 2625 1971 2625 1948 2626 1952 2626 1949 2626 1958 2627 1954 2627 1955 2627 1978 2628 1925 2628 1944 2628 1979 2629 1980 2629 1981 2629 1982 2630 1979 2630 1983 2630 1849 2631 1846 2631 1984 2631 1985 2632 1986 2632 1987 2632 1988 2633 1985 2633 1989 2633 1990 2634 1991 2634 1992 2634 22 2635 21 2635 1993 2635 1993 2636 21 2636 1990 2636 1990 2637 1994 2637 1993 2637 1990 2638 1992 2638 1994 2638 1838 2639 1839 2639 1995 2639 1990 2640 1988 2640 1991 2640 1841 2641 1838 2641 1995 2641 1996 2642 1991 2642 1988 2642 1841 2643 1840 2643 1838 2643 1988 2644 1997 2644 1996 2644 1988 2645 1989 2645 1997 2645 1840 2646 1998 2646 1844 2646 1985 2647 1999 2647 2000 2647 1985 2648 1987 2648 1999 2648 1843 2649 2001 2649 1847 2649 1846 2650 1847 2650 2002 2650 1984 2651 1846 2651 2002 2651 2003 2652 2004 2652 1986 2652 2005 2653 2006 2653 1848 2653 2006 2654 1851 2654 1848 2654 1979 2655 2007 2655 1983 2655 1979 2656 2008 2656 2007 2656 1854 2657 1855 2657 1850 2657 1857 2658 1859 2658 1858 2658 1862 2659 1859 2659 1864 2659 1978 2660 2009 2660 1925 2660 2010 2661 2011 2661 1980 2661 2012 2662 1925 2662 1927 2662 5 2663 2013 2663 1835 2663 1942 2664 1943 2664 1948 2664 2014 2665 2015 2665 1886 2665 1884 2666 2014 2666 1886 2666 1902 2667 2016 2667 1886 2667 1886 2668 2016 2668 1904 2668 1924 2669 1829 2669 1828 2669 1925 2670 2012 2670 1945 2670 1919 2671 1921 2671 1920 2671 1972 2672 1971 2672 1976 2672 1964 2673 1965 2673 1966 2673 1955 2674 1960 2674 1956 2674 2017 2675 1974 2675 1977 2675 1969 2676 1973 2676 1970 2676 2011 2677 2017 2677 1977 2677 1946 2678 1927 2678 1926 2678 2018 2679 1941 2679 1914 2679 1977 2680 1980 2680 2011 2680 1980 2681 1977 2681 2019 2681 1980 2682 2019 2682 1981 2682 1981 2683 2008 2683 1979 2683 1853 2684 1850 2684 1851 2684 2003 2685 1982 2685 1983 2685 1848 2686 1849 2686 2005 2686 1986 2687 1982 2687 2003 2687 2004 2688 1987 2688 1986 2688 2001 2689 1843 2689 1845 2689 1843 2690 1840 2690 1844 2690 1840 2691 1842 2691 1998 2691 2013 2692 5 2692 4 2692 1837 2693 1838 2693 1835 2693 2013 2694 2020 2694 1835 2694 1985 2695 2000 2695 1989 2695 2020 2696 1836 2696 1835 2696 2021 2697 2022 2697 2023 2697 2024 2698 2021 2698 2023 2698 2025 2699 2024 2699 2023 2699 2025 2700 2026 2700 2024 2700 2026 2701 2027 2701 2028 2701 2028 2702 2027 2702 2029 2702 2024 2703 2026 2703 2028 2703 2030 2704 2031 2704 2026 2704 2025 2705 2030 2705 2026 2705 2032 2706 2025 2706 2023 2706 2032 2707 2033 2707 2025 2707 2034 2708 2033 2708 2032 2708 2034 2709 2035 2709 2033 2709 2032 2710 2023 2710 2036 2710 2036 2711 2023 2711 2037 2711 2037 2712 2023 2712 2038 2712 2039 2713 2037 2713 2038 2713 2040 2714 2038 2714 2023 2714 2041 2715 2042 2715 2043 2715 2041 2716 2044 2716 2045 2716 2046 2717 2047 2717 2048 2717 2049 2718 2046 2718 2050 2718 2051 2719 2052 2719 2053 2719 2054 2720 2055 2720 2056 2720 2057 2721 2058 2721 2059 2721 2058 2722 2060 2722 2061 2722 2061 2723 2062 2723 2063 2723 2063 2724 2064 2724 2065 2724 2066 2725 2067 2725 2068 2725 2069 2726 2070 2726 2071 2726 2072 2727 2073 2727 2074 2727 2071 2728 2072 2728 2074 2728 2074 2729 2075 2729 2076 2729 2074 2730 2077 2730 2075 2730 2078 2731 2079 2731 2080 2731 2078 2732 2081 2732 2079 2732 2078 2733 2074 2733 2076 2733 2074 2734 2073 2734 2077 2734 2071 2735 2082 2735 2072 2735 2071 2736 2070 2736 2082 2736 2066 2737 2065 2737 2083 2737 2084 2738 2078 2738 2080 2738 2084 2739 2085 2739 2078 2739 2086 2740 2087 2740 2088 2740 2089 2741 2090 2741 2091 2741 2091 2742 2090 2742 2092 2742 2093 2743 2091 2743 2092 2743 2094 2744 2093 2744 2092 2744 2094 2745 2095 2745 2093 2745 2093 2746 2095 2746 1161 2746 2096 2747 2097 2747 2098 2747 2099 2748 2096 2748 2098 2748 2099 2749 2100 2749 2096 2749 2096 2750 2101 2750 2102 2750 2103 2751 2096 2751 2102 2751 2103 2752 2104 2752 2096 2752 2105 2753 2106 2753 2104 2753 2104 2754 2106 2754 2107 2754 2108 2755 2104 2755 2107 2755 2108 2756 2109 2756 2104 2756 2110 2757 2111 2757 2109 2757 2111 2758 2112 2758 2113 2758 2109 2759 2111 2759 2113 2759 2113 2760 2112 2760 2114 2760 2115 2761 2114 2761 2116 2761 2117 2762 2115 2762 2116 2762 2118 2763 2117 2763 2116 2763 2119 2764 2120 2764 2117 2764 2119 2765 2121 2765 2120 2765 2120 2766 2121 2766 2122 2766 2123 2767 2122 2767 2124 2767 2125 2768 2123 2768 2124 2768 2126 2769 2125 2769 2124 2769 2127 2770 2086 2770 2125 2770 2127 2771 2128 2771 2086 2771 2129 2772 2130 2772 2086 2772 2131 2773 2132 2773 2086 2773 2132 2774 2129 2774 2086 2774 2131 2775 2086 2775 2128 2775 2125 2776 2126 2776 2127 2776 2122 2777 2123 2777 2120 2777 2117 2778 2118 2778 2119 2778 2114 2779 2115 2779 2113 2779 2108 2780 2110 2780 2109 2780 2103 2781 2105 2781 2104 2781 2096 2782 2100 2782 2101 2782 2096 2783 2093 2783 2097 2783 2097 2784 2093 2784 2133 2784 2089 2785 2091 2785 2134 2785 2134 2786 2091 2786 2135 2786 2135 2787 2091 2787 2136 2787 2136 2788 2091 2788 2078 2788 2085 2789 2136 2789 2078 2789 2081 2790 2078 2790 2076 2790 2069 2791 2071 2791 2068 2791 2063 2792 2065 2792 2066 2792 2062 2793 2064 2793 2063 2793 2137 2794 2062 2794 2061 2794 2060 2795 2137 2795 2061 2795 2138 2796 2060 2796 2058 2796 2057 2797 2138 2797 2058 2797 2059 2798 2058 2798 2055 2798 2054 2799 2059 2799 2055 2799 2056 2800 2055 2800 2139 2800 2139 2801 2055 2801 2052 2801 2051 2802 2139 2802 2052 2802 2053 2803 2052 2803 2140 2803 2140 2804 2052 2804 2141 2804 2141 2805 2052 2805 2049 2805 2049 2806 2052 2806 2046 2806 2050 2807 2046 2807 2142 2807 2047 2808 2046 2808 2041 2808 2142 2809 2046 2809 2143 2809 1326 2810 2047 2810 2041 2810 2043 2811 1326 2811 2041 2811 2042 2812 2041 2812 2144 2812 2144 2813 2041 2813 2045 2813 2045 2814 2044 2814 2145 2814 2145 2815 2044 2815 2146 2815 2146 2816 2044 2816 2147 2816 2147 2817 2044 2817 2148 2817 2148 2818 2044 2818 2149 2818 2150 2819 2148 2819 2149 2819 2151 2820 2150 2820 2149 2820 2152 2821 2151 2821 2149 2821 2152 2822 1216 2822 2151 2822 2152 2823 2153 2823 1216 2823 2152 2824 2154 2824 2153 2824 2153 2825 2154 2825 2155 2825 2155 2826 2154 2826 2156 2826 2157 2827 2155 2827 2156 2827 2158 2828 2157 2828 2156 2828 2159 2829 2158 2829 2156 2829 2159 2830 2160 2830 2158 2830 2159 2831 2161 2831 2160 2831 2160 2832 2161 2832 2162 2832 2162 2833 2161 2833 2163 2833 2161 2834 2164 2834 2163 2834 2163 2835 2164 2835 2165 2835 2165 2836 2164 2836 2166 2836 2167 2837 2165 2837 2166 2837 2166 2838 2168 2838 2167 2838 2169 2839 2170 2839 2171 2839 2172 2840 2173 2840 2170 2840 2170 2841 2173 2841 2174 2841 2175 2842 2170 2842 2174 2842 2175 2843 2176 2843 2170 2843 2170 2844 2176 2844 2177 2844 2133 2845 2093 2845 1161 2845 2178 2846 2170 2846 2177 2846 2087 2847 2086 2847 2130 2847 2178 2848 2168 2848 2170 2848 2069 2849 2068 2849 2067 2849 2143 2850 2046 2850 2048 2850 2172 2851 2170 2851 2169 2851 2168 2852 2166 2852 2170 2852 2066 2853 2083 2853 2067 2853 2179 2854 2180 2854 2181 2854 2182 2855 2179 2855 2181 2855 2183 2856 2182 2856 2181 2856 2183 2857 447 2857 2182 2857 2183 2858 2184 2858 447 2858 447 2859 2184 2859 2185 2859 2186 2860 447 2860 2185 2860 2186 2861 716 2861 447 2861 2186 2862 2187 2862 716 2862 716 2863 2187 2863 2188 2863 472 2864 2189 2864 2190 2864 2190 2865 2189 2865 2191 2865 472 2866 2192 2866 2189 2866 472 2867 2193 2867 2192 2867 472 2868 2194 2868 2193 2868 472 2869 2195 2869 2194 2869 472 2870 1010 2870 2195 2870 2195 2871 1010 2871 2196 2871 2196 2872 1010 2872 2197 2872 2197 2873 1010 2873 2198 2873 2198 2874 1010 2874 739 2874 2199 2875 2198 2875 739 2875 2200 2876 2199 2876 739 2876 629 2877 2200 2877 739 2877 629 2878 2201 2878 2200 2878 629 2879 2202 2879 2201 2879 629 2880 2203 2880 2202 2880 629 2881 637 2881 2203 2881 2203 2882 637 2882 2204 2882 2204 2883 637 2883 2205 2883 2205 2884 637 2884 2206 2884 2206 2885 637 2885 716 2885 2188 2886 2206 2886 716 2886 2207 2887 2208 2887 2209 2887 2210 2888 2209 2888 2211 2888 2212 2889 2210 2889 2213 2889 2207 2890 2214 2890 2215 2890 2213 2891 2216 2891 2212 2891 2217 2892 2218 2892 2212 2892 2216 2893 2219 2893 2212 2893 2212 2894 2219 2894 2220 2894 2217 2895 2212 2895 2220 2895 2220 2896 2219 2896 2221 2896 2222 2897 2221 2897 2219 2897 2222 2898 2223 2898 2221 2898 2222 2899 2224 2899 2223 2899 2225 2900 2222 2900 2226 2900 2225 2901 2227 2901 2222 2901 2226 2902 2222 2902 2228 2902 2229 2903 2228 2903 2222 2903 2222 2904 2227 2904 2224 2904 2230 2905 2231 2905 2229 2905 2232 2906 2230 2906 2229 2906 2233 2907 2232 2907 2234 2907 2235 2908 2233 2908 2234 2908 2234 2909 2236 2909 2237 2909 2238 2910 2234 2910 2237 2910 2239 2911 2240 2911 2236 2911 2234 2912 2239 2912 2236 2912 2239 2913 2241 2913 2240 2913 2239 2914 2242 2914 2241 2914 2239 2915 2243 2915 2242 2915 2238 2916 2235 2916 2234 2916 2229 2917 2231 2917 2244 2917 2245 2918 2246 2918 2243 2918 2247 2919 2245 2919 2248 2919 2248 2920 2249 2920 2250 2920 2251 2921 2252 2921 2253 2921 2254 2922 2255 2922 2256 2922 2257 2923 2258 2923 2259 2923 2260 2924 2261 2924 2262 2924 2263 2925 2264 2925 2265 2925 2263 2926 2265 2926 2266 2926 2264 2927 2267 2927 2265 2927 2257 2928 2268 2928 2269 2928 2270 2929 2265 2929 2267 2929 2271 2930 2270 2930 2267 2930 2272 2931 2271 2931 2267 2931 2269 2932 2272 2932 2267 2932 2269 2933 2273 2933 2272 2933 2269 2934 2268 2934 2273 2934 2257 2935 2274 2935 2268 2935 2257 2936 2259 2936 2274 2936 2261 2937 2258 2937 2257 2937 2261 2938 2260 2938 2258 2938 2275 2939 2262 2939 2261 2939 2254 2940 2275 2940 2261 2940 2254 2941 2256 2941 2275 2941 2251 2942 2255 2942 2254 2942 2251 2943 2253 2943 2255 2943 2250 2944 2252 2944 2251 2944 2248 2945 2250 2945 2251 2945 2276 2946 2249 2946 2248 2946 2243 2947 2276 2947 2248 2947 2245 2948 2243 2948 2248 2948 2246 2949 2242 2949 2243 2949 2232 2950 2229 2950 2234 2950 2244 2951 2228 2951 2229 2951 2218 2952 2277 2952 2212 2952 2213 2953 2210 2953 2211 2953 2210 2954 2207 2954 2209 2954 2207 2955 2215 2955 2208 2955 2278 2956 2215 2956 2214 2956 2279 2957 2280 2957 2281 2957 2282 2958 2283 2958 2284 2958 2282 2959 2285 2959 2283 2959 2286 2960 2285 2960 2280 2960 2287 2961 2288 2961 2289 2961 2289 2962 2288 2962 2290 2962 2291 2963 2292 2963 2287 2963 2293 2964 2294 2964 2295 2964 2293 2965 2296 2965 2294 2965 2293 2966 2291 2966 2296 2966 2293 2967 2292 2967 2291 2967 2292 2968 2288 2968 2287 2968 2290 2969 2284 2969 2289 2969 2286 2970 2280 2970 2279 2970 2290 2971 2282 2971 2284 2971 2286 2972 2283 2972 2285 2972 2297 2973 2298 2973 2299 2973 2297 2974 2300 2974 2301 2974 2302 2975 2303 2975 2304 2975 2303 2976 2299 2976 2298 2976 2305 2977 2302 2977 2304 2977 2306 2978 2305 2978 2304 2978 2307 2979 2308 2979 2306 2979 2309 2980 2310 2980 2311 2980 2307 2981 2309 2981 2311 2981 2310 2982 2312 2982 2313 2982 2307 2983 2306 2983 2314 2983 2312 2984 2315 2984 2313 2984 2316 2985 2317 2985 2315 2985 2318 2986 2319 2986 2320 2986 2321 2987 2319 2987 2317 2987 2316 2988 2321 2988 2317 2988 2322 2989 2323 2989 2318 2989 2320 2990 2322 2990 2318 2990 2324 2991 2325 2991 2323 2991 2325 2992 2324 2992 2326 2992 2327 2993 2328 2993 2329 2993 2327 2994 2330 2994 2328 2994 2327 2995 2331 2995 2330 2995 2330 2996 2331 2996 2332 2996 2332 2997 2331 2997 2333 2997 2334 2998 2332 2998 2333 2998 2335 2999 2334 2999 2333 2999 2335 3000 2336 3000 2334 3000 2335 3001 2337 3001 2336 3001 2336 3002 2337 3002 2326 3002 2326 3003 2337 3003 2325 3003 2324 3004 2323 3004 2322 3004 2319 3005 2321 3005 2320 3005 2312 3006 2316 3006 2315 3006 2310 3007 2313 3007 2311 3007 2309 3008 2307 3008 2314 3008 2308 3009 2305 3009 2306 3009 2299 3010 2303 3010 2302 3010 2301 3011 2298 3011 2297 3011 2338 3012 2339 3012 2340 3012 2338 3013 2341 3013 2339 3013 2342 3014 2340 3014 2343 3014 2340 3015 2344 3015 2338 3015 2345 3016 2342 3016 2343 3016 2346 3017 2345 3017 2343 3017 2347 3018 2348 3018 2346 3018 2347 3019 2349 3019 2348 3019 2350 3020 2351 3020 2349 3020 2350 3021 2352 3021 2351 3021 2353 3022 2354 3022 2355 3022 2353 3023 2352 3023 2354 3023 2353 3024 2356 3024 2352 3024 2352 3025 2356 3025 2351 3025 2350 3026 2349 3026 2347 3026 2348 3027 2345 3027 2346 3027 2344 3028 2340 3028 2342 3028 2357 3029 2339 3029 2341 3029 2358 3030 2359 3030 2360 3030 2358 3031 2361 3031 2359 3031 2360 3032 2359 3032 2362 3032 2363 3033 2362 3033 2359 3033 2364 3034 2363 3034 2359 3034 2364 3035 2365 3035 2363 3035 2364 3036 2366 3036 2365 3036 2364 3037 2367 3037 2366 3037 2364 3038 2368 3038 2367 3038 2368 3039 2369 3039 2370 3039 2368 3040 2371 3040 2369 3040 2368 3041 2372 3041 2371 3041 2373 3042 2372 3042 2374 3042 2373 3043 2371 3043 2372 3043 2370 3044 2367 3044 2368 3044 2375 3045 2376 3045 2377 3045 2375 3046 2378 3046 2376 3046 2379 3047 2377 3047 2380 3047 2381 3048 2379 3048 2380 3048 2382 3049 2381 3049 2383 3049 2384 3050 2382 3050 2383 3050 2385 3051 2386 3051 2384 3051 2387 3052 2385 3052 2384 3052 2388 3053 2389 3053 2387 3053 2388 3054 2390 3054 2389 3054 2391 3055 2392 3055 2390 3055 2391 3056 2393 3056 2392 3056 2392 3057 2394 3057 2395 3057 2395 3058 2394 3058 2396 3058 2397 3059 2396 3059 2398 3059 2399 3060 2397 3060 2398 3060 2400 3061 2399 3061 2401 3061 2402 3062 2400 3062 2401 3062 2403 3063 2404 3063 2402 3063 2403 3064 2405 3064 2404 3064 2406 3065 2407 3065 2403 3065 2406 3066 2408 3066 2407 3066 2409 3067 2410 3067 2408 3067 2409 3068 2411 3068 2410 3068 2411 3069 2412 3069 2413 3069 2412 3070 2414 3070 2415 3070 2415 3071 2414 3071 2416 3071 2416 3072 2417 3072 2418 3072 2418 3073 2417 3073 2419 3073 2420 3074 2419 3074 2421 3074 2422 3075 2420 3075 2421 3075 2423 3076 2422 3076 2424 3076 2425 3077 2426 3077 2427 3077 2428 3078 2429 3078 2426 3078 2426 3079 2430 3079 2428 3079 2431 3080 2427 3080 2429 3080 2429 3081 2427 3081 2426 3081 2427 3082 2432 3082 2425 3082 2425 3083 2432 3083 2433 3083 2433 3084 2432 3084 2434 3084 2435 3085 2433 3085 2434 3085 2436 3086 2435 3086 2434 3086 2436 3087 2437 3087 2435 3087 2436 3088 2438 3088 2437 3088 2437 3089 2438 3089 2439 3089 2439 3090 2438 3090 2440 3090 2441 3091 2439 3091 2440 3091 2423 3092 2441 3092 2440 3092 2423 3093 2424 3093 2441 3093 2422 3094 2421 3094 2424 3094 2418 3095 2419 3095 2420 3095 2414 3096 2417 3096 2416 3096 2412 3097 2415 3097 2413 3097 2411 3098 2413 3098 2410 3098 2409 3099 2408 3099 2406 3099 2407 3100 2405 3100 2403 3100 2404 3101 2400 3101 2402 3101 2399 3102 2398 3102 2401 3102 2395 3103 2396 3103 2397 3103 2393 3104 2394 3104 2392 3104 2391 3105 2390 3105 2388 3105 2389 3106 2385 3106 2387 3106 2386 3107 2382 3107 2384 3107 2381 3108 2380 3108 2383 3108 2376 3109 2378 3109 2442 3109 2378 3110 2443 3110 2442 3110 2442 3111 2443 3111 2444 3111 2444 3112 2443 3112 2445 3112 2446 3113 2444 3113 2445 3113 2447 3114 2446 3114 2445 3114 2448 3115 2449 3115 2447 3115 2447 3116 2449 3116 2446 3116 2448 3117 2450 3117 2449 3117 2448 3118 2451 3118 2450 3118 2451 3119 2452 3119 2453 3119 2453 3120 2452 3120 2454 3120 2454 3121 2452 3121 2455 3121 2454 3122 2455 3122 2456 3122 2457 3123 2458 3123 2459 3123 2456 3124 2455 3124 2457 3124 2456 3125 2457 3125 2459 3125 2379 3126 2375 3126 2377 3126 2450 3127 2451 3127 2453 3127 2460 3128 2461 3128 2462 3128 2463 3129 2464 3129 2461 3129 2465 3130 2466 3130 2467 3130 2463 3131 2467 3131 2464 3131 2465 3132 2468 3132 2466 3132 2469 3133 2470 3133 2468 3133 2468 3134 2470 3134 2471 3134 2472 3135 2473 3135 2471 3135 2474 3136 2475 3136 2473 3136 2474 3137 2476 3137 2475 3137 2472 3138 2474 3138 2473 3138 2470 3139 2472 3139 2471 3139 2469 3140 2468 3140 2465 3140 2460 3141 2462 3141 2477 3141 2477 3142 2478 3142 2479 3142 2479 3143 2480 3143 2481 3143 2481 3144 2482 3144 2483 3144 2483 3145 2484 3145 2485 3145 2485 3146 2486 3146 2487 3146 2487 3147 2488 3147 2489 3147 2490 3148 2489 3148 2488 3148 2491 3149 2492 3149 2490 3149 2493 3150 2494 3150 2491 3150 2495 3151 2496 3151 2493 3151 2497 3152 2498 3152 2495 3152 2499 3153 2500 3153 2497 3153 2501 3154 2502 3154 2499 3154 2503 3155 2504 3155 2501 3155 2505 3156 2506 3156 2503 3156 2505 3157 2507 3157 2506 3157 2508 3158 2509 3158 2507 3158 2510 3159 2511 3159 2509 3159 2512 3160 2513 3160 2511 3160 2514 3161 2515 3161 2513 3161 2516 3162 2517 3162 2515 3162 2518 3163 2519 3163 2517 3163 2520 3164 2521 3164 2519 3164 2520 3165 2522 3165 2521 3165 2522 3166 2523 3166 2524 3166 2523 3167 2525 3167 2526 3167 2525 3168 2527 3168 2528 3168 2527 3169 2529 3169 2530 3169 2531 3170 2532 3170 2533 3170 2534 3171 2535 3171 2536 3171 2532 3172 2534 3172 2536 3172 2534 3173 2537 3173 2535 3173 2535 3174 2537 3174 2538 3174 2538 3175 2539 3175 2540 3175 2540 3176 2539 3176 2541 3176 2542 3177 2540 3177 2541 3177 2543 3178 2542 3178 2541 3178 2544 3179 2545 3179 2543 3179 2544 3180 2546 3180 2545 3180 2544 3181 2547 3181 2546 3181 2546 3182 2547 3182 2548 3182 2463 3183 2461 3183 2460 3183 2548 3184 2549 3184 2550 3184 2550 3185 2549 3185 2551 3185 2551 3186 2549 3186 2552 3186 2464 3187 2467 3187 2466 3187 2553 3188 2551 3188 2552 3188 2554 3189 2553 3189 2552 3189 2546 3190 2548 3190 2550 3190 2545 3191 2542 3191 2543 3191 2537 3192 2539 3192 2538 3192 2536 3193 2533 3193 2532 3193 2533 3194 2555 3194 2531 3194 2531 3195 2555 3195 2529 3195 2529 3196 2555 3196 2530 3196 2527 3197 2530 3197 2528 3197 2525 3198 2528 3198 2526 3198 2523 3199 2526 3199 2524 3199 2522 3200 2524 3200 2521 3200 2520 3201 2519 3201 2518 3201 2518 3202 2517 3202 2516 3202 2516 3203 2515 3203 2514 3203 2514 3204 2513 3204 2512 3204 2512 3205 2511 3205 2510 3205 2510 3206 2509 3206 2508 3206 2508 3207 2507 3207 2505 3207 2506 3208 2504 3208 2503 3208 2504 3209 2502 3209 2501 3209 2502 3210 2500 3210 2499 3210 2500 3211 2498 3211 2497 3211 2498 3212 2496 3212 2495 3212 2496 3213 2494 3213 2493 3213 2494 3214 2492 3214 2491 3214 2492 3215 2489 3215 2490 3215 2487 3216 2486 3216 2488 3216 2485 3217 2484 3217 2486 3217 2483 3218 2482 3218 2484 3218 2481 3219 2480 3219 2482 3219 2479 3220 2478 3220 2480 3220 2478 3221 2477 3221 2462 3221 2556 3222 2557 3222 38 3222 2558 3223 2559 3223 2557 3223 2560 3224 2561 3224 2559 3224 2562 3225 2563 3225 2560 3225 2564 3226 2565 3226 2562 3226 2566 3227 2567 3227 2564 3227 2566 3228 2564 3228 2568 3228 2569 3229 2568 3229 2570 3229 2571 3230 2572 3230 2573 3230 2574 3231 2572 3231 2571 3231 2574 3232 2571 3232 2575 3232 2574 3233 2575 3233 2570 3233 2575 3234 2576 3234 2570 3234 2576 3235 2569 3235 2570 3235 2569 3236 2566 3236 2568 3236 2564 3237 2567 3237 2565 3237 2562 3238 2565 3238 2563 3238 2560 3239 2563 3239 2561 3239 2557 3240 2556 3240 2558 3240 2558 3241 2560 3241 2559 3241 2577 3242 2578 3242 2579 3242 2577 3243 2580 3243 2578 3243 2579 3244 2578 3244 2581 3244 2582 3245 2579 3245 2581 3245 2583 3246 2582 3246 2581 3246 2583 3247 2584 3247 2582 3247 2583 3248 2585 3248 2584 3248 2586 3249 2584 3249 2585 3249 2587 3250 2586 3250 2585 3250 2587 3251 2588 3251 2586 3251 2587 3252 2589 3252 2588 3252 2590 3253 2591 3253 2592 3253 2593 3254 2594 3254 2595 3254 2595 3255 2594 3255 2596 3255 2597 3256 2593 3256 2595 3256 2596 3257 2594 3257 2598 3257 2599 3258 2597 3258 2595 3258 2600 3259 2599 3259 2595 3259 2601 3260 2600 3260 2595 3260 2602 3261 2601 3261 2595 3261 2603 3262 2602 3262 2595 3262 2604 3263 2595 3263 2605 3263 2605 3264 2595 3264 2606 3264 2607 3265 2596 3265 2598 3265 2608 3266 2606 3266 2595 3266 2607 3267 2590 3267 2596 3267 2592 3268 2591 3268 2609 3268 2588 3269 2589 3269 2610 3269 2214 3270 2595 3270 2278 3270 2595 3271 2611 3271 2278 3271 2596 3272 2612 3272 2613 3272 2614 3273 2615 3273 2616 3273 2617 3274 2618 3274 2619 3274 2620 3275 2617 3275 2621 3275 2617 3276 2622 3276 2623 3276 2624 3277 2617 3277 2623 3277 2622 3278 2617 3278 2625 3278 2626 3279 2625 3279 2617 3279 2627 3280 2626 3280 2617 3280 2620 3281 2627 3281 2617 3281 2621 3282 2617 3282 2628 3282 2628 3283 2617 3283 2629 3283 2618 3284 2617 3284 2630 3284 2617 3285 2619 3285 2631 3285 2630 3286 2617 3286 2632 3286 2632 3287 2617 3287 2633 3287 2633 3288 2617 3288 2634 3288 2614 3289 2634 3289 2617 3289 2614 3290 2635 3290 2634 3290 2614 3291 2636 3291 2635 3291 2637 3292 2638 3292 2614 3292 2614 3293 2638 3293 2636 3293 2637 3294 2639 3294 2638 3294 2637 3295 2640 3295 2639 3295 2639 3296 2640 3296 2641 3296 2641 3297 2640 3297 2642 3297 2643 3298 2641 3298 2642 3298 2644 3299 2643 3299 2645 3299 2646 3300 2647 3300 2648 3300 2649 3301 2650 3301 2651 3301 2614 3302 2652 3302 2637 3302 2650 3303 2649 3303 2653 3303 2654 3304 2650 3304 2653 3304 2629 3305 2617 3305 2631 3305 2653 3306 2655 3306 2654 3306 2656 3307 2654 3307 2655 3307 2648 3308 2656 3308 2655 3308 2648 3309 2647 3309 2656 3309 2646 3310 2657 3310 2647 3310 2646 3311 2644 3311 2657 3311 2658 3312 2652 3312 2614 3312 2643 3313 2642 3313 2645 3313 2616 3314 2658 3314 2614 3314 2614 3315 2596 3315 2615 3315 2615 3316 2596 3316 2613 3316 2659 3317 2660 3317 2596 3317 2604 3318 2603 3318 2595 3318 2661 3319 2662 3319 2595 3319 2595 3320 2662 3320 2608 3320 2596 3321 2590 3321 2659 3321 2659 3322 2590 3322 2592 3322 2591 3323 2610 3323 2609 3323 2657 3324 2644 3324 2645 3324 2589 3325 2609 3325 2610 3325 2596 3326 2660 3326 2612 3326 2580 3327 2663 3327 2578 3327 2661 3328 2595 3328 2214 3328 2664 3329 2665 3329 2666 3329 2665 3330 2667 3330 2668 3330 2668 3331 2667 3331 2669 3331 2668 3332 2666 3332 2665 3332 2670 3333 2671 3333 2672 3333 2672 3334 2671 3334 2673 3334 2672 3335 2674 3335 2675 3335 2676 3336 2672 3336 2675 3336 2677 3337 2678 3337 2672 3337 2679 3338 2677 3338 2676 3338 2676 3339 2677 3339 2672 3339 2672 3340 2673 3340 2674 3340 2671 3341 2680 3341 2673 3341 2681 3342 2682 3342 2671 3342 2671 3343 2682 3343 2680 3343 2683 3344 2684 3344 2685 3344 2681 3345 2671 3345 2683 3345 2683 3346 2686 3346 2684 3346 2683 3347 2687 3347 2686 3347 2688 3348 2689 3348 2683 3348 2690 3349 2688 3349 2683 3349 2690 3350 2691 3350 2688 3350 2690 3351 2692 3351 2691 3351 2691 3352 2692 3352 2693 3352 2693 3353 2692 3353 2694 3353 2683 3354 2689 3354 2687 3354 2681 3355 2683 3355 2685 3355 2695 3356 2696 3356 2697 3356 2697 3357 2698 3357 2699 3357 2699 3358 2698 3358 2700 3358 2699 3359 2700 3359 2701 3359 2696 3360 2698 3360 2697 3360 2702 3361 2703 3361 2704 3361 2704 3362 2705 3362 2706 3362 2705 3363 2707 3363 2706 3363 2703 3364 2705 3364 2704 3364 2708 3365 2709 3365 2710 3365 2708 3366 2710 3366 2711 3366 2712 3367 2713 3367 2714 3367 2714 3368 2713 3368 2709 3368 2709 3369 2713 3369 2710 3369 2715 3370 2716 3370 2717 3370 2718 3371 2715 3371 2717 3371 2719 3372 2720 3372 2721 3372 2721 3373 2722 3373 2723 3373 2722 3374 2724 3374 2723 3374 2720 3375 2722 3375 2721 3375 2725 3376 2726 3376 2727 3376 2728 3377 2725 3377 2727 3377 2728 3378 2729 3378 2730 3378 2725 3379 2728 3379 2730 3379 2731 3380 2727 3380 2726 3380 2731 3381 2732 3381 2727 3381 2733 3382 2734 3382 2735 3382 2735 3383 2734 3383 2736 3383 2737 3384 2738 3384 2735 3384 2735 3385 2736 3385 2737 3385 2739 3386 2734 3386 2733 3386 2740 3387 2741 3387 2742 3387 2742 3388 2743 3388 2744 3388 2743 3389 2745 3389 2744 3389 2741 3390 2743 3390 2742 3390 2746 3391 2747 3391 2748 3391 2748 3392 2747 3392 2749 3392 2750 3393 2748 3393 2751 3393 2752 3394 2750 3394 2751 3394 2753 3395 2754 3395 2750 3395 2750 3396 2754 3396 2755 3396 2756 3397 2757 3397 2758 3397 2756 3398 2755 3398 2757 3398 2758 3399 2757 3399 2759 3399 2758 3400 2759 3400 2760 3400 2752 3401 2753 3401 2750 3401 2755 3402 2756 3402 2750 3402 2751 3403 2748 3403 2761 3403 2748 3404 2762 3404 2763 3404 2764 3405 2748 3405 2749 3405 2761 3406 2748 3406 2763 3406 2749 3407 2747 3407 2765 3407 2765 3408 2747 3408 2766 3408 2766 3409 2747 3409 2767 3409 2767 3410 2747 3410 2768 3410 2768 3411 2747 3411 2769 3411 2748 3412 2764 3412 2762 3412 2770 3413 2771 3413 2772 3413 2773 3414 2772 3414 2774 3414 2773 3415 2774 3415 2775 3415 2773 3416 2770 3416 2772 3416 2776 3417 2777 3417 2778 3417 2776 3418 2778 3418 2779 3418 2779 3419 2780 3419 2781 3419 2780 3420 2782 3420 2781 3420 2782 3421 2783 3421 2784 3421 2783 3422 2785 3422 2784 3422 2786 3423 2787 3423 2785 3423 2788 3424 2787 3424 2786 3424 2789 3425 2790 3425 2788 3425 2791 3426 2790 3426 2789 3426 2791 3427 2789 3427 2792 3427 2793 3428 2792 3428 2794 3428 2795 3429 2796 3429 2797 3429 2793 3430 2794 3430 2796 3430 2798 3431 2799 3431 2800 3431 2801 3432 2802 3432 2803 3432 2804 3433 2805 3433 2806 3433 2800 3434 2805 3434 2804 3434 2800 3435 2804 3435 2798 3435 2797 3436 2802 3436 2795 3436 2798 3437 2807 3437 2799 3437 2807 3438 2808 3438 2799 3438 2801 3439 2808 3439 2807 3439 2803 3440 2808 3440 2801 3440 2802 3441 2801 3441 2795 3441 2794 3442 2797 3442 2796 3442 2791 3443 2792 3443 2793 3443 2790 3444 2787 3444 2788 3444 2786 3445 2785 3445 2783 3445 2782 3446 2784 3446 2781 3446 2776 3447 2809 3447 2777 3447 2780 3448 2779 3448 2778 3448 2810 3449 2811 3449 2812 3449 2813 3450 2814 3450 2810 3450 2813 3451 2810 3451 2815 3451 2816 3452 2813 3452 2817 3452 2818 3453 2816 3453 2819 3453 2820 3454 2821 3454 2818 3454 2822 3455 2823 3455 2821 3455 2824 3456 2825 3456 2823 3456 2826 3457 2827 3457 2825 3457 2827 3458 2828 3458 2829 3458 2828 3459 2830 3459 2829 3459 2829 3460 2830 3460 2831 3460 2831 3461 2830 3461 2832 3461 2833 3462 2831 3462 2834 3462 2835 3463 2833 3463 2834 3463 2835 3464 2836 3464 2833 3464 2837 3465 2838 3465 2839 3465 2840 3466 2841 3466 2842 3466 2835 3467 2843 3467 2836 3467 2844 3468 2845 3468 2846 3468 2847 3469 2844 3469 2846 3469 2848 3470 2849 3470 2847 3470 2850 3471 2848 3471 2851 3471 2852 3472 2851 3472 2853 3472 2852 3473 2850 3473 2851 3473 2844 3474 2847 3474 2849 3474 2850 3475 2849 3475 2848 3475 2841 3476 2846 3476 2845 3476 2841 3477 2840 3477 2846 3477 2842 3478 2839 3478 2840 3478 2840 3479 2839 3479 2838 3479 2838 3480 2837 3480 2854 3480 2843 3481 2838 3481 2854 3481 2836 3482 2843 3482 2854 3482 2834 3483 2831 3483 2832 3483 2827 3484 2829 3484 2825 3484 2826 3485 2825 3485 2824 3485 2824 3486 2823 3486 2822 3486 2822 3487 2821 3487 2820 3487 2821 3488 2816 3488 2818 3488 2816 3489 2817 3489 2819 3489 2813 3490 2815 3490 2817 3490 2811 3491 2810 3491 2814 3491 2814 3492 2813 3492 2855 3492 2856 3493 2857 3493 2858 3493 2856 3494 2859 3494 2857 3494 2857 3495 2860 3495 2858 3495 2861 3496 2862 3496 2863 3496 2861 3497 2864 3497 2862 3497 2865 3498 2866 3498 2864 3498 2867 3499 2868 3499 2865 3499 2869 3500 2870 3500 2871 3500 2869 3501 2872 3501 2873 3501 2871 3502 2870 3502 2874 3502 2875 3503 2871 3503 2874 3503 2870 3504 2869 3504 2873 3504 2876 3505 2875 3505 2874 3505 2877 3506 2876 3506 2878 3506 2879 3507 2877 3507 2880 3507 2881 3508 2882 3508 2883 3508 2884 3509 2881 3509 2885 3509 2886 3510 2887 3510 2884 3510 2888 3511 2889 3511 2890 3511 2888 3512 2891 3512 2887 3512 2890 3513 2889 3513 2892 3513 2889 3514 2888 3514 2887 3514 2892 3515 2893 3515 2890 3515 2894 3516 2895 3516 2896 3516 2895 3517 2897 3517 2892 3517 2896 3518 2898 3518 2894 3518 2899 3519 2900 3519 2898 3519 2901 3520 2902 3520 2899 3520 2903 3521 2904 3521 2901 3521 2905 3522 2906 3522 2907 3522 2905 3523 2908 3523 2909 3523 2907 3524 2906 3524 2910 3524 2911 3525 2907 3525 2910 3525 2906 3526 2905 3526 2909 3526 2912 3527 2911 3527 2910 3527 2913 3528 2912 3528 2914 3528 2915 3529 2913 3529 2914 3529 2916 3530 2917 3530 2915 3530 2915 3531 2918 3531 2916 3531 2918 3532 2919 3532 2920 3532 2921 3533 2922 3533 2923 3533 2922 3534 2924 3534 2919 3534 2925 3535 2926 3535 2927 3535 2923 3536 2926 3536 2921 3536 2927 3537 2928 3537 2929 3537 2927 3538 2923 3538 2928 3538 2929 3539 2930 3539 2931 3539 2929 3540 2928 3540 2930 3540 2930 3541 2932 3541 2931 3541 2933 3542 2929 3542 2931 3542 2926 3543 2923 3543 2927 3543 2924 3544 2922 3544 2921 3544 2919 3545 2918 3545 2922 3545 2904 3546 2903 3546 2909 3546 2912 3547 2910 3547 2914 3547 2903 3548 2906 3548 2909 3548 2901 3549 2904 3549 2902 3549 2899 3550 2902 3550 2900 3550 2896 3551 2899 3551 2898 3551 2895 3552 2894 3552 2897 3552 2892 3553 2897 3553 2893 3553 2887 3554 2886 3554 2889 3554 2884 3555 2885 3555 2886 3555 2881 3556 2883 3556 2885 3556 2883 3557 2879 3557 2880 3557 2874 3558 2878 3558 2876 3558 2877 3559 2878 3559 2880 3559 2868 3560 2867 3560 2873 3560 2867 3561 2870 3561 2873 3561 2865 3562 2868 3562 2866 3562 2861 3563 2865 3563 2864 3563 2863 3564 2862 3564 2860 3564 2857 3565 2863 3565 2860 3565 2934 3566 2856 3566 2858 3566 2883 3567 2882 3567 2879 3567 2935 3568 2936 3568 2937 3568 2936 3569 2938 3569 2939 3569 2940 3570 2935 3570 2937 3570 2917 3571 2913 3571 2915 3571 2939 3572 2938 3572 2941 3572 2920 3573 2916 3573 2918 3573 2942 3574 2943 3574 2944 3574 2944 3575 2943 3575 2940 3575 2945 3576 2939 3576 2941 3576 2935 3577 2938 3577 2936 3577 2944 3578 2940 3578 2937 3578 2941 3579 2859 3579 2856 3579 2938 3580 2859 3580 2941 3580 2946 3581 2947 3581 2948 3581 2949 3582 2950 3582 2947 3582 2951 3583 2952 3583 2953 3583 2953 3584 2952 3584 2954 3584 2955 3585 2951 3585 2956 3585 2949 3586 2954 3586 2950 3586 2957 3587 2958 3587 2959 3587 2957 3588 2951 3588 2955 3588 2960 3589 2961 3589 2962 3589 2960 3590 2963 3590 2961 3590 2960 3591 2959 3591 2963 3591 2963 3592 2959 3592 2958 3592 2958 3593 2957 3593 2955 3593 2951 3594 2953 3594 2956 3594 2949 3595 2947 3595 2946 3595 2950 3596 2954 3596 2952 3596 2964 3597 2965 3597 2966 3597 2967 3598 2965 3598 2968 3598 2969 3599 2968 3599 2970 3599 2971 3600 2970 3600 2972 3600 2973 3601 2974 3601 2975 3601 2973 3602 2975 3602 2971 3602 2974 3603 2976 3603 2977 3603 2974 3604 2977 3604 2975 3604 2971 3605 2972 3605 2973 3605 2974 3606 2978 3606 2976 3606 2979 3607 2977 3607 2980 3607 2981 3608 2979 3608 2982 3608 2981 3609 2982 3609 2983 3609 2984 3610 2983 3610 2985 3610 2986 3611 2984 3611 2987 3611 2988 3612 2989 3612 2990 3612 2986 3613 2991 3613 2989 3613 2992 3614 2993 3614 2988 3614 2994 3615 2993 3615 2992 3615 2989 3616 2991 3616 2990 3616 2994 3617 2992 3617 2995 3617 2996 3618 2997 3618 2994 3618 2998 3619 2999 3619 2996 3619 3000 3620 3001 3620 3002 3620 3003 3621 3004 3621 3000 3621 3005 3622 3003 3622 3006 3622 3007 3623 3008 3623 3009 3623 3007 3624 3006 3624 3010 3624 3008 3625 3011 3625 3009 3625 3009 3626 3006 3626 3007 3626 3012 3627 3013 3627 3011 3627 3014 3628 3015 3628 3013 3628 3011 3629 3008 3629 3016 3629 3015 3630 3014 3630 3017 3630 3018 3631 3017 3631 3019 3631 3020 3632 3018 3632 3021 3632 3022 3633 3020 3633 3023 3633 3024 3634 3025 3634 3026 3634 3024 3635 3026 3635 3027 3635 3025 3636 3028 3636 3026 3636 3029 3637 3028 3637 3025 3637 3024 3638 3027 3638 3030 3638 3031 3639 3028 3639 3029 3639 3032 3640 3033 3640 3031 3640 3034 3641 3033 3641 3032 3641 3035 3642 3034 3642 3036 3642 3034 3643 3035 3643 3037 3643 3037 3644 3038 3644 3039 3644 3040 3645 3039 3645 3041 3645 3040 3646 3041 3646 3042 3646 3043 3647 3044 3647 3045 3647 3046 3648 3042 3648 3045 3648 3044 3649 3047 3649 3048 3649 3044 3650 3048 3650 3046 3650 3047 3651 3049 3651 3050 3651 3047 3652 3050 3652 3048 3652 3047 3653 3051 3653 3049 3653 3045 3654 3044 3654 3046 3654 3042 3655 3046 3655 3040 3655 3039 3656 3040 3656 3037 3656 3023 3657 3027 3657 3022 3657 3031 3658 3033 3658 3028 3658 3022 3659 3027 3659 3026 3659 3020 3660 3021 3660 3023 3660 3018 3661 3019 3661 3021 3661 3015 3662 3017 3662 3018 3662 3013 3663 3012 3663 3014 3663 3011 3664 3016 3664 3012 3664 3006 3665 3009 3665 3005 3665 3003 3666 3005 3666 3004 3666 3000 3667 3004 3667 3001 3667 3001 3668 2999 3668 2998 3668 2993 3669 2994 3669 2997 3669 2996 3670 2999 3670 2997 3670 2989 3671 2988 3671 2993 3671 2986 3672 2987 3672 2991 3672 2984 3673 2985 3673 2987 3673 2981 3674 2983 3674 2984 3674 2979 3675 2980 3675 2982 3675 2977 3676 2976 3676 2980 3676 3052 3677 2973 3677 2972 3677 2970 3678 2971 3678 2969 3678 3034 3679 3032 3679 3036 3679 3001 3680 2998 3680 3002 3680 3038 3681 3037 3681 3035 3681 2965 3682 2967 3682 2966 3682 2967 3683 2968 3683 2969 3683 3053 3684 3054 3684 3055 3684 3053 3685 3056 3685 3057 3685 3054 3686 3058 3686 3055 3686 3059 3687 3060 3687 3058 3687 3061 3688 3060 3688 3059 3688 3062 3689 3063 3689 3061 3689 3062 3690 3061 3690 3064 3690 3065 3691 3064 3691 3066 3691 3067 3692 3066 3692 3068 3692 3067 3693 3068 3693 3069 3693 3069 3694 3070 3694 3071 3694 3070 3695 3072 3695 3071 3695 3072 3696 3073 3696 3074 3696 3073 3697 3075 3697 3074 3697 3076 3698 3077 3698 3075 3698 3078 3699 3077 3699 3076 3699 3079 3700 3080 3700 3081 3700 3082 3701 3083 3701 3084 3701 3082 3702 3084 3702 3081 3702 3082 3703 3081 3703 3080 3703 3079 3704 3085 3704 3080 3704 3086 3705 3085 3705 3079 3705 3078 3706 3085 3706 3086 3706 3078 3707 3086 3707 3077 3707 3073 3708 3076 3708 3075 3708 3071 3709 3072 3709 3074 3709 3069 3710 3068 3710 3070 3710 3067 3711 3065 3711 3066 3711 3065 3712 3062 3712 3064 3712 3061 3713 3063 3713 3060 3713 3054 3714 3059 3714 3058 3714 3053 3715 3055 3715 3056 3715 3087 3716 3088 3716 3089 3716 3087 3717 3090 3717 3088 3717 3088 3718 3091 3718 3089 3718 3092 3719 3093 3719 3094 3719 3092 3720 3095 3720 3093 3720 3096 3721 3097 3721 3095 3721 3098 3722 3099 3722 3096 3722 3100 3723 3101 3723 3102 3723 3098 3724 3102 3724 3103 3724 3104 3725 3100 3725 3105 3725 3106 3726 3104 3726 3105 3726 3102 3727 3101 3727 3103 3727 3106 3728 3107 3728 3104 3728 3108 3729 3106 3729 3109 3729 3110 3730 3108 3730 3111 3730 3112 3731 3113 3731 3114 3731 3115 3732 3112 3732 3116 3732 3117 3733 3118 3733 3115 3733 3119 3734 3120 3734 3121 3734 3119 3735 3122 3735 3118 3735 3121 3736 3120 3736 3123 3736 3120 3737 3119 3737 3118 3737 3124 3738 3123 3738 3125 3738 3126 3739 3125 3739 3127 3739 3123 3740 3128 3740 3121 3740 3127 3741 3129 3741 3126 3741 3130 3742 3131 3742 3129 3742 3132 3743 3133 3743 3130 3743 3134 3744 3135 3744 3132 3744 3136 3745 3137 3745 3138 3745 3136 3746 3139 3746 3137 3746 3138 3747 3137 3747 3140 3747 3141 3748 3138 3748 3140 3748 3136 3749 3142 3749 3139 3749 3143 3750 3141 3750 3140 3750 3144 3751 3143 3751 3145 3751 3146 3752 3144 3752 3145 3752 3147 3753 3148 3753 3146 3753 3146 3754 3149 3754 3147 3754 3149 3755 3150 3755 3151 3755 3152 3756 3153 3756 3150 3756 3152 3757 3154 3757 3153 3757 3155 3758 3156 3758 3157 3758 3158 3759 3156 3759 3154 3759 3157 3760 3159 3760 3160 3760 3157 3761 3158 3761 3159 3761 3160 3762 3161 3762 3162 3762 3160 3763 3159 3763 3161 3763 3160 3764 3162 3764 3163 3764 3156 3765 3158 3765 3157 3765 3154 3766 3152 3766 3158 3766 3150 3767 3149 3767 3152 3767 3135 3768 3134 3768 3139 3768 3143 3769 3140 3769 3145 3769 3134 3770 3137 3770 3139 3770 3132 3771 3135 3771 3133 3771 3130 3772 3133 3772 3131 3772 3127 3773 3130 3773 3129 3773 3125 3774 3126 3774 3124 3774 3123 3775 3124 3775 3128 3775 3118 3776 3117 3776 3120 3776 3115 3777 3116 3777 3117 3777 3112 3778 3114 3778 3116 3778 3114 3779 3110 3779 3111 3779 3105 3780 3109 3780 3106 3780 3108 3781 3109 3781 3111 3781 3102 3782 3105 3782 3100 3782 3098 3783 3103 3783 3099 3783 3096 3784 3099 3784 3097 3784 3092 3785 3096 3785 3095 3785 3094 3786 3093 3786 3091 3786 3088 3787 3094 3787 3091 3787 3164 3788 3087 3788 3089 3788 3114 3789 3113 3789 3110 3789 3165 3790 3166 3790 3167 3790 3166 3791 3168 3791 3169 3791 3170 3792 3165 3792 3167 3792 3148 3793 3144 3793 3146 3793 3169 3794 3168 3794 3171 3794 3151 3795 3147 3795 3149 3795 3172 3796 3173 3796 3174 3796 3174 3797 3173 3797 3170 3797 3175 3798 3169 3798 3171 3798 3165 3799 3168 3799 3166 3799 3174 3800 3170 3800 3167 3800 3171 3801 3090 3801 3087 3801 3168 3802 3090 3802 3171 3802 3176 3803 3177 3803 3178 3803 3176 3804 3179 3804 3180 3804 3181 3805 3182 3805 3183 3805 3181 3806 3178 3806 3182 3806 3184 3807 3185 3807 3186 3807 3185 3808 3187 3808 3183 3808 3188 3809 3189 3809 3190 3809 3184 3810 3188 3810 3190 3810 3184 3811 3186 3811 3188 3811 3187 3812 3185 3812 3184 3812 3181 3813 3183 3813 3187 3813 3177 3814 3182 3814 3178 3814 3180 3815 3177 3815 3176 3815 3191 3816 3192 3816 3193 3816 3193 3817 3192 3817 3194 3817 3195 3818 3191 3818 3196 3818 3193 3819 3197 3819 3198 3819 3194 3820 3199 3820 3197 3820 3200 3821 3201 3821 3202 3821 3203 3822 3204 3822 3201 3822 3203 3823 3205 3823 3204 3823 3206 3824 3207 3824 3208 3824 3209 3825 3207 3825 3205 3825 3210 3826 3206 3826 3208 3826 3211 3827 3212 3827 3210 3827 3213 3828 3214 3828 3215 3828 3213 3829 3211 3829 3214 3829 3215 3830 3214 3830 3216 3830 3215 3831 3217 3831 3218 3831 3219 3832 3220 3832 3217 3832 3221 3833 3222 3833 3223 3833 3224 3834 3225 3834 3220 3834 3226 3835 3227 3835 3223 3835 3228 3836 3229 3836 3226 3836 3230 3837 3231 3837 3232 3837 3228 3838 3232 3838 3233 3838 3234 3839 3235 3839 3236 3839 3234 3840 3237 3840 3235 3840 3232 3841 3231 3841 3233 3841 3237 3842 3234 3842 3230 3842 3234 3843 3236 3843 3238 3843 3239 3844 3240 3844 3241 3844 3242 3845 3240 3845 3236 3845 3243 3846 3239 3846 3241 3846 3244 3847 3245 3847 3243 3847 3246 3848 3244 3848 3247 3848 3248 3849 3249 3849 3250 3849 3251 3850 3252 3850 3253 3850 3251 3851 3248 3851 3252 3851 3253 3852 3252 3852 3254 3852 3255 3853 3256 3853 3254 3853 3257 3854 3258 3854 3255 3854 3259 3855 3260 3855 3258 3855 3261 3856 3262 3856 3260 3856 3263 3857 3264 3857 3262 3857 3265 3858 3266 3858 3264 3858 3267 3859 3268 3859 3269 3859 3267 3860 3270 3860 3268 3860 3269 3861 3268 3861 3271 3861 3267 3862 3272 3862 3273 3862 3266 3863 3270 3863 3273 3863 3271 3864 3274 3864 3275 3864 3276 3865 3277 3865 3274 3865 3278 3866 3279 3866 3277 3866 3280 3867 3278 3867 3281 3867 3278 3868 3280 3868 3279 3868 3280 3869 3281 3869 3282 3869 3276 3870 3278 3870 3277 3870 3271 3871 3276 3871 3274 3871 3269 3872 3271 3872 3275 3872 3270 3873 3267 3873 3273 3873 3265 3874 3270 3874 3266 3874 3263 3875 3265 3875 3264 3875 3261 3876 3263 3876 3262 3876 3259 3877 3261 3877 3260 3877 3257 3878 3259 3878 3258 3878 3255 3879 3254 3879 3257 3879 3256 3880 3253 3880 3254 3880 3283 3881 3249 3881 3251 3881 3251 3882 3249 3882 3248 3882 3243 3883 3247 3883 3244 3883 3246 3884 3247 3884 3250 3884 3239 3885 3243 3885 3245 3885 3242 3886 3241 3886 3240 3886 3235 3887 3242 3887 3236 3887 3232 3888 3237 3888 3230 3888 3228 3889 3233 3889 3229 3889 3226 3890 3229 3890 3227 3890 3223 3891 3227 3891 3221 3891 3222 3892 3221 3892 3225 3892 3224 3893 3222 3893 3225 3893 3220 3894 3219 3894 3224 3894 3217 3895 3216 3895 3219 3895 3217 3896 3215 3896 3216 3896 3213 3897 3284 3897 3211 3897 3213 3898 3285 3898 3284 3898 3209 3899 3208 3899 3207 3899 3212 3900 3206 3900 3210 3900 3203 3901 3209 3901 3205 3901 3200 3902 3203 3902 3201 3902 3199 3903 3200 3903 3202 3903 3194 3904 3197 3904 3193 3904 3286 3905 3191 3905 3195 3905 3286 3906 3192 3906 3191 3906 3202 3907 3197 3907 3199 3907 3212 3908 3211 3908 3284 3908 3249 3909 3246 3909 3250 3909 3281 3910 3287 3910 3282 3910 3288 3911 3289 3911 3290 3911 3288 3912 3291 3912 3292 3912 3289 3913 3293 3913 3290 3913 3294 3914 3295 3914 3293 3914 3296 3915 3295 3915 3294 3915 3297 3916 3298 3916 3296 3916 3297 3917 3296 3917 3299 3917 3300 3918 3299 3918 3301 3918 3302 3919 3301 3919 3303 3919 3302 3920 3303 3920 3304 3920 3304 3921 3305 3921 3306 3921 3305 3922 3307 3922 3306 3922 3307 3923 3308 3923 3309 3923 3308 3924 3310 3924 3309 3924 3311 3925 3312 3925 3310 3925 3313 3926 3312 3926 3311 3926 3314 3927 3315 3927 3316 3927 3317 3928 3318 3928 3319 3928 3317 3929 3319 3929 3316 3929 3317 3930 3316 3930 3315 3930 3314 3931 3320 3931 3315 3931 3321 3932 3320 3932 3314 3932 3313 3933 3320 3933 3321 3933 3313 3934 3321 3934 3312 3934 3308 3935 3311 3935 3310 3935 3306 3936 3307 3936 3309 3936 3304 3937 3303 3937 3305 3937 3302 3938 3300 3938 3301 3938 3300 3939 3297 3939 3299 3939 3296 3940 3298 3940 3295 3940 3289 3941 3294 3941 3293 3941 3288 3942 3290 3942 3291 3942 3322 3943 3323 3943 3324 3943 3325 3944 3324 3944 3323 3944 3325 3945 3323 3945 3326 3945 3327 3946 3326 3946 3328 3946 3326 3947 3329 3947 3328 3947 3325 3948 3326 3948 3327 3948 3330 3949 3331 3949 3332 3949 3331 3950 3333 3950 3332 3950 3334 3951 3335 3951 3330 3951 3335 3952 3334 3952 3336 3952 3337 3953 3338 3953 3339 3953 3338 3954 3340 3954 3339 3954 3341 3955 3337 3955 3342 3955 3337 3956 3339 3956 3342 3956 3336 3957 3340 3957 3338 3957 3343 3958 3344 3958 3345 3958 3346 3959 3347 3959 3348 3959 3346 3960 3348 3960 3349 3960 3350 3961 3351 3961 3346 3961 3351 3962 3350 3962 3352 3962 3352 3963 3353 3963 3354 3963 3355 3964 3356 3964 3357 3964 3353 3965 3356 3965 3355 3965 3353 3966 3358 3966 3354 3966 3359 3967 3360 3967 3361 3967 3362 3968 3363 3968 3364 3968 3365 3969 3366 3969 3364 3969 3367 3970 3368 3970 3369 3970 3370 3971 3371 3971 3369 3971 3372 3972 3373 3972 3374 3972 3374 3973 3375 3973 3376 3973 3377 3974 3378 3974 3379 3974 3378 3975 3380 3975 3379 3975 3377 3976 3379 3976 3381 3976 3382 3977 3383 3977 3384 3977 3385 3978 3386 3978 3387 3978 3388 3979 3389 3979 3390 3979 3389 3980 3391 3980 3390 3980 3392 3981 3393 3981 3388 3981 3394 3982 3393 3982 3392 3982 3394 3983 3395 3983 3396 3983 3395 3984 3397 3984 3396 3984 3397 3985 3398 3985 3399 3985 3397 3986 3399 3986 3400 3986 3401 3987 3402 3987 3332 3987 3403 3988 3404 3988 3405 3988 3401 3989 3406 3989 3402 3989 3407 3990 3405 3990 3404 3990 3408 3991 3399 3991 3398 3991 3409 3992 3403 3992 3405 3992 3333 3993 3401 3993 3332 3993 3361 3994 3366 3994 3410 3994 3411 3995 3412 3995 3413 3995 3412 3996 3414 3996 3413 3996 3415 3997 3414 3997 3412 3997 3415 3998 3412 3998 3408 3998 3415 3999 3408 3999 3398 3999 3395 4000 3394 4000 3392 4000 3391 4001 3416 4001 3385 4001 3413 4002 3414 4002 3409 4002 3393 4003 3389 4003 3388 4003 3364 4004 3366 4004 3361 4004 3405 4005 3413 4005 3409 4005 3417 4006 3377 4006 3381 4006 3418 4007 3386 4007 3419 4007 3418 4008 3419 4008 3417 4008 3418 4009 3387 4009 3386 4009 3380 4010 3420 4010 3383 4010 3380 4011 3383 4011 3382 4011 3382 4012 3384 4012 3375 4012 3382 4013 3375 4013 3374 4013 3374 4014 3376 4014 3421 4014 3374 4015 3421 4015 3372 4015 3367 4016 3369 4016 3374 4016 3368 4017 3422 4017 3369 4017 3422 4018 3370 4018 3369 4018 3369 4019 3371 4019 3362 4019 3369 4020 3362 4020 3364 4020 3365 4021 3364 4021 3423 4021 3364 4022 3363 4022 3423 4022 3366 4023 3365 4023 3424 4023 3367 4024 3374 4024 3373 4024 3418 4025 3417 4025 3381 4025 3390 4026 3385 4026 3387 4026 3391 4027 3385 4027 3390 4027 3345 4028 3349 4028 3343 4028 3425 4029 3426 4029 3360 4029 3426 4030 3427 4030 3360 4030 3427 4031 3428 4031 3360 4031 3429 4032 3428 4032 3427 4032 3428 4033 3361 4033 3360 4033 3428 4034 3429 4034 3430 4034 3428 4035 3430 4035 3431 4035 3428 4036 3431 4036 3432 4036 3431 4037 3433 4037 3432 4037 3433 4038 3434 4038 3432 4038 3434 4039 3435 4039 3432 4039 3435 4040 3436 4040 3432 4040 3436 4041 3356 4041 3432 4041 3437 4042 3356 4042 3436 4042 3358 4043 3353 4043 3355 4043 3353 4044 3352 4044 3350 4044 3359 4045 3361 4045 3410 4045 3438 4046 3356 4046 3437 4046 3343 4047 3348 4047 3439 4047 3356 4048 3438 4048 3357 4048 3346 4049 3351 4049 3347 4049 3341 4050 3440 4050 3441 4050 3440 4051 3345 4051 3344 4051 3440 4052 3341 4052 3342 4052 3330 4053 3335 4053 3331 4053 3401 4054 3333 4054 3442 4054 3441 4055 3440 4055 3344 4055 3334 4056 3340 4056 3336 4056 3402 4057 3406 4057 3443 4057 3348 4058 3343 4058 3349 4058 3406 4059 3444 4059 3445 4059 3406 4060 3445 4060 3443 4060 3445 4061 3329 4061 3443 4061 3328 4062 3329 4062 3445 4062 3396 4063 3397 4063 3400 4063 3380 4064 3378 4064 3420 4064 3446 4065 3447 4065 3448 4065 3448 4066 3449 4066 3450 4066 3450 4067 3449 4067 3451 4067 3450 4068 3451 4068 3452 4068 3447 4069 3449 4069 3448 4069 3453 4070 3454 4070 3455 4070 3454 4071 3456 4071 3457 4071 3457 4072 3456 4072 3458 4072 3453 4073 3455 4073 3459 4073 3459 4074 3455 4074 3460 4074 3461 4075 3462 4075 3463 4075 3464 4076 3465 4076 3463 4076 3466 4077 3467 4077 3462 4077 3464 4078 3460 4078 3465 4078 3468 4079 3469 4079 3470 4079 3471 4080 3468 4080 3470 4080 3469 4081 3472 4081 3473 4081 3468 4082 3467 4082 3466 4082 3474 4083 3472 4083 3475 4083 3474 4084 3473 4084 3472 4084 3476 4085 3475 4085 3477 4085 3478 4086 3479 4086 3480 4086 3477 4087 3479 4087 3476 4087 3480 4088 3481 4088 3478 4088 3482 4089 3483 4089 3484 4089 3485 4090 3482 4090 3484 4090 3485 4091 3486 4091 3482 4091 3485 4092 3487 4092 3486 4092 3486 4093 3487 4093 3488 4093 3488 4094 3487 4094 3489 4094 3490 4095 3488 4095 3489 4095 3491 4096 3490 4096 3489 4096 3491 4097 3481 4097 3490 4097 3491 4098 3478 4098 3481 4098 3479 4099 3477 4099 3480 4099 3474 4100 3475 4100 3476 4100 3469 4101 3473 4101 3470 4101 3468 4102 3471 4102 3467 4102 3466 4103 3462 4103 3461 4103 3461 4104 3463 4104 3465 4104 3464 4105 3459 4105 3460 4105 3456 4106 3454 4106 3453 4106 3492 4107 3457 4107 3458 4107 3493 4108 3494 4108 3495 4108 3496 4109 3495 4109 3497 4109 3497 4110 3498 4110 3496 4110 3498 4111 3499 4111 3500 4111 3498 4112 3497 4112 3499 4112 3496 4113 3493 4113 3495 4113 3501 4114 3502 4114 3503 4114 3503 4115 3504 4115 3505 4115 3504 4116 3506 4116 3505 4116 3502 4117 3504 4117 3503 4117 3507 4118 3508 4118 3509 4118 3507 4119 3510 4119 3508 4119 3511 4120 3512 4120 3513 4120 3511 4121 3514 4121 3515 4121 3516 4122 3517 4122 3518 4122 3516 4123 3519 4123 3517 4123 3520 4124 3521 4124 3522 4124 3520 4125 3523 4125 3521 4125 3524 4126 3525 4126 3526 4126 3524 4127 3527 4127 3528 4127 3529 4128 3530 4128 3531 4128 3529 4129 3532 4129 3530 4129 3530 4130 3533 4130 3531 4130 3530 4131 3532 4131 3534 4131 3535 4132 3536 4132 3537 4132 3535 4133 3538 4133 3539 4133 3540 4134 3541 4134 3542 4134 3540 4135 3543 4135 3541 4135 3544 4136 3545 4136 3546 4136 3544 4137 3547 4137 3548 4137 3549 4138 3550 4138 3551 4138 3549 4139 3552 4139 3553 4139 3554 4140 3555 4140 3556 4140 3554 4141 3557 4141 3558 4141 3559 4142 3560 4142 3561 4142 3559 4143 3562 4143 3563 4143 3564 4144 3565 4144 3566 4144 3564 4145 3567 4145 3565 4145 3566 4146 3568 4146 3569 4146 3566 4147 3570 4147 3564 4147 3566 4148 3565 4148 3568 4148 3567 4149 3571 4149 3565 4149 3572 4150 3573 4150 3574 4150 3572 4151 3575 4151 3573 4151 3576 4152 3577 4152 3578 4152 3576 4153 3579 4153 3580 4153 3578 4154 3577 4154 3581 4154 3576 4155 3582 4155 3583 4155 3584 4156 3585 4156 3586 4156 3584 4157 3587 4157 3588 4157 3589 4158 3590 4158 3591 4158 3589 4159 3592 4159 3590 4159 3593 4160 3594 4160 3595 4160 3593 4161 3596 4161 3597 4161 3598 4162 3599 4162 3600 4162 3598 4163 3601 4163 3599 4163 3602 4164 3603 4164 3604 4164 3602 4165 3605 4165 3606 4165 3607 4166 3608 4166 3609 4166 3607 4167 3610 4167 3611 4167 3612 4168 3613 4168 3614 4168 3612 4169 3615 4169 3613 4169 3615 4170 3616 4170 3617 4170 3615 4171 3618 4171 3619 4171 3620 4172 3621 4172 3622 4172 3620 4173 3623 4173 3624 4173 3625 4174 3626 4174 3627 4174 3625 4175 3628 4175 3629 4175 3630 4176 3631 4176 3632 4176 3630 4177 3633 4177 3634 4177 3631 4178 3635 4178 3636 4178 3631 4179 3634 4179 3637 4179 3638 4180 3639 4180 3640 4180 3638 4181 3641 4181 3639 4181 3642 4182 3643 4182 3644 4182 3642 4183 3645 4183 3646 4183 3647 4184 3648 4184 3649 4184 3647 4185 3650 4185 3651 4185 3648 4186 3652 4186 3649 4186 3648 4187 3651 4187 3653 4187 3654 4188 3655 4188 3656 4188 3654 4189 3657 4189 3655 4189 3658 4190 3659 4190 3660 4190 3658 4191 3661 4191 3659 4191 3662 4192 3663 4192 3664 4192 3662 4193 3665 4193 3666 4193 3667 4194 3668 4194 3669 4194 3667 4195 3670 4195 3525 4195 3647 4196 3651 4196 3648 4196 3650 4197 3671 4197 3651 4197 3672 4198 3673 4198 3674 4198 3672 4199 3675 4199 3673 4199 3671 4200 3676 4200 3677 4200 3676 4201 3650 4201 3678 4201 3679 4202 3680 4202 3681 4202 3679 4203 3575 4203 3682 4203 3683 4204 3679 4204 3681 4204 3679 4205 3684 4205 3575 4205 3685 4206 3686 4206 3523 4206 3685 4207 3687 4207 3688 4207 3689 4208 3690 4208 3691 4208 3689 4209 3627 4209 3626 4209 3692 4210 3693 4210 3694 4210 3692 4211 3695 4211 3693 4211 3696 4212 3697 4212 3698 4212 3696 4213 3699 4213 3697 4213 3700 4214 3701 4214 3699 4214 3700 4215 3702 4215 3701 4215 3685 4216 3523 4216 3703 4216 3686 4217 3606 4217 3521 4217 3704 4218 3705 4218 3706 4218 3704 4219 3707 4219 3708 4219 3709 4220 3562 4220 3710 4220 3709 4221 3711 4221 3562 4221 3537 4222 3712 4222 3713 4222 3537 4223 3536 4223 3714 4223 3715 4224 3716 4224 3717 4224 3715 4225 3718 4225 3719 4225 3720 4226 3721 4226 3722 4226 3720 4227 3723 4227 3724 4227 3725 4228 3726 4228 3727 4228 3725 4229 3728 4229 3729 4229 3730 4230 3731 4230 3732 4230 3730 4231 3733 4231 3731 4231 3734 4232 3735 4232 3736 4232 3734 4233 3737 4233 3735 4233 3738 4234 3739 4234 3617 4234 3738 4235 3740 4235 3739 4235 3739 4236 3740 4236 3741 4236 3738 4237 3617 4237 3742 4237 3743 4238 3616 4238 3744 4238 3743 4239 3617 4239 3616 4239 3742 4240 3743 4240 3745 4240 3617 4241 3613 4241 3615 4241 3746 4242 3747 4242 3748 4242 3746 4243 3749 4243 3556 4243 3714 4244 3536 4244 3750 4244 3714 4245 3712 4245 3537 4245 3669 4246 3751 4246 3539 4246 3669 4247 3752 4247 3667 4247 3753 4248 3754 4248 3755 4248 3753 4249 3756 4249 3757 4249 3758 4250 3759 4250 3760 4250 3758 4251 3761 4251 3759 4251 3762 4252 3757 4252 3763 4252 3762 4253 3764 4253 3754 4253 3765 4254 3766 4254 3767 4254 3765 4255 3768 4255 3766 4255 3769 4256 3770 4256 3771 4256 3769 4257 3772 4257 3770 4257 3773 4258 3774 4258 3775 4258 3773 4259 3767 4259 3776 4259 3777 4260 3778 4260 3779 4260 3777 4261 3780 4261 3778 4261 3781 4262 3782 4262 3783 4262 3781 4263 3784 4263 3785 4263 3786 4264 3787 4264 3788 4264 3786 4265 3789 4265 3787 4265 3790 4266 3791 4266 3553 4266 3790 4267 3792 4267 3793 4267 3794 4268 3582 4268 3795 4268 3598 4269 3796 4269 3601 4269 3797 4270 3798 4270 3799 4270 3797 4271 3800 4271 3798 4271 3801 4272 3802 4272 3803 4272 3801 4273 3804 4273 3805 4273 3806 4274 3807 4274 3808 4274 3806 4275 3694 4275 3809 4275 3806 4276 3627 4276 3694 4276 3808 4277 3628 4277 3625 4277 3810 4278 3811 4278 3812 4278 3810 4279 3813 4279 3803 4279 3554 4280 3814 4280 3555 4280 3558 4281 3815 4281 3816 4281 3817 4282 3818 4282 3819 4282 3817 4283 3820 4283 3818 4283 3821 4284 3822 4284 3823 4284 3821 4285 3793 4285 3824 4285 3790 4286 3552 4286 3792 4286 3553 4287 3550 4287 3549 4287 3825 4288 3779 4288 3826 4288 3777 4289 3827 4289 3828 4289 3825 4290 3777 4290 3779 4290 3777 4291 3828 4291 3780 4291 3829 4292 3763 4292 3830 4292 3829 4293 3831 4293 3763 4293 3832 4294 3833 4294 3834 4294 3832 4295 3835 4295 3836 4295 3837 4296 3838 4296 3839 4296 3837 4297 3840 4297 3841 4297 3842 4298 3843 4298 3636 4298 3842 4299 3706 4299 3843 4299 3706 4300 3844 4300 3845 4300 3576 4301 3842 4301 3577 4301 3846 4302 3847 4302 3848 4302 3846 4303 3849 4303 3847 4303 3849 4304 3850 4304 3847 4304 3849 4305 3851 4305 3852 4305 3779 4306 3853 4306 3826 4306 3779 4307 3778 4307 3854 4307 3827 4308 3825 4308 3855 4308 3853 4309 3856 4309 3826 4309 3857 4310 3858 4310 3859 4310 3857 4311 3860 4311 3858 4311 3858 4312 3861 4312 3859 4312 3858 4313 3860 4313 3561 4313 3862 4314 3863 4314 3864 4314 3862 4315 3865 4315 3866 4315 3865 4316 3867 4316 3866 4316 3865 4317 3868 4317 3869 4317 3793 4318 3870 4318 3811 4318 3793 4319 3791 4319 3790 4319 3871 4320 3542 4320 3836 4320 3540 4321 3872 4321 3543 4321 3873 4322 3836 4322 3835 4322 3871 4323 3874 4323 3872 4323 3508 4324 3510 4324 3875 4324 3507 4325 3509 4325 3876 4325 3507 4326 3876 4326 3877 4326 3509 4327 3622 4327 3878 4327 3637 4328 3879 4328 3880 4328 3637 4329 3881 4329 3879 4329 3882 4330 3646 4330 3639 4330 3882 4331 3883 4331 3884 4331 3885 4332 3886 4332 3586 4332 3885 4333 3726 4333 3887 4333 3888 4334 3889 4334 3890 4334 3888 4335 3891 4335 3892 4335 3893 4336 3894 4336 3895 4336 3893 4337 3896 4337 3894 4337 3897 4338 3898 4338 3899 4338 3897 4339 3900 4339 3898 4339 3900 4340 3901 4340 3902 4340 3903 4341 3897 4341 3904 4341 3721 4342 3905 4342 3906 4342 3721 4343 3724 4343 3905 4343 3907 4344 3908 4344 3775 4344 3907 4345 3909 4345 3908 4345 3910 4346 3911 4346 3912 4346 3910 4347 3913 4347 3911 4347 3698 4348 3914 4348 3915 4348 3698 4349 3697 4349 3914 4349 3916 4350 3917 4350 3918 4350 3916 4351 3819 4351 3919 4351 3920 4352 3918 4352 3697 4352 3916 4353 3701 4353 3819 4353 3921 4354 3922 4354 3923 4354 3921 4355 3924 4355 3922 4355 3925 4356 3548 4356 3926 4356 3925 4357 3716 4357 3545 4357 3927 4358 3928 4358 3929 4358 3927 4359 3930 4359 3931 4359 3929 4360 3932 4360 3933 4360 3929 4361 3928 4361 3932 4361 3934 4362 3935 4362 3936 4362 3934 4363 3932 4363 3937 4363 3929 4364 3933 4364 3534 4364 3934 4365 3937 4365 3935 4365 3938 4366 3851 4366 3563 4366 3938 4367 3939 4367 3851 4367 3940 4368 3941 4368 3688 4368 3940 4369 3942 4369 3943 4369 3944 4370 3945 4370 3750 4370 3944 4371 3751 4371 3945 4371 3946 4372 3947 4372 3948 4372 3946 4373 3949 4373 3950 4373 3780 4374 3828 4374 3951 4374 3827 4375 3777 4375 3825 4375 3667 4376 3752 4376 3952 4376 3668 4377 3751 4377 3669 4377 3953 4378 3954 4378 3955 4378 3953 4379 3915 4379 3914 4379 3656 4380 3956 4380 3957 4380 3656 4381 3655 4381 3956 4381 3958 4382 3959 4382 3960 4382 3958 4383 3652 4383 3961 4383 3962 4384 3848 4384 3560 4384 3962 4385 3563 4385 3846 4385 3847 4386 3676 4386 3963 4386 3847 4387 3850 4387 3676 4387 3962 4388 3560 4388 3559 4388 3848 4389 3963 4389 3964 4389 3965 4390 3966 4390 3967 4390 3965 4391 3682 4391 3968 4391 3969 4392 3970 4392 3971 4392 3969 4393 3972 4393 3973 4393 3969 4394 3575 4394 3972 4394 3682 4395 3680 4395 3679 4395 3608 4396 3974 4396 3609 4396 3608 4397 3611 4397 3974 4397 3607 4398 3975 4398 3976 4398 3609 4399 3868 4399 3977 4399 3978 4400 3887 4400 3726 4400 3978 4401 3979 4401 3980 4401 3978 4402 3726 4402 3729 4402 3887 4403 3886 4403 3885 4403 3931 4404 3760 4404 3928 4404 3931 4405 3981 4405 3760 4405 3982 4406 3983 4406 3984 4406 3982 4407 3985 4407 3986 4407 3987 4408 3988 4408 3989 4408 3987 4409 3990 4409 3991 4409 3693 4410 3695 4410 3992 4410 3689 4411 3694 4411 3627 4411 3993 4412 3532 4412 3529 4412 3993 4413 3994 4413 3532 4413 3995 4414 3996 4414 3997 4414 3995 4415 3998 4415 3996 4415 3657 4416 3658 4416 3655 4416 3661 4417 3992 4417 3659 4417 3765 4418 3999 4418 3768 4418 4000 4419 4001 4419 4002 4419 3515 4420 3820 4420 3512 4420 3515 4421 4003 4421 4004 4421 3639 4422 3646 4422 3764 4422 3882 4423 3641 4423 4005 4423 4006 4424 3610 4424 3976 4424 4006 4425 4007 4425 3610 4425 4008 4426 4009 4426 3710 4426 4008 4427 3750 4427 4009 4427 4009 4428 3750 4428 3945 4428 4008 4429 3710 4429 4010 4429 3904 4430 4011 4430 4012 4430 3904 4431 4013 4431 4014 4431 4015 4432 3744 4432 3619 4432 4015 4433 3611 4433 4016 4433 4017 4434 4018 4434 3899 4434 4017 4435 4019 4435 4020 4435 4019 4436 3596 4436 3593 4436 4017 4437 4020 4437 4018 4437 3872 4438 4021 4438 3543 4438 3872 4439 3874 4439 4022 4439 3909 4440 4023 4440 4024 4440 4025 4441 3907 4441 3775 4441 3630 4442 3634 4442 3631 4442 3633 4443 3980 4443 4026 4443 3674 4444 4027 4444 3651 4444 3674 4445 3673 4445 4028 4445 3653 4446 4029 4446 4030 4446 3653 4447 4027 4447 4031 4447 3653 4448 4031 4448 4032 4448 4027 4449 4028 4449 4031 4449 4031 4450 4033 4450 4032 4450 4031 4451 4028 4451 4034 4451 3573 4452 3699 4452 3696 4452 3573 4453 3575 4453 3684 4453 3952 4454 3670 4454 3667 4454 3952 4455 4035 4455 3670 4455 4036 4456 3981 4456 3931 4456 4036 4457 3947 4457 3981 4457 3880 4458 3635 4458 3637 4458 3880 4459 3581 4459 3635 4459 3542 4460 4037 4460 3836 4460 3542 4461 3541 4461 4037 4461 4037 4462 4038 4462 4039 4462 4037 4463 3541 4463 4040 4463 4041 4464 3678 4464 4042 4464 4041 4465 3963 4465 3678 4465 3809 4466 3657 4466 3654 4466 3809 4467 4043 4467 3657 4467 4044 4468 4045 4468 3939 4468 4044 4469 3996 4469 3998 4469 4044 4470 3998 4470 4045 4470 3995 4471 3997 4471 3703 4471 4043 4472 3694 4472 3693 4472 3806 4473 3809 4473 3807 4473 3905 4474 4046 4474 3906 4474 3905 4475 3724 4475 3834 4475 3708 4476 4047 4476 3705 4476 3708 4477 3722 4477 4047 4477 3896 4478 4048 4478 4025 4478 4049 4479 3893 4479 3895 4479 4050 4480 3776 4480 4051 4480 4050 4481 3774 4481 3776 4481 4052 4482 3527 4482 3524 4482 4052 4483 3939 4483 3527 4483 4053 4484 4054 4484 4055 4484 4053 4485 4056 4485 4057 4485 3888 4486 4058 4486 3891 4486 3890 4487 4059 4487 4060 4487 4061 4488 4062 4488 4063 4488 4061 4489 4064 4489 3538 4489 4063 4490 4062 4490 3951 4490 4061 4491 3936 4491 3935 4491 4065 4492 3828 4492 3827 4492 4065 4493 4066 4493 3664 4493 4065 4494 3664 4494 3828 4494 3662 4495 3629 4495 3665 4495 4067 4496 4068 4496 3561 4496 4067 4497 3710 4497 4068 4497 4069 4498 3974 4498 4070 4498 4069 4499 3869 4499 3974 4499 4071 4500 4028 4500 3673 4500 4071 4501 3605 4501 4072 4501 3805 4502 4073 4502 4074 4502 3805 4503 4075 4503 4076 4503 4077 4504 3718 4504 3715 4504 4077 4505 4078 4505 4079 4505 4024 4506 4080 4506 3909 4506 4024 4507 4049 4507 3547 4507 4081 4508 4082 4508 3876 4508 4081 4509 3756 4509 3894 4509 4083 4510 4084 4510 4085 4510 4083 4511 3923 4511 4086 4511 3511 4512 4087 4512 3514 4512 3513 4513 3684 4513 3683 4513 4026 4514 3980 4514 4088 4514 4026 4515 3881 4515 3634 4515 3545 4516 3716 4516 3719 4516 3545 4517 3548 4517 3925 4517 3831 4518 3839 4518 3838 4518 3839 4519 3829 4519 3830 4519 4022 4520 4021 4520 3872 4520 4022 4521 3517 4521 4021 4521 3663 4522 3936 4522 3664 4522 3663 4523 3666 4523 3936 4523 3916 4524 3919 4524 3917 4524 3819 4525 3818 4525 3919 4525 4089 4526 4090 4526 4091 4526 4089 4527 4092 4527 4090 4527 4093 4528 3977 4528 4094 4528 4093 4529 4095 4529 3975 4529 4096 4530 4097 4530 4098 4530 4096 4531 4099 4531 4100 4531 4101 4532 3587 4532 4102 4532 4101 4533 4103 4533 4060 4533 4104 4534 4105 4534 3736 4534 4104 4535 4106 4535 4105 4535 4107 4536 3736 4536 4108 4536 4104 4537 4097 4537 4106 4537 4109 4538 4110 4538 4111 4538 4109 4539 3731 4539 4112 4539 3731 4540 4113 4540 4112 4540 3731 4541 4114 4541 4115 4541 4114 4542 4116 4542 4115 4542 4114 4543 4054 4543 4117 4543 3776 4544 3767 4544 4051 4544 3776 4545 3774 4545 3773 4545 3625 4546 3627 4546 3808 4546 3626 4547 3690 4547 3689 4547 4118 4548 4119 4548 4120 4548 4118 4549 4121 4549 4122 4549 4046 4550 4123 4550 3906 4550 4046 4551 3834 4551 4123 4551 3721 4552 4047 4552 3722 4552 3906 4553 4103 4553 4124 4553 3893 4554 4049 4554 4048 4554 3895 4555 4119 4555 4049 4555 4125 4556 4126 4556 4127 4556 4125 4557 4128 4557 4126 4557 4129 4558 3997 4558 3996 4558 4129 4559 3999 4559 3997 4559 4130 4560 3990 4560 4131 4560 4130 4561 4132 4561 3942 4561 4133 4562 3908 4562 3546 4562 4133 4563 4002 4563 3908 4563 4118 4564 4122 4564 4119 4564 4121 4565 4134 4565 4135 4565 4053 4566 4136 4566 4137 4566 4055 4567 3733 4567 4095 4567 4138 4568 4139 4568 4140 4568 4138 4569 4141 4569 4142 4569 4108 4570 4143 4570 4144 4570 4108 4571 3736 4571 4145 4571 4144 4572 4143 4572 4146 4572 4108 4573 4147 4573 4107 4573 3867 4574 4148 4574 4149 4574 3867 4575 3869 4575 4148 4575 4150 4576 3862 4576 3866 4576 4151 4577 4069 4577 4070 4577 4152 4578 3752 4578 3669 4578 4152 4579 4153 4579 3752 4579 4154 4580 4155 4580 4156 4580 4154 4581 4157 4581 3983 4581 4158 4582 4159 4582 4160 4582 4158 4583 4145 4583 3948 4583 3964 4584 4041 4584 4161 4584 3963 4585 3676 4585 3678 4585 3528 4586 3751 4586 3668 4586 3528 4587 3711 4587 3945 4587 3935 4588 4064 4588 4061 4588 3935 4589 3937 4589 4064 4589 4162 4590 4163 4590 4164 4590 4162 4591 4086 4591 3881 4591 4162 4592 3881 4592 4163 4592 4086 4593 3879 4593 3881 4593 4165 4594 4166 4594 4167 4594 4165 4595 4168 4595 4166 4595 4169 4596 3784 4596 3518 4596 4169 4597 4170 4597 4171 4597 4172 4598 4171 4598 4173 4598 4172 4599 4174 4599 3785 4599 3789 4600 4173 4600 3787 4600 4172 4601 4175 4601 4176 4601 4061 4602 3538 4602 3535 4602 4152 4603 3937 4603 4153 4603 3555 4604 4177 4604 3556 4604 3555 4605 3814 4605 4177 4605 4178 4606 3804 4606 3801 4606 4178 4607 4177 4607 3804 4607 3747 4608 4178 4608 3813 4608 4177 4609 3814 4609 4179 4609 4035 4610 4180 4610 3759 4610 4180 4611 3952 4611 4153 4611 4181 4612 4182 4612 3856 4612 4181 4613 4183 4613 4182 4613 3746 4614 3748 4614 3889 4614 3747 4615 3813 4615 4184 4615 3877 4616 3510 4616 3507 4616 3877 4617 4185 4617 3510 4617 3976 4618 3975 4618 4095 4618 3976 4619 3610 4619 3607 4619 3603 4620 3688 4620 3941 4620 3603 4621 3606 4621 3686 4621 4186 4622 4187 4622 4188 4622 4186 4623 3788 4623 4187 4623 3766 4624 3768 4624 3526 4624 3765 4625 3767 4625 4000 4625 3984 4626 4189 4626 3574 4626 3984 4627 3983 4627 4157 4627 4040 4628 3557 4628 4038 4628 4040 4629 4190 4629 3815 4629 3801 4630 3813 4630 4178 4630 3803 4631 3824 4631 3811 4631 3954 4632 4191 4632 3955 4632 3954 4633 4192 4633 4191 4633 4146 4634 4160 4634 3534 4634 4146 4635 4143 4635 4158 4635 4193 4636 4051 4636 3759 4636 4193 4637 4194 4637 4195 4637 4196 4638 4197 4638 4198 4638 4196 4639 4199 4639 4085 4639 3899 4640 3898 4640 4017 4640 3899 4641 4013 4641 3904 4641 3681 4642 4087 4642 3683 4642 3681 4643 4200 4643 4201 4643 3534 4644 3933 4644 3666 4644 3534 4645 4160 4645 3929 4645 3529 4646 3531 4646 4202 4646 3533 4647 3665 4647 3531 4647 4203 4648 3675 4648 3677 4648 4203 4649 3522 4649 3521 4649 4182 4650 4183 4650 4010 4650 4181 4651 3856 4651 3853 4651 4085 4652 4084 4652 3797 4652 4083 4653 4199 4653 3923 4653 4099 4654 4204 4654 4100 4654 4099 4655 3591 4655 3590 4655 3946 4656 3948 4656 3735 4656 4159 4657 4036 4657 3930 4657 3927 4658 3931 4658 3928 4658 3981 4659 3761 4659 3758 4659 4170 4660 3769 4660 4205 4660 3772 4661 3518 4661 3874 4661 3588 4662 4206 4662 4207 4662 3588 4663 4059 4663 4206 4663 4208 4664 4209 4664 4210 4664 3965 4665 3680 4665 3682 4665 4038 4666 3557 4666 4039 4666 4040 4667 3541 4667 4190 4667 4039 4668 3833 4668 3836 4668 4039 4669 3892 4669 3891 4669 4211 4670 3889 4670 3748 4670 4211 4671 4206 4671 4059 4671 4212 4672 3526 4672 3525 4672 3766 4673 4051 4673 3767 4673 3590 4674 4204 4674 4099 4674 3590 4675 3592 4675 4204 4675 4213 4676 3621 4676 4214 4676 4213 4677 4215 4677 3621 4677 3735 4678 3948 4678 4145 4678 3735 4679 3737 4679 3949 4679 4158 4680 3948 4680 4159 4680 3734 4681 3736 4681 4105 4681 4010 4682 4067 4682 3860 4682 3710 4683 3562 4683 3559 4683 4216 4684 4122 4684 4217 4684 4216 4685 4049 4685 4119 4685 4218 4686 4219 4686 4220 4686 4218 4687 4221 4687 4219 4687 3685 4688 3688 4688 3686 4688 3687 4689 4078 4689 3688 4689 4016 4690 3744 4690 4015 4690 4016 4691 3745 4691 3744 4691 3578 4692 4222 4692 3795 4692 4222 4693 3880 4693 3879 4693 4223 4694 4224 4694 4225 4694 4223 4695 4226 4695 4227 4695 3725 4696 4228 4696 3728 4696 3727 4697 3585 4697 4228 4697 3888 4698 3892 4698 3889 4698 3891 4699 3833 4699 4039 4699 3759 4700 4051 4700 4035 4700 4193 4701 3761 4701 4229 4701 3789 4702 3786 4702 4070 4702 3786 4703 3788 4703 4151 4703 4151 4704 3788 4704 4148 4704 3789 4705 4070 4705 4175 4705 3568 4706 4007 4706 3569 4706 3568 4707 3565 4707 3745 4707 3569 4708 4007 4708 4006 4708 3566 4709 4230 4709 4231 4709 4201 4710 4232 4710 3514 4710 4201 4711 4233 4711 4232 4711 3802 4712 4234 4712 4235 4712 3802 4713 3801 4713 3805 4713 4236 4714 4237 4714 4174 4714 4236 4715 4238 4715 4239 4715 4176 4716 4174 4716 4172 4716 4236 4717 3618 4717 4238 4717 4240 4718 3723 4718 4241 4718 4240 4719 4170 4719 4205 4719 4214 4720 4242 4720 4243 4720 4214 4721 3621 4721 3624 4721 3624 4722 4244 4722 4242 4722 3624 4723 4245 4723 4244 4723 3849 4724 3852 4724 3850 4724 3851 4725 3939 4725 4045 4725 3834 4726 3891 4726 4058 4726 3871 4727 3836 4727 3873 4727 3706 4728 4124 4728 3843 4728 3705 4729 4047 4729 4124 4729 3551 4730 4246 4730 4247 4730 3551 4731 4132 4731 3549 4731 4025 4732 4023 4732 3907 4732 4025 4733 4048 4733 4023 4733 4248 4734 4249 4734 4250 4734 4248 4735 3818 4735 3820 4735 3512 4736 3820 4736 3817 4736 3515 4737 3514 4737 4251 4737 3514 4738 4252 4738 4251 4738 3514 4739 4087 4739 4201 4739 4088 4740 4253 4740 4254 4740 4088 4741 3980 4741 3979 4741 3774 4742 4255 4742 4256 4742 4193 4743 4050 4743 4051 4743 4203 4744 3521 4744 3675 4744 3520 4745 3998 4745 3523 4745 3785 4746 3784 4746 4169 4746 3785 4747 3782 4747 3781 4747 4121 4748 4118 4748 4257 4748 4120 4749 3895 4749 3894 4749 3794 4750 3924 4750 4258 4750 3795 4751 4222 4751 3922 4751 4259 4752 3957 4752 4202 4752 3654 4753 3807 4753 3809 4753 4202 4754 3957 4754 4260 4754 4259 4755 3628 4755 3808 4755 3812 4756 3811 4756 3870 4756 3810 4757 4184 4757 3813 4757 3943 4758 4261 4758 3604 4758 3943 4759 3942 4759 4132 4759 4007 4760 4016 4760 3610 4760 3743 4761 3742 4761 3617 4761 4256 4762 3775 4762 3774 4762 4025 4763 4262 4763 3896 4763 4263 4764 3839 4764 4215 4764 3837 4765 4264 4765 4265 4765 3979 4766 3729 4766 3987 4766 3978 4767 3980 4767 3887 4767 3666 4768 3665 4768 3533 4768 4066 4769 3662 4769 3664 4769 4141 4770 4266 4770 4142 4770 4141 4771 3838 4771 4267 4771 4241 4772 3723 4772 4268 4772 4240 4773 4173 4773 4170 4773 4268 4774 3722 4774 3707 4774 4268 4775 3723 4775 3720 4775 4044 4776 3939 4776 4052 4776 4045 4777 3852 4777 3851 4777 4019 4778 4017 4778 3596 4778 3899 4779 4269 4779 4013 4779 3977 4780 3868 4780 4094 4780 3977 4781 3975 4781 3609 4781 3922 4782 4222 4782 3879 4782 3922 4783 3924 4783 3795 4783 3913 4784 4270 4784 4199 4784 3913 4785 3918 4785 4270 4785 4258 4786 3924 4786 3919 4786 3795 4787 3924 4787 3794 4787 4172 4788 3785 4788 4171 4788 3781 4789 3783 4789 3519 4789 3850 4790 3677 4790 3676 4790 3850 4791 3852 4791 4203 4791 3677 4792 3672 4792 3671 4792 4071 4793 3521 4793 3605 4793 3671 4794 3672 4794 3674 4794 4203 4795 3677 4795 3850 4795 3728 4796 4131 4796 3729 4796 3728 4797 4228 4797 3792 4797 3660 4798 4271 4798 4272 4798 3660 4799 3659 4799 4273 4799 4102 4800 3586 4800 3632 4800 4102 4801 3587 4801 3584 4801 3636 4802 3577 4802 3842 4802 3636 4803 3635 4803 3581 4803 4125 4804 3707 4804 4274 4804 4241 4805 3788 4805 3787 4805 3838 4806 3640 4806 3831 4806 4141 4807 4267 4807 4275 4807 4261 4808 4276 4808 4277 4808 4261 4809 4278 4809 4276 4809 3941 4810 3604 4810 3603 4810 3551 4811 3943 4811 4132 4811 4211 4812 4059 4812 3890 4812 3588 4813 4207 4813 3585 4813 4238 4814 3614 4814 4239 4814 3612 4815 3618 4815 3615 4815 3717 4816 4279 4816 4077 4816 3717 4817 4280 4817 4281 4817 4161 4818 4042 4818 4282 4818 4041 4819 3964 4819 3963 4819 4042 4820 3649 4820 4283 4820 4042 4821 3678 4821 3647 4821 3649 4822 3652 4822 4283 4822 3647 4823 3678 4823 3650 4823 3805 4824 4284 4824 4075 4824 4179 4825 4285 4825 4284 4825 3753 4826 3755 4826 4120 4826 3754 4827 3645 4827 3755 4827 3757 4828 3756 4828 3878 4828 3754 4829 3764 4829 3646 4829 3937 4830 4152 4830 4064 4830 3952 4831 4180 4831 4035 4831 4159 4832 3930 4832 3927 4832 4159 4833 3948 4833 4036 4833 3550 4834 4286 4834 4287 4834 4288 4835 3553 4835 3791 4835 3565 4836 3742 4836 3745 4836 3565 4837 3571 4837 3738 4837 3571 4838 3567 4838 4289 4838 3566 4839 4290 4839 3570 4839 4124 4840 4103 4840 3843 4840 4124 4841 4047 4841 3906 4841 3843 4842 4291 4842 3636 4842 3843 4843 4103 4843 4101 4843 3552 4844 4131 4844 3792 4844 3552 4845 4132 4845 4130 4845 3909 4846 3546 4846 3908 4846 4080 4847 3547 4847 3544 4847 4055 4848 4095 4848 4093 4848 3733 4849 3730 4849 4095 4849 4053 4850 4055 4850 4136 4850 4114 4851 4292 4851 4116 4851 4169 4852 3518 4852 3772 4852 3784 4853 3781 4853 3516 4853 4171 4854 4170 4854 4173 4854 3782 4855 4174 4855 4237 4855 4293 4856 4079 4856 4294 4856 4293 4857 3719 4857 3718 4857 3548 4858 3547 4858 4218 4858 4080 4859 3544 4859 3546 4859 4237 4860 3783 4860 3782 4860 4237 4861 4239 4861 3783 4861 4157 4862 4295 4862 4296 4862 4154 4863 3983 4863 4297 4863 4298 4864 3660 4864 4299 4864 3660 4865 3655 4865 3658 4865 3656 4866 3957 4866 4259 4866 3956 4867 4300 4867 4260 4867 4294 4868 3999 4868 4002 4868 4294 4869 3997 4869 3999 4869 4157 4870 4189 4870 3984 4870 3972 4871 3575 4871 3572 4871 3861 4872 4301 4872 3859 4872 3861 4873 3561 4873 3964 4873 4301 4874 4282 4874 3859 4874 4301 4875 3964 4875 4161 4875 3697 4876 3918 4876 3914 4876 3920 4877 3699 4877 3701 4877 3631 4878 3637 4878 3635 4878 3800 4879 3797 4879 4302 4879 3691 4880 3855 4880 3695 4880 3691 4881 3690 4881 4065 4881 3703 4882 3997 4882 4294 4882 3995 4883 3523 4883 3998 4883 4260 4884 4300 4884 4013 4884 4260 4885 3957 4885 3956 4885 3771 4886 3834 4886 3724 4886 3771 4887 3770 4887 3835 4887 3622 4888 3830 4888 3763 4888 3622 4889 3509 4889 3620 4889 3527 4890 3939 4890 3938 4890 4052 4891 3526 4891 4303 4891 4044 4892 4303 4892 3996 4892 3526 4893 3768 4893 4303 4893 3593 4894 3597 4894 4304 4894 3596 4895 4017 4895 3900 4895 4305 4896 3900 4896 3902 4896 3897 4897 3899 4897 3904 4897 4013 4898 4269 4898 4260 4898 3903 4899 3904 4899 4012 4899 3606 4900 3605 4900 3521 4900 4306 4901 3602 4901 3604 4901 4148 4902 4069 4902 4151 4902 3974 4903 3611 4903 4070 4903 3865 4904 3869 4904 3867 4904 3611 4905 3608 4905 3607 4905 3617 4906 3739 4906 3613 4906 3740 4907 4307 4907 3741 4907 3613 4908 3741 4908 3614 4908 3565 4909 3738 4909 3742 4909 4098 4910 4147 4910 4020 4910 4098 4911 4097 4911 4107 4911 4077 4912 4279 4912 3940 4912 4279 4913 3990 4913 3942 4913 4082 4914 3896 4914 4262 4914 3895 4915 4120 4915 4119 4915 3771 4916 3835 4916 3832 4916 3770 4917 3874 4917 3873 4917 3811 4918 3824 4918 3793 4918 3811 4919 3810 4919 3803 4919 3697 4920 3699 4920 3920 4920 3700 4921 3684 4921 3702 4921 3812 4922 4207 4922 4206 4922 3870 4923 3792 4923 4228 4923 3763 4924 3878 4924 3622 4924 3763 4925 3831 4925 3762 4925 4015 4926 3619 4926 4175 4926 3744 4927 3616 4927 3619 4927 3609 4928 3975 4928 3607 4928 3745 4929 4007 4929 3568 4929 3760 4930 4180 4930 3928 4930 3760 4931 3981 4931 3758 4931 4064 4932 4152 4932 3538 4932 4153 4933 3928 4933 4180 4933 3947 4934 4036 4934 3948 4934 4159 4935 3927 4935 4160 4935 3937 4936 3932 4936 4153 4936 4308 4937 3947 4937 3950 4937 3660 4938 4273 4938 4309 4938 3659 4939 3992 4939 4310 4939 4000 4940 4002 4940 3999 4940 4001 4941 3908 4941 4002 4941 3909 4942 3907 4942 4023 4942 3773 4943 4001 4943 4000 4943 3755 4944 4257 4944 4120 4944 3755 4945 3645 4945 4257 4945 3780 4946 3951 4946 3713 4946 3828 4947 3664 4947 4063 4947 3509 4948 3878 4948 3876 4948 3764 4949 3831 4949 3640 4949 3694 4950 3689 4950 3692 4950 3626 4951 3625 4951 3629 4951 4149 4952 4188 4952 4311 4952 4186 4953 4148 4953 3788 4953 3669 4954 3539 4954 3538 4954 3536 4955 3944 4955 3750 4955 3512 4956 3702 4956 3513 4956 3684 4957 3700 4957 3699 4957 3704 4958 3708 4958 3705 4958 3721 4959 3720 4959 3724 4959 4200 4960 4312 4960 4313 4960 4200 4961 3681 4961 4208 4961 4208 4962 3965 4962 4314 4962 3968 4963 3682 4963 4315 4963 3896 4964 3893 4964 4048 4964 4118 4965 4120 4965 4257 4965 4123 4966 4058 4966 4060 4966 4123 4967 3834 4967 4058 4967 3890 4968 3889 4968 4211 4968 3891 4969 3834 4969 3833 4969 3919 4970 3924 4970 3921 4970 4258 4971 3818 4971 3796 4971 3886 4972 3632 4972 3586 4972 3886 4973 3887 4973 3633 4973 3876 4974 4082 4974 3877 4974 4081 4975 3878 4975 3756 4975 3728 4976 3792 4976 4131 4976 4228 4977 4207 4977 3870 4977 3768 4978 4129 4978 4303 4978 4293 4979 4002 4979 4133 4979 3987 4980 4316 4980 4317 4980 3715 4981 3717 4981 4077 4981 3807 4982 3654 4982 3656 4982 3657 4983 4043 4983 3661 4983 4318 4984 4260 4984 4269 4984 3656 4985 4259 4985 3807 4985 3956 4986 3655 4986 4298 4986 3661 4987 4043 4987 3992 4987 3646 4988 3645 4988 3754 4988 3646 4989 3882 4989 4319 4989 4226 4990 4320 4990 4321 4990 4226 4991 4223 4991 4213 4991 4215 4992 4223 4992 4322 4992 4226 4993 4213 4993 4214 4993 3560 4994 3964 4994 3561 4994 3963 4995 3848 4995 3847 4995 3619 4996 3616 4996 3615 4996 4016 4997 3611 4997 3610 4997 3916 4998 3918 4998 3920 4998 3917 4999 4270 4999 3918 4999 4067 5000 3561 5000 3860 5000 3962 5001 3559 5001 3563 5001 3858 5002 3561 5002 3861 5002 4008 5003 4010 5003 3712 5003 4189 5004 3572 5004 3574 5004 3511 5005 3513 5005 4087 5005 4066 5006 3629 5006 3662 5006 3629 5007 3531 5007 3665 5007 3626 5008 3629 5008 4066 5008 3534 5009 3532 5009 4146 5009 3714 5010 3750 5010 4008 5010 3536 5011 3539 5011 3944 5011 3713 5012 3712 5012 4183 5012 3535 5013 4062 5013 4061 5013 3779 5014 3854 5014 3853 5014 3854 5015 3780 5015 3713 5015 3885 5016 3586 5016 3727 5016 4102 5017 4291 5017 4101 5017 3541 5018 3543 5018 4190 5018 3874 5019 3871 5019 3873 5019 3994 5020 4146 5020 3532 5020 4143 5021 4108 5021 4145 5021 4160 5022 4146 5022 4158 5022 3734 5023 4105 5023 3737 5023 4063 5024 3664 5024 3936 5024 3826 5025 3855 5025 3825 5025 3535 5026 3539 5026 3536 5026 3538 5027 4152 5027 3669 5027 4262 5028 4025 5028 4256 5028 4048 5029 4049 5029 4024 5029 3814 5030 3816 5030 4285 5030 3558 5031 3814 5031 3554 5031 3954 5032 3914 5032 3910 5032 3819 5033 3701 5033 3702 5033 4185 5034 4323 5034 4324 5034 4185 5035 4167 5035 4323 5035 3953 5036 3914 5036 3954 5036 3698 5037 3574 5037 3696 5037 3906 5038 4047 5038 3721 5038 3771 5039 4205 5039 3769 5039 3911 5040 4325 5040 3912 5040 3911 5041 3913 5041 4199 5041 3987 5042 4131 5042 3990 5042 4228 5043 3725 5043 3727 5043 3757 5044 3754 5044 3753 5044 4092 5045 3642 5045 3644 5045 4182 5046 4010 5046 3860 5046 4183 5047 3712 5047 4010 5047 3854 5048 4183 5048 4181 5048 3712 5049 3714 5049 4008 5049 3710 5050 4009 5050 3709 5050 3944 5051 3539 5051 3751 5051 4122 5052 4326 5052 4327 5052 4122 5053 4328 5053 4326 5053 4093 5054 3975 5054 3977 5054 3976 5055 3732 5055 4006 5055 4054 5056 4114 5056 4055 5056 3732 5057 3569 5057 4006 5057 3862 5058 4150 5058 3863 5058 3866 5059 3867 5059 4149 5059 3854 5060 3778 5060 3780 5060 3528 5061 3668 5061 3525 5061 3510 5062 4329 5062 3875 5062 3877 5063 4082 5063 4262 5063 4107 5064 4097 5064 4104 5064 4097 5065 4100 5065 4106 5065 4248 5066 3820 5066 4004 5066 3817 5067 3819 5067 3702 5067 3674 5068 4028 5068 4027 5068 4071 5069 3675 5069 3521 5069 3673 5070 3675 5070 4071 5070 3603 5071 3686 5071 3688 5071 3614 5072 4238 5072 3612 5072 4015 5073 4175 5073 3611 5073 3618 5074 4176 5074 3619 5074 4175 5075 4070 5075 3611 5075 4199 5076 4270 5076 3923 5076 4330 5077 4196 5077 4198 5077 4172 5078 4173 5078 3789 5078 4240 5079 4205 5079 3723 5079 3606 5080 3603 5080 3602 5080 3940 5081 4078 5081 4077 5081 3831 5082 3764 5082 3762 5082 3640 5083 4141 5083 3638 5083 3641 5084 4331 5084 4005 5084 3641 5085 4140 5085 4331 5085 3796 5086 4332 5086 3601 5086 3796 5087 4333 5087 4332 5087 3761 5088 4334 5088 4335 5088 3761 5089 4336 5089 4334 5089 3984 5090 3574 5090 3915 5090 4189 5091 3972 5091 3572 5091 3983 5092 4337 5092 4297 5092 3982 5093 3984 5093 3915 5093 4293 5094 3718 5094 4079 5094 3719 5095 3716 5095 3715 5095 3870 5096 4207 5096 3812 5096 4184 5097 3748 5097 3747 5097 3637 5098 3634 5098 3881 5098 3632 5099 3636 5099 4291 5099 4101 5100 4060 5100 3587 5100 4060 5101 3906 5101 4123 5101 3582 5102 3600 5102 4338 5102 4222 5103 3578 5103 3581 5103 4218 5104 3547 5104 4216 5104 4048 5105 4024 5105 4023 5105 3923 5106 4270 5106 3917 5106 4197 5107 4196 5107 4339 5107 3552 5108 3790 5108 3553 5108 4340 5109 3821 5109 3824 5109 3548 5110 3545 5110 3544 5110 4133 5111 3719 5111 4293 5111 4206 5112 4211 5112 4184 5112 3889 5113 3892 5113 3746 5113 3892 5114 3749 5114 3746 5114 3554 5115 4039 5115 3557 5115 3746 5116 3556 5116 3747 5116 3749 5117 4039 5117 3554 5117 3747 5118 3556 5118 4178 5118 3558 5119 3557 5119 4040 5119 3993 5120 4269 5120 3994 5120 4259 5121 4202 5121 3628 5121 4318 5122 3993 5122 3529 5122 4108 5123 4144 5123 4147 5123 3894 5124 4082 5124 4081 5124 4262 5125 4256 5125 4165 5125 4195 5126 4050 5126 4193 5126 4051 5127 3766 5127 4212 5127 4020 5128 4147 5128 4144 5128 4096 5129 3591 5129 4099 5129 3594 5130 3593 5130 4341 5130 4269 5131 3899 5131 4018 5131 3587 5132 4059 5132 3588 5132 3587 5133 4060 5133 4059 5133 3586 5134 3585 5134 3727 5134 4101 5135 4291 5135 3843 5135 3711 5136 3938 5136 3563 5136 4044 5137 4052 5137 4303 5137 4026 5138 3634 5138 3633 5138 3636 5139 3581 5139 3577 5139 4188 5140 4127 5140 4342 5140 4188 5141 4149 5141 4186 5141 3767 5142 3773 5142 4000 5142 3546 5143 3909 5143 4080 5143 3828 5144 4063 5144 3951 5144 4153 5145 3932 5145 3928 5145 3808 5146 3627 5146 3806 5146 3692 5147 3691 5147 3695 5147 3531 5148 3628 5148 4202 5148 3855 5149 3691 5149 4065 5149 3631 5150 3636 5150 3632 5150 3842 5151 3576 5151 3844 5151 3522 5152 3998 5152 3520 5152 3523 5153 3995 5153 3703 5153 3861 5154 3964 5154 4301 5154 3559 5155 4068 5155 3710 5155 3561 5156 4068 5156 3559 5156 3562 5157 3711 5157 3563 5157 3938 5158 3711 5158 3527 5158 3856 5159 4182 5159 3859 5159 4177 5160 4178 5160 3556 5160 3812 5161 4184 5161 3810 5161 3703 5162 4079 5162 3687 5162 4079 5163 3718 5163 4077 5163 3832 5164 3836 5164 3833 5164 3835 5165 3770 5165 3873 5165 3892 5166 4039 5166 3749 5166 3540 5167 3542 5167 3871 5167 3574 5168 3698 5168 3915 5168 4343 5169 3953 5169 4344 5169 3667 5170 3525 5170 3668 5170 3526 5171 4212 5171 3766 5171 3670 5172 4035 5172 4212 5172 3774 5173 4050 5173 4255 5173 4345 5174 3551 5174 4247 5174 4346 5175 3550 5175 3553 5175 3791 5176 4347 5176 4288 5176 3823 5177 4348 5177 3821 5177 3979 5178 3978 5178 3729 5178 3886 5179 3633 5179 3630 5179 4125 5180 4274 5180 4349 5180 3707 5181 3704 5181 4274 5181 3723 5182 4205 5182 3724 5182 4240 5183 4241 5183 4173 5183 4045 5184 3998 5184 3522 5184 4293 5185 4294 5185 4002 5185 3757 5186 3878 5186 3763 5186 3878 5187 4081 5187 3876 5187 4163 5188 4350 5188 4164 5188 4163 5189 3881 5189 4026 5189 4094 5190 4351 5190 4352 5190 4094 5191 3864 5191 4351 5191 3942 5192 3940 5192 4279 5192 4079 5193 4078 5193 3687 5193 3623 5194 4353 5194 4245 5194 3623 5195 4354 5195 4353 5195 3958 5196 4355 5196 4356 5196 3653 5197 3651 5197 4027 5197 4053 5198 4137 5198 4056 5198 4136 5199 4055 5199 4093 5199 3530 5200 3534 5200 3533 5200 4158 5201 4143 5201 4145 5201 3745 5202 3743 5202 3744 5202 3738 5203 3571 5203 3740 5203 3820 5204 3515 5204 4004 5204 3512 5205 3817 5205 3702 5205 4300 5206 4357 5206 4358 5206 4300 5207 3956 5207 4298 5207 3623 5208 3620 5208 3509 5208 3754 5209 3757 5209 3762 5209 3649 5210 4042 5210 3647 5210 3650 5211 3676 5211 3671 5211 4359 5212 3969 5212 4360 5212 4157 5213 3972 5213 4189 5213 3855 5214 3826 5214 3695 5214 4065 5215 3690 5215 4066 5215 4028 5216 4361 5216 4034 5216 4028 5217 4071 5217 4072 5217 4290 5218 3566 5218 4231 5218 4112 5219 4362 5219 4109 5219 4363 5220 4364 5220 3717 5220 3703 5221 3687 5221 3685 5221 3829 5222 3839 5222 3831 5222 4365 5223 3837 5223 3841 5223 3802 5224 4366 5224 4367 5224 3805 5225 4179 5225 4284 5225 3585 5226 4207 5226 4228 5226 3585 5227 3584 5227 3588 5227 3708 5228 3707 5228 3722 5228 4169 5229 4171 5229 3785 5229 4368 5230 4298 5230 4369 5230 3658 5231 3657 5231 3661 5231 4009 5232 3945 5232 3709 5232 3524 5233 3528 5233 3525 5233 3609 5234 3974 5234 3869 5234 4236 5235 4176 5235 3618 5235 4065 5236 3827 5236 3855 5236 3854 5237 4181 5237 3853 5237 3792 5238 3870 5238 3793 5238 3748 5239 4184 5239 4211 5239 4149 5240 4148 5240 4186 5240 4148 5241 3869 5241 4069 5241 4161 5242 4041 5242 4042 5242 3522 5243 4203 5243 3852 5243 3518 5244 3517 5244 4022 5244 3518 5245 3784 5245 3516 5245 3842 5246 3844 5246 3706 5246 3720 5247 3722 5247 4268 5247 4046 5248 3905 5248 3834 5248 3769 5249 4170 5249 3772 5249 4043 5250 3693 5250 3992 5250 3629 5251 3628 5251 3531 5251 4085 5252 3797 5252 3799 5252 4086 5253 3923 5253 3879 5253 3632 5254 4291 5254 4102 5254 4060 5255 4103 5255 3906 5255 3845 5256 3704 5256 3706 5256 4222 5257 3581 5257 3880 5257 4133 5258 3546 5258 3719 5258 4080 5259 4024 5259 3547 5259 3862 5260 3864 5260 4094 5260 3786 5261 4151 5261 4070 5261 3945 5262 3751 5262 3528 5262 4212 5263 4035 5263 4051 5263 3533 5264 3534 5264 3666 5264 4144 5265 3994 5265 4020 5265 4013 5266 4300 5266 4358 5266 4202 5267 4318 5267 3529 5267 4370 5268 4371 5268 4256 5268 4221 5269 4218 5269 4217 5269 3846 5270 3848 5270 3962 5270 3527 5271 3711 5271 3528 5271 3670 5272 4212 5272 3525 5272 3999 5273 3765 5273 4000 5273 4153 5274 3952 5274 3752 5274 3524 5275 3526 5275 4052 5275 3727 5276 3726 5276 3885 5276 4372 5277 3987 5277 3989 5277 4121 5278 4089 5278 4373 5278 4373 5279 4089 5279 4091 5279 3540 5280 3871 5280 3872 5280 3874 5281 3518 5281 4022 5281 3814 5282 3558 5282 3816 5282 3558 5283 4040 5283 3815 5283 3917 5284 3921 5284 3923 5284 3598 5285 3794 5285 3796 5285 3936 5286 3666 5286 3934 5286 4374 5287 4193 5287 4229 5287 3951 5288 4062 5288 3713 5288 3663 5289 3662 5289 3666 5289 3604 5290 4261 5290 4375 5290 4375 5291 4261 5291 4376 5291 3947 5292 3946 5292 3950 5292 3946 5293 3735 5293 3949 5293 4084 5294 4083 5294 4086 5294 4377 5295 3576 5295 3583 5295 4226 5296 4214 5296 4243 5296 3621 5297 4215 5297 3830 5297 3514 5298 4232 5298 4252 5298 4087 5299 3681 5299 4201 5299 3574 5300 3573 5300 3696 5300 4250 5301 4333 5301 4248 5301 4045 5302 3522 5302 3852 5302 3991 5303 3990 5303 4378 5303 3605 5304 4379 5304 4380 5304 3605 5305 4381 5305 4379 5305 3821 5306 4382 5306 3822 5306 3801 5307 3803 5307 3813 5307 4182 5308 3857 5308 3859 5308 3851 5309 3849 5309 3563 5309 3516 5310 3781 5310 3519 5310 4174 5311 4176 5311 4236 5311 3719 5312 3546 5312 3545 5312 3773 5313 3775 5313 4001 5313 4238 5314 3618 5314 3612 5314 4007 5315 3745 5315 4016 5315 4383 5316 3653 5316 4384 5316 3677 5317 3675 5317 3672 5317 3703 5318 4294 5318 4079 5318 4385 5319 3548 5319 4386 5319 4253 5320 4088 5320 4387 5320 3845 5321 4388 5321 3704 5321 3713 5322 4183 5322 3854 5322 4182 5323 3860 5323 3857 5323 3711 5324 3709 5324 3945 5324 3775 5325 3908 5325 4001 5325 3510 5326 4324 5326 4329 5326 3510 5327 4185 5327 4324 5327 3812 5328 4206 5328 4184 5328 3888 5329 3890 5329 4058 5329 3911 5330 4199 5330 4196 5330 3598 5331 3600 5331 3582 5331 4387 5332 4088 5332 4389 5332 4389 5333 3979 5333 4390 5333 3690 5334 3626 5334 4066 5334 4336 5335 3761 5335 4308 5335 3882 5336 3639 5336 3641 5336 3621 5337 3620 5337 3624 5337 3736 5338 4107 5338 4104 5338 4098 5339 4020 5339 4019 5339 3983 5340 3986 5340 4337 5340 3983 5341 3982 5341 3986 5341 4391 5342 3717 5342 4392 5342 3768 5343 3999 5343 4129 5343 3886 5344 3630 5344 3632 5344 4037 5345 4040 5345 4038 5345 3824 5346 4393 5346 4394 5346 3749 5347 3554 5347 3556 5347 4395 5348 4149 5348 4311 5348 4170 5349 4169 5349 3772 5349 4136 5350 4094 5350 4352 5350 4239 5351 4237 5351 4236 5351 4396 5352 3605 5352 4397 5352 4398 5353 4399 5353 4256 5353 3692 5354 3689 5354 3691 5354 3713 5355 4062 5355 3537 5355 4043 5356 3809 5356 3694 5356 3994 5357 4144 5357 4146 5357 3925 5358 4400 5358 4401 5358 4402 5359 3925 5359 4401 5359 3925 5360 4403 5360 4400 5360 4386 5361 3548 5361 4404 5361 4405 5362 4165 5362 4406 5362 4407 5363 4404 5363 3548 5363 4120 5364 3894 5364 3756 5364 4218 5365 4220 5365 4407 5365 4082 5366 3894 5366 3896 5366 4165 5367 4405 5367 4168 5367 4025 5368 3775 5368 4256 5368 4185 5369 4165 5369 4167 5369 4119 5370 4122 5370 4216 5370 4121 5371 4328 5371 4122 5371 4121 5372 4135 5372 4328 5372 4373 5373 4134 5373 4121 5373 3753 5374 4120 5374 3756 5374 4089 5375 4257 5375 3645 5375 3642 5376 4089 5376 3645 5376 3642 5377 4092 5377 4089 5377 4319 5378 3642 5378 3646 5378 4319 5379 3643 5379 3642 5379 4275 5380 4408 5380 4141 5380 3638 5381 4141 5381 3641 5381 4138 5382 4140 5382 3641 5382 4409 5383 4410 5383 4411 5383 4409 5384 4411 5384 4412 5384 4410 5385 4409 5385 4413 5385 4413 5386 4409 5386 4138 5386 4138 5387 3641 5387 4141 5387 4263 5388 3837 5388 3839 5388 4142 5389 4413 5389 4138 5389 3882 5390 4005 5390 3883 5390 4266 5391 4141 5391 4408 5391 4243 5392 4320 5392 4226 5392 4214 5393 3624 5393 4242 5393 4414 5394 4415 5394 4416 5394 4264 5395 4263 5395 4417 5395 4263 5396 4416 5396 4415 5396 4417 5397 4263 5397 4415 5397 4418 5398 4322 5398 4223 5398 4225 5399 4418 5399 4223 5399 4419 5400 4420 5400 4421 5400 4227 5401 4419 5401 4421 5401 4227 5402 4226 5402 4419 5402 4227 5403 4422 5403 4223 5403 4223 5404 4422 5404 4423 5404 4215 5405 4213 5405 4223 5405 4424 5406 4263 5406 4322 5406 4424 5407 4416 5407 4263 5407 4365 5408 4267 5408 3837 5408 4267 5409 3838 5409 3837 5409 3623 5410 4245 5410 3624 5410 3830 5411 3622 5411 3621 5411 4425 5412 4354 5412 3508 5412 3764 5413 3640 5413 3639 5413 4185 5414 3877 5414 4262 5414 4217 5415 4122 5415 4327 5415 4398 5416 4256 5416 4255 5416 4380 5417 4426 5417 3605 5417 4426 5418 4427 5418 3605 5418 3605 5419 4427 5419 4428 5419 4429 5420 3605 5420 4428 5420 4010 5421 3710 5421 4067 5421 3535 5422 3537 5422 4062 5422 3936 5423 4061 5423 4063 5423 3934 5424 3933 5424 3932 5424 4193 5425 3759 5425 3761 5425 4269 5426 3993 5426 4318 5426 3717 5427 4430 5427 4431 5427 3761 5428 4432 5428 4433 5428 3716 5429 3925 5429 3717 5429 4262 5430 4165 5430 4185 5430 3761 5431 3981 5431 3947 5431 4036 5432 3931 5432 3930 5432 4335 5433 4432 5433 3761 5433 3947 5434 4308 5434 3761 5434 4098 5435 4107 5435 4147 5435 4216 5436 3547 5436 4049 5436 3900 5437 4017 5437 3898 5437 4216 5438 4217 5438 4218 5438 4224 5439 4223 5439 4423 5439 4419 5440 4434 5440 4420 5440 4321 5441 4419 5441 4226 5441 4322 5442 4263 5442 4215 5442 4263 5443 4264 5443 3837 5443 4215 5444 3839 5444 3830 5444 3508 5445 4354 5445 3623 5445 3623 5446 3509 5446 3508 5446 3875 5447 4425 5447 3508 5447 4257 5448 4089 5448 4121 5448 3592 5449 4435 5449 4436 5449 4435 5450 3592 5450 4437 5450 4437 5451 3592 5451 3589 5451 3593 5452 3595 5452 3589 5452 3589 5453 4438 5453 4437 5453 3596 5454 3900 5454 4305 5454 3589 5455 3591 5455 3593 5455 3595 5456 4438 5456 3589 5456 4100 5457 4097 5457 4096 5457 4341 5458 3593 5458 4304 5458 4098 5459 3591 5459 4096 5459 4098 5460 4019 5460 3591 5460 4020 5461 3994 5461 4018 5461 3897 5462 3903 5462 4439 5462 3659 5463 4310 5463 4440 5463 3901 5464 3900 5464 3897 5464 4441 5465 4014 5465 4013 5465 4299 5466 4369 5466 4298 5466 4260 5467 4318 5467 4202 5467 3597 5468 3596 5468 4305 5468 4165 5469 4256 5469 4406 5469 3960 5470 4442 5470 3958 5470 3652 5471 3958 5471 4283 5471 4283 5472 3958 5472 4443 5472 4443 5473 3958 5473 4442 5473 4444 5474 3959 5474 3958 5474 4445 5475 4444 5475 3958 5475 4446 5476 4445 5476 3958 5476 4356 5477 4446 5477 3958 5477 4042 5478 4283 5478 4282 5478 3961 5479 4355 5479 3958 5479 3653 5480 3961 5480 3652 5480 3653 5481 4447 5481 3961 5481 3653 5482 4448 5482 4447 5482 4449 5483 4028 5483 4450 5483 4448 5484 3653 5484 4030 5484 3652 5485 3648 5485 3653 5485 4029 5486 3653 5486 4383 5486 4282 5487 4301 5487 4161 5487 3651 5488 3671 5488 3674 5488 4032 5489 4384 5489 3653 5489 3848 5490 3964 5490 3560 5490 4451 5491 4033 5491 4031 5491 4452 5492 4451 5492 4031 5492 4453 5493 4452 5493 4031 5493 4454 5494 4453 5494 4031 5494 4034 5495 4454 5495 4031 5495 3846 5496 3563 5496 3849 5496 4455 5497 4361 5497 4028 5497 4456 5498 4455 5498 4028 5498 4449 5499 4456 5499 4028 5499 4457 5500 3761 5500 4433 5500 4072 5501 4450 5501 4028 5501 4396 5502 4072 5502 3605 5502 4457 5503 4458 5503 3761 5503 3929 5504 4160 5504 3927 5504 4255 5505 4050 5505 4195 5505 3761 5506 4458 5506 4229 5506 4374 5507 4194 5507 4193 5507 4180 5508 3760 5508 3759 5508 4397 5509 3605 5509 4429 5509 4363 5510 3717 5510 4431 5510 3602 5511 4381 5511 3605 5511 4364 5512 4279 5512 3717 5512 4381 5513 3602 5513 4459 5513 4459 5514 3602 5514 4460 5514 4461 5515 4462 5515 3604 5515 4463 5516 4460 5516 3602 5516 3523 5517 3686 5517 3521 5517 3602 5518 4306 5518 4463 5518 4464 5519 4465 5519 3604 5519 4279 5520 4364 5520 3990 5520 3604 5521 4466 5521 4461 5521 4378 5522 3990 5522 4364 5522 4277 5523 4376 5523 4261 5523 3943 5524 3604 5524 3941 5524 3990 5525 4130 5525 3942 5525 4261 5526 3943 5526 3551 5526 4131 5527 3552 5527 4130 5527 4278 5528 4261 5528 3551 5528 4345 5529 4278 5529 3551 5529 3551 5530 3550 5530 4467 5530 4246 5531 3551 5531 4467 5531 3987 5532 3729 5532 4131 5532 3549 5533 4132 5533 3552 5533 4468 5534 4286 5534 3550 5534 3987 5535 4372 5535 3979 5535 4469 5536 4468 5536 3550 5536 4346 5537 4469 5537 3550 5537 3726 5538 3725 5538 3729 5538 3553 5539 4288 5539 4346 5539 4470 5540 4347 5540 3791 5540 3979 5541 4372 5541 4471 5541 3791 5542 3821 5542 4470 5542 4470 5543 3821 5543 4472 5543 4472 5544 3821 5544 4473 5544 4473 5545 3821 5545 4474 5545 3979 5546 4471 5546 4475 5546 3791 5547 3793 5547 3821 5547 4476 5548 4382 5548 3821 5548 4477 5549 4476 5549 3821 5549 4478 5550 3979 5550 4475 5550 3821 5551 4340 5551 4477 5551 4478 5552 4479 5552 3979 5552 4340 5553 3824 5553 4480 5553 4480 5554 3824 5554 4394 5554 4481 5555 3704 5555 4482 5555 4393 5556 3824 5556 4483 5556 3814 5557 4285 5557 4179 5557 4484 5558 4483 5558 3824 5558 4485 5559 4484 5559 3824 5559 3803 5560 4485 5560 3824 5560 3803 5561 4486 5561 4485 5561 3803 5562 4487 5562 4486 5562 3803 5563 4488 5563 4487 5563 4489 5564 4490 5564 3802 5564 4235 5565 4489 5565 3802 5565 3802 5566 4367 5566 4491 5566 3890 5567 4060 5567 4058 5567 3802 5568 4492 5568 4366 5568 4493 5569 4494 5569 3802 5569 4495 5570 4493 5570 3802 5570 4496 5571 4495 5571 3805 5571 3805 5572 3804 5572 4179 5572 3805 5573 4074 5573 4496 5573 3805 5574 4497 5574 4498 5574 4075 5575 4499 5575 4500 5575 4501 5576 4075 5576 4500 5576 4498 5577 4502 5577 3805 5577 3805 5578 4502 5578 4073 5578 3802 5579 4494 5579 4492 5579 4490 5580 4488 5580 3803 5580 3832 5581 3834 5581 3771 5581 4037 5582 4039 5582 3836 5582 4503 5583 3704 5583 4504 5583 4505 5584 3704 5584 4503 5584 4505 5585 4506 5585 3704 5585 3704 5586 4506 5586 4274 5586 4173 5587 4241 5587 3787 5587 4268 5588 4187 5588 3788 5588 4188 5589 4125 5589 4127 5589 3772 5590 3874 5590 3770 5590 3707 5591 4125 5591 4187 5591 4188 5592 4342 5592 4311 5592 4395 5593 3866 5593 4149 5593 4507 5594 3866 5594 4395 5594 4507 5595 4150 5595 3866 5595 3609 5596 3869 5596 3868 5596 3571 5597 4508 5597 4307 5597 4094 5598 3868 5598 3865 5598 3571 5599 4509 5599 4510 5599 4289 5600 4511 5600 3571 5600 3571 5601 4307 5601 3740 5601 3567 5602 4512 5602 4289 5602 4513 5603 4514 5603 3567 5603 3613 5604 3739 5604 3741 5604 4515 5605 3567 5605 4516 5605 4516 5606 3567 5606 4514 5606 4230 5607 3566 5607 3569 5607 4513 5608 3564 5608 3570 5608 4230 5609 3569 5609 4517 5609 4517 5610 3569 5610 4109 5610 4111 5611 4517 5611 4109 5611 4109 5612 3569 5612 3732 5612 4054 5613 4053 5613 4057 5613 4362 5614 4518 5614 4109 5614 4519 5615 4520 5615 3731 5615 3730 5616 3732 5616 4095 5616 4521 5617 4113 5617 3731 5617 3733 5618 4055 5618 4114 5618 4292 5619 4114 5619 4522 5619 4522 5620 4114 5620 4523 5620 4054 5621 4524 5621 4117 5621 4525 5622 4526 5622 4524 5622 4527 5623 4525 5623 4528 5623 4525 5624 4527 5624 4529 5624 4526 5625 4525 5625 4529 5625 4524 5626 4054 5626 4525 5626 4117 5627 4523 5627 4114 5627 4530 5628 4525 5628 4054 5628 4115 5629 4519 5629 3731 5629 4054 5630 4057 5630 4530 5630 3731 5631 4520 5631 4521 5631 4114 5632 3731 5632 3733 5632 4109 5633 4518 5633 4110 5633 4137 5634 4136 5634 4531 5634 3732 5635 3731 5635 4109 5635 3564 5636 4513 5636 3567 5636 4136 5637 4352 5637 4531 5637 4175 5638 3619 5638 4176 5638 4512 5639 3567 5639 4515 5639 4094 5640 4136 5640 4093 5640 3862 5641 4094 5641 3865 5641 4509 5642 3571 5642 4511 5642 4510 5643 4508 5643 3571 5643 4508 5644 4532 5644 4307 5644 3789 5645 4175 5645 4172 5645 4188 5646 4187 5646 4125 5646 3785 5647 4174 5647 3782 5647 4268 5648 3788 5648 4241 5648 3724 5649 4205 5649 3771 5649 4533 5650 3979 5650 4479 5650 4179 5651 3804 5651 4177 5651 3705 5652 4124 5652 3706 5652 4533 5653 4390 5653 3979 5653 3633 5654 3887 5654 3980 5654 4088 5655 3979 5655 4389 5655 4088 5656 4254 5656 4534 5656 4026 5657 4088 5657 4163 5657 4163 5658 4088 5658 4534 5658 4163 5659 4534 5659 4535 5659 4164 5660 4536 5660 4162 5660 3578 5661 3795 5661 3582 5661 3707 5662 4187 5662 4268 5662 4086 5663 4162 5663 4084 5663 4349 5664 4128 5664 4125 5664 3580 5665 3844 5665 3576 5665 3976 5666 4095 5666 3732 5666 3582 5667 3576 5667 3578 5667 3919 5668 3921 5668 3917 5668 4537 5669 4085 5669 3799 5669 3579 5670 3576 5670 4538 5670 4538 5671 3576 5671 4377 5671 3582 5672 4539 5672 3583 5672 3582 5673 4338 5673 4539 5673 3794 5674 4258 5674 3796 5674 3582 5675 3794 5675 3598 5675 3912 5676 4192 5676 3910 5676 4258 5677 3919 5677 3818 5677 4504 5678 3704 5678 4481 5678 3699 5679 3573 5679 3684 5679 3920 5680 3701 5680 3916 5680 3953 5681 3955 5681 4344 5681 3913 5682 3914 5682 3918 5682 3796 5683 4248 5683 4333 5683 3982 5684 4343 5684 3985 5684 3915 5685 3953 5685 3982 5685 4540 5686 4541 5686 4542 5686 3512 5687 3511 5687 3515 5687 4540 5688 4543 5688 4544 5688 4540 5689 4200 5689 4543 5689 4540 5690 4312 5690 4200 5690 4545 5691 4543 5691 4200 5691 3969 5692 3682 5692 3575 5692 4233 5693 4200 5693 4313 5693 3837 5694 4265 5694 3840 5694 4208 5695 4210 5695 4546 5695 4545 5696 4208 5696 4546 5696 4208 5697 3680 5697 3965 5697 4208 5698 4314 5698 4209 5698 4547 5699 4359 5699 4360 5699 3965 5700 3967 5700 4314 5700 3965 5701 4548 5701 4549 5701 3683 5702 3684 5702 3679 5702 3965 5703 3968 5703 4548 5703 3515 5704 4251 5704 4003 5704 4139 5705 4138 5705 4409 5705 3973 5706 4550 5706 3969 5706 4551 5707 3973 5707 3972 5707 3640 5708 3838 5708 4141 5708 4157 5709 4154 5709 4552 5709 4154 5710 4156 5710 4553 5710 4554 5711 4156 5711 4555 5711 3884 5712 4319 5712 3882 5712 4157 5713 4551 5713 3972 5713 4273 5714 3659 5714 4440 5714 4309 5715 4556 5715 3660 5715 4553 5716 4156 5716 4554 5716 4300 5717 4557 5717 4357 5717 4553 5718 4558 5718 4154 5718 4556 5719 4271 5719 3660 5719 4154 5720 4558 5720 4552 5720 3660 5721 4272 5721 4559 5721 4157 5722 4552 5722 4295 5722 4299 5723 3660 5723 4559 5723 4296 5724 4560 5724 4157 5724 3655 5725 3660 5725 4298 5725 4157 5726 4561 5726 4551 5726 4557 5727 4298 5727 4368 5727 4157 5728 4560 5728 4561 5728 4300 5729 4298 5729 4557 5729 4297 5730 4155 5730 4154 5730 4441 5731 4013 5731 4358 5731 3969 5732 4550 5732 4562 5732 4563 5733 3904 5733 4014 5733 3966 5734 3965 5734 4549 5734 3901 5735 3897 5735 4439 5735 4359 5736 4315 5736 3969 5736 4269 5737 4018 5737 3994 5737 4315 5738 3682 5738 3969 5738 4019 5739 3593 5739 3591 5739 3513 5740 3683 5740 4087 5740 4200 5741 4233 5741 4201 5741 3735 5742 4145 5742 3736 5742 3680 5743 4208 5743 3681 5743 4545 5744 4200 5744 4208 5744 3904 5745 4563 5745 4011 5745 4360 5746 3969 5746 3971 5746 3807 5747 4259 5747 3808 5747 3969 5748 4562 5748 3970 5748 4540 5749 4544 5749 4541 5749 4407 5750 3548 5750 4218 5750 3684 5751 3513 5751 3702 5751 4004 5752 4249 5752 4248 5752 4281 5753 4430 5753 3717 5753 3953 5754 4343 5754 3982 5754 4248 5755 3796 5755 3818 5755 3926 5756 3548 5756 4385 5756 3910 5757 3914 5757 3913 5757 3717 5758 4391 5758 4280 5758 4192 5759 3954 5759 3910 5759 4371 5760 4406 5760 4256 5760 3925 5761 3926 5761 4403 5761 4325 5762 3911 5762 4330 5762 4370 5763 4256 5763 4399 5763 4330 5764 3911 5764 4196 5764 4402 5765 3717 5765 3925 5765 4085 5766 4199 5766 4083 5766 4392 5767 3717 5767 4402 5767 4085 5768 4537 5768 4339 5768 3666 5769 3933 5769 3934 5769 3923 5770 3922 5770 3879 5770 4084 5771 4162 5771 3797 5771 3797 5772 4162 5772 4302 5772 4162 5773 4536 5773 4302 5773 4350 5774 4163 5774 4535 5774 3586 5775 4102 5775 3584 5775 4495 5776 3802 5776 3805 5776 4490 5777 3803 5777 3802 5777 4075 5778 4501 5778 4076 5778 4076 5779 4564 5779 3805 5779 3805 5780 4564 5780 4497 5780 4287 5781 4467 5781 3550 5781 3821 5782 4348 5782 4474 5782 3987 5783 4317 5783 3988 5783 3940 5784 3943 5784 3941 5784 3987 5785 3991 5785 4316 5785 3940 5786 3688 5786 4078 5786 4466 5787 3604 5787 4375 5787 3604 5788 4462 5788 4565 5788 3604 5789 4565 5789 4464 5789 4306 5790 3604 5790 4465 5790 4129 5791 3996 5791 4303 5791 4388 5792 4482 5792 3704 5792 4339 5793 4196 5793 4085 5793 3802 5794 4491 5794 4234 5794 4566 5795 4567 5795 4568 5795 4569 5796 4570 5796 4566 5796 4569 5797 4566 5797 4568 5797 4571 5798 4569 5798 4568 5798 4572 5799 4573 5799 4569 5799 4569 5800 4573 5800 4574 5800 4575 5801 4569 5801 4574 5801 4576 5802 4577 5802 4574 5802 4576 5803 4578 5803 4577 5803 4577 5804 4578 5804 4579 5804 4569 5805 4575 5805 4580 5805 4581 5806 4576 5806 4573 5806 4572 5807 4582 5807 4573 5807 4572 5808 4583 5808 4582 5808 4582 5809 4583 5809 4584 5809 4576 5810 4574 5810 4573 5810 4585 5811 4576 5811 4581 5811 4569 5812 4571 5812 4572 5812 1886 5813 4586 5813 1914 5813 4586 5814 4587 5814 1914 5814 4588 5815 4589 5815 4590 5815 4590 5816 4589 5816 4591 5816 4592 5817 4591 5817 4593 5817 4594 5818 4592 5818 4593 5818 4595 5819 4594 5819 4593 5819 4596 5820 4597 5820 4595 5820 4596 5821 4598 5821 4597 5821 4599 5822 4600 5822 4598 5822 4601 5823 4602 5823 4600 5823 4603 5824 4604 5824 4602 5824 4602 5825 4604 5825 4605 5825 4605 5826 4606 5826 4607 5826 4607 5827 4606 5827 4608 5827 4609 5828 4608 5828 4610 5828 4611 5829 4609 5829 4610 5829 4612 5830 4611 5830 4610 5830 4612 5831 4613 5831 4611 5831 4614 5832 4615 5832 4613 5832 4614 5833 4616 5833 4615 5833 4617 5834 4618 5834 4619 5834 4617 5835 4620 5835 4618 5835 4617 5836 4621 5836 4620 5836 4620 5837 4621 5837 4622 5837 4622 5838 4621 5838 4623 5838 4624 5839 4622 5839 4623 5839 4625 5840 4624 5840 4623 5840 4625 5841 4626 5841 4624 5841 4625 5842 4627 5842 4626 5842 4626 5843 4627 5843 4616 5843 4616 5844 4627 5844 4615 5844 4614 5845 4613 5845 4612 5845 4607 5846 4608 5846 4609 5846 4604 5847 4606 5847 4605 5847 4603 5848 4602 5848 4601 5848 4601 5849 4600 5849 4599 5849 4599 5850 4598 5850 4596 5850 4597 5851 4594 5851 4595 5851 4590 5852 4591 5852 4592 5852 4628 5853 4629 5853 4630 5853 4630 5854 4631 5854 4632 5854 4632 5855 4631 5855 4633 5855 4634 5856 4633 5856 4635 5856 4636 5857 4634 5857 4635 5857 4637 5858 4636 5858 4638 5858 4639 5859 4637 5859 4638 5859 2040 5860 4640 5860 2038 5860 2040 5861 4641 5861 4640 5861 4640 5862 4641 5862 4639 5862 4639 5863 4641 5863 4637 5863 4638 5864 4636 5864 4635 5864 4629 5865 47 5865 46 5865 4629 5866 4631 5866 4630 5866 4629 5867 4628 5867 47 5867 4633 5868 4634 5868 4632 5868 4642 5869 4643 5869 4644 5869 4645 5870 4646 5870 4647 5870 4645 5871 4648 5871 4646 5871 4649 5872 4647 5872 4650 5872 4651 5873 4649 5873 4650 5873 4652 5874 4650 5874 4653 5874 4653 5875 4654 5875 4652 5875 4655 5876 4656 5876 4657 5876 4655 5877 4658 5877 4656 5877 4657 5878 4656 5878 4659 5878 4660 5879 4659 5879 4642 5879 4660 5880 4661 5880 4659 5880 4662 5881 4660 5881 4642 5881 4642 5882 4663 5882 4662 5882 4644 5883 4643 5883 4664 5883 4644 5884 4665 5884 4642 5884 4664 5885 4643 5885 4648 5885 4642 5886 4665 5886 4663 5886 4658 5887 4653 5887 4656 5887 4659 5888 4661 5888 4657 5888 4666 5889 4667 5889 4668 5889 4666 5890 4669 5890 4667 5890 4668 5891 4667 5891 4670 5891 4670 5892 4667 5892 4671 5892 4671 5893 4672 5893 4670 5893 4673 5894 4674 5894 4675 5894 4676 5895 4677 5895 4678 5895 4676 5896 4679 5896 4677 5896 4678 5897 4677 5897 4680 5897 4677 5898 4679 5898 4681 5898 4682 5899 4683 5899 4684 5899 4682 5900 4685 5900 4683 5900 4684 5901 4683 5901 4686 5901 4686 5902 4683 5902 4687 5902 4688 5903 4687 5903 4683 5903 4675 5904 4674 5904 4672 5904 4688 5905 4689 5905 4687 5905 4673 5906 4679 5906 4674 5906 4690 5907 4691 5907 4692 5907 4690 5908 4693 5908 4691 5908 4694 5909 4692 5909 4648 5909 4695 5910 4694 5910 4643 5910 4696 5911 4643 5911 4697 5911 4698 5912 4696 5912 4697 5912 4699 5913 4698 5913 4697 5913 4700 5914 4699 5914 4701 5914 4701 5915 4702 5915 4700 5915 4700 5916 4702 5916 4703 5916 4703 5917 4677 5917 4704 5917 4677 5918 4681 5918 4705 5918 4706 5919 4707 5919 4708 5919 4708 5920 4707 5920 4709 5920 4710 5921 4711 5921 4706 5921 4710 5922 4712 5922 4711 5922 4713 5923 4714 5923 4710 5923 4714 5924 4713 5924 4715 5924 4716 5925 4708 5925 4709 5925 4717 5926 4718 5926 4719 5926 4717 5927 4720 5927 4718 5927 4719 5928 4718 5928 4721 5928 4722 5929 4721 5929 4723 5929 4724 5930 4725 5930 4726 5930 4727 5931 4724 5931 4726 5931 4725 5932 4728 5932 4729 5932 4726 5933 4725 5933 4729 5933 4728 5934 4730 5934 4731 5934 4729 5935 4728 5935 4731 5935 4731 5936 4730 5936 4732 5936 4733 5937 4732 5937 4734 5937 4735 5938 4734 5938 4736 5938 4737 5939 4738 5939 4739 5939 4740 5940 4737 5940 4739 5940 4738 5941 4741 5941 4742 5941 4739 5942 4738 5942 4742 5942 4741 5943 4743 5943 4744 5943 4742 5944 4741 5944 4744 5944 4722 5945 4719 5945 4721 5945 4705 5946 4681 5946 4716 5946 4673 5947 4681 5947 4679 5947 4669 5948 4689 5948 4688 5948 4685 5949 4677 5949 4683 5949 4677 5950 4685 5950 4680 5950 4652 5951 4651 5951 4650 5951 4694 5952 4648 5952 4643 5952 4654 5953 4653 5953 4658 5953 4709 5954 4705 5954 4716 5954 4649 5955 4645 5955 4647 5955 4715 5956 4713 5956 4745 5956 4720 5957 4717 5957 4745 5957 4692 5958 4694 5958 4690 5958 4695 5959 4643 5959 4696 5959 4746 5960 4747 5960 4748 5960 4692 5961 4646 5961 4648 5961 4699 5962 4697 5962 4701 5962 4746 5963 4691 5963 4693 5963 4702 5964 4677 5964 4703 5964 4748 5965 4749 5965 4743 5965 4749 5966 4744 5966 4743 5966 4704 5967 4677 5967 4705 5967 4736 5968 4737 5968 4740 5968 4735 5969 4736 5969 4740 5969 4732 5970 4733 5970 4731 5970 4723 5971 4724 5971 4727 5971 4722 5972 4723 5972 4727 5972 4734 5973 4735 5973 4733 5973 4747 5974 4749 5974 4748 5974 4746 5975 4693 5975 4747 5975 4715 5976 4745 5976 4717 5976 4714 5977 4712 5977 4710 5977 4675 5978 4672 5978 4671 5978 4706 5979 4711 5979 4707 5979 4688 5980 4667 5980 4669 5980 49 5981 4750 5981 48 5981 4750 5982 4751 5982 48 5982 4752 5983 4751 5983 4750 5983 4753 5984 4751 5984 4752 5984 4753 5985 4752 5985 4754 5985 4753 5986 4754 5986 4755 5986 4754 5987 4756 5987 4755 5987 4756 5988 4757 5988 4755 5988 4758 5989 4757 5989 4756 5989 4759 5990 4757 5990 4758 5990 4759 5991 4758 5991 4760 5991 4759 5992 4760 5992 4761 5992 4760 5993 4762 5993 4761 5993 4762 5994 4763 5994 4761 5994 4764 5995 4763 5995 4762 5995 4765 5996 4763 5996 4764 5996 4766 5997 4767 5997 4768 5997 4769 5998 4767 5998 4766 5998 4769 5999 4766 5999 4770 5999 4769 6000 4770 6000 4771 6000 4770 6001 4772 6001 4771 6001 4772 6002 4773 6002 4771 6002 4774 6003 4773 6003 4772 6003 4775 6004 4773 6004 4774 6004 4775 6005 4774 6005 4776 6005 4775 6006 4776 6006 4777 6006 4776 6007 4778 6007 4777 6007 4778 6008 4779 6008 4777 6008 4780 6009 4779 6009 4778 6009 4781 6010 4779 6010 4780 6010 4781 6011 4780 6011 4765 6011 4764 6012 4781 6012 4765 6012 4768 6013 4767 6013 4782 6013 4782 6014 4767 6014 4783 6014 4784 6015 4782 6015 4783 6015 4785 6016 4784 6016 4783 6016 4785 6017 4786 6017 4784 6017 4785 6018 4787 6018 4786 6018 4786 6019 4787 6019 4788 6019 4788 6020 4787 6020 4789 6020 4790 6021 4788 6021 4789 6021 4791 6022 4792 6022 4793 6022 4794 6023 4791 6023 4793 6023 4794 6024 4795 6024 4791 6024 4794 6025 4796 6025 4795 6025 4795 6026 4796 6026 4797 6026 4797 6027 4796 6027 4790 6027 4789 6028 4797 6028 4790 6028 4792 6029 4798 6029 4793 6029 4793 6030 4798 6030 4799 6030 4799 6031 4800 6031 4793 6031 4801 6032 4799 6032 4798 6032 4802 6033 4799 6033 4801 6033 4802 6034 4803 6034 4799 6034 4799 6035 4803 6035 4804 6035 4805 6036 4799 6036 4804 6036 4805 6037 4806 6037 4799 6037 4799 6038 4806 6038 4807 6038 4808 6039 4799 6039 4807 6039 4808 6040 4809 6040 4799 6040 4799 6041 4809 6041 4810 6041 4811 6042 4799 6042 4810 6042 4811 6043 4812 6043 4799 6043 4799 6044 4813 6044 4814 6044 4815 6045 4799 6045 4814 6045 4816 6046 4817 6046 4799 6046 4815 6047 4816 6047 4799 6047 4799 6048 4817 6048 4818 6048 4819 6049 4799 6049 4818 6049 4819 6050 4820 6050 4799 6050 4799 6051 4820 6051 4821 6051 4822 6052 4799 6052 4821 6052 4822 6053 4823 6053 4799 6053 4813 6054 4799 6054 4812 6054 4824 6055 4825 6055 4826 6055 4826 6056 4825 6056 4827 6056 4828 6057 4826 6057 4827 6057 4829 6058 4828 6058 4830 6058 4831 6059 4829 6059 4830 6059 4831 6060 4832 6060 4829 6060 4833 6061 4834 6061 4832 6061 4833 6062 4835 6062 4834 6062 4835 6063 4836 6063 4837 6063 4836 6064 4838 6064 4839 6064 4838 6065 4840 6065 4841 6065 4840 6066 4842 6066 4843 6066 4842 6067 4844 6067 4845 6067 4844 6068 4846 6068 4847 6068 4847 6069 4846 6069 4848 6069 4848 6070 4849 6070 4850 6070 4851 6071 4848 6071 4850 6071 4852 6072 4851 6072 4850 6072 4853 6073 4854 6073 4852 6073 4853 6074 4855 6074 4854 6074 4856 6075 4857 6075 4858 6075 4856 6076 4859 6076 4857 6076 4856 6077 4860 6077 4859 6077 4859 6078 4860 6078 4861 6078 4861 6079 4860 6079 4862 6079 4863 6080 4861 6080 4862 6080 4864 6081 4863 6081 4862 6081 4864 6082 4865 6082 4863 6082 4864 6083 4855 6083 4865 6083 4865 6084 4855 6084 4853 6084 4854 6085 4851 6085 4852 6085 4846 6086 4849 6086 4848 6086 4844 6087 4847 6087 4845 6087 4842 6088 4845 6088 4843 6088 4840 6089 4843 6089 4841 6089 4838 6090 4841 6090 4839 6090 4836 6091 4839 6091 4837 6091 4835 6092 4837 6092 4834 6092 4833 6093 4832 6093 4831 6093 4828 6094 4827 6094 4830 6094 4866 6095 4867 6095 4868 6095 4866 6096 4869 6096 4867 6096 4870 6097 4866 6097 4868 6097 4868 6098 4867 6098 4871 6098 4872 6099 4868 6099 4871 6099 4873 6100 4872 6100 4874 6100 4875 6101 4873 6101 4874 6101 4876 6102 4877 6102 4875 6102 4876 6103 4878 6103 4877 6103 4879 6104 4878 6104 4880 6104 4881 6105 4879 6105 4880 6105 4882 6106 4883 6106 4881 6106 4884 6107 4885 6107 4886 6107 4887 6108 4885 6108 4888 6108 4889 6109 4884 6109 4886 6109 4890 6110 4891 6110 4884 6110 4892 6111 4893 6111 4891 6111 4893 6112 4894 6112 4895 6112 4896 6113 4897 6113 4898 6113 4899 6114 4900 6114 4901 6114 4902 6115 4899 6115 4901 6115 4896 6116 4898 6116 4900 6116 4899 6117 4896 6117 4900 6117 4897 6118 4894 6118 4898 6118 4897 6119 4895 6119 4894 6119 4895 6120 4891 6120 4893 6120 4891 6121 4890 6121 4892 6121 4887 6122 4886 6122 4885 6122 4890 6123 4884 6123 4889 6123 4888 6124 4885 6124 4883 6124 4882 6125 4888 6125 4883 6125 4881 6126 4883 6126 4879 6126 4880 6127 4878 6127 4876 6127 4877 6128 4873 6128 4875 6128 4872 6129 4871 6129 4874 6129 4870 6130 4868 6130 4903 6130 4904 6131 4905 6131 4906 6131 4907 6132 4908 6132 4904 6132 4907 6133 4904 6133 4909 6133 4904 6134 4908 6134 4910 6134 4911 6135 4907 6135 4909 6135 4912 6136 4911 6136 4913 6136 4912 6137 2663 6137 2580 6137 4912 6138 4913 6138 2663 6138 4911 6139 4909 6139 4913 6139 4910 6140 4905 6140 4904 6140 4908 6141 4907 6141 4914 6141 4915 6142 4916 6142 4917 6142 4916 6143 4918 6143 4917 6143 4916 6144 4919 6144 4920 6144 4919 6145 4916 6145 4915 6145 4921 6146 4922 6146 4923 6146 4924 6147 4925 6147 4926 6147 4924 6148 4926 6148 4927 6148 4925 6149 4921 6149 4926 6149 4921 6150 4925 6150 4928 6150 4921 6151 4928 6151 4929 6151 4922 6152 4930 6152 4923 6152 4922 6153 4921 6153 4931 6153 4930 6154 4932 6154 4923 6154 4921 6155 4929 6155 4931 6155 4933 6156 4923 6156 4932 6156 4934 6157 4932 6157 4935 6157 4936 6158 4937 6158 4938 6158 4937 6159 4939 6159 4938 6159 4938 6160 4940 6160 4936 6160 4941 6161 4942 6161 4943 6161 4944 6162 4927 6162 4945 6162 4944 6163 4945 6163 4946 6163 4940 6164 4942 6164 4936 6164 4947 6165 4948 6165 4949 6165 4947 6166 4949 6166 4950 6166 4951 6167 4952 6167 4953 6167 4951 6168 4953 6168 4948 6168 4952 6169 4954 6169 4953 6169 4953 6170 4949 6170 4948 6170 4954 6171 4955 6171 4953 6171 4956 6172 4953 6172 4955 6172 4956 6173 4955 6173 4957 6173 4958 6174 4959 6174 4960 6174 4959 6175 4956 6175 4960 6175 4961 6176 4962 6176 4959 6176 4961 6177 4959 6177 4963 6177 4956 6178 4957 6178 4960 6178 4964 6179 4965 6179 4966 6179 4965 6180 4962 6180 4966 6180 4967 6181 4965 6181 4964 6181 4968 6182 4950 6182 4949 6182 4968 6183 4949 6183 4969 6183 4967 6184 4964 6184 4969 6184 4959 6185 4958 6185 4963 6185 4970 6186 4971 6186 4972 6186 4970 6187 4973 6187 4974 6187 4975 6188 4976 6188 4971 6188 4977 6189 4976 6189 4975 6189 4978 6190 4979 6190 4977 6190 4980 6191 4979 6191 4978 6191 4980 6192 4981 6192 4982 6192 4981 6193 4983 6193 4982 6193 4983 6194 4984 6194 4985 6194 4984 6195 4986 6195 4987 6195 4988 6196 4986 6196 4984 6196 4989 6197 4990 6197 4991 6197 4992 6198 4993 6198 4994 6198 4995 6199 4993 6199 4992 6199 4994 6200 4996 6200 4997 6200 4993 6201 4996 6201 4994 6201 4997 6202 4998 6202 4999 6202 4996 6203 4998 6203 4997 6203 4999 6204 5000 6204 5001 6204 4998 6205 5000 6205 4999 6205 5000 6206 5002 6206 5001 6206 5002 6207 5003 6207 5004 6207 4934 6208 5005 6208 4933 6208 5006 6209 5005 6209 4934 6209 4923 6210 4933 6210 5007 6210 4934 6211 4933 6211 4932 6211 5008 6212 5009 6212 5010 6212 4923 6213 5007 6213 5010 6213 5011 6214 5009 6214 5008 6214 5012 6215 5009 6215 5011 6215 5011 6216 5013 6216 5012 6216 5013 6217 5014 6217 5012 6217 4949 6218 5015 6218 5016 6218 5017 6219 5015 6219 4949 6219 4949 6220 5016 6220 5018 6220 5019 6221 5020 6221 5021 6221 5020 6222 5022 6222 5021 6222 5023 6223 5019 6223 5024 6223 5023 6224 5024 6224 5025 6224 5016 6225 5026 6225 5018 6225 5003 6226 5005 6226 5006 6226 4969 6227 5018 6227 4967 6227 4962 6228 4961 6228 4966 6228 4941 6229 4943 6229 4946 6229 5025 6230 5027 6230 5023 6230 4926 6231 4945 6231 4927 6231 4939 6232 4935 6232 4932 6232 4946 6233 4945 6233 4941 6233 4988 6234 4989 6234 4991 6234 5028 6235 5023 6235 5027 6235 4935 6236 4939 6236 4937 6236 5010 6237 5009 6237 4923 6237 5028 6238 4974 6238 4973 6238 5026 6239 5022 6239 5020 6239 5014 6240 5013 6240 5017 6240 5014 6241 5017 6241 4949 6241 5001 6242 5002 6242 5004 6242 4990 6243 4995 6243 4992 6243 4989 6244 4995 6244 4990 6244 4984 6245 4987 6245 4985 6245 4983 6246 4985 6246 4982 6246 4970 6247 4975 6247 4971 6247 4978 6248 4981 6248 4980 6248 4973 6249 4970 6249 4972 6249 4979 6250 4976 6250 4977 6250 4991 6251 4986 6251 4988 6251 5004 6252 5003 6252 5006 6252 5027 6253 4974 6253 5028 6253 4941 6254 4936 6254 4942 6254 5021 6255 5024 6255 5019 6255 5018 6256 4969 6256 4949 6256 5022 6257 5026 6257 5016 6257 5029 6258 5030 6258 5031 6258 5031 6259 5030 6259 5032 6259 5032 6260 5033 6260 5031 6260 5034 6261 5032 6261 5030 6261 5035 6262 5034 6262 5030 6262 5035 6263 5030 6263 5036 6263 5036 6264 5030 6264 5037 6264 5037 6265 5030 6265 5038 6265 5030 6266 5039 6266 5040 6266 5030 6267 5041 6267 5039 6267 5030 6268 5042 6268 5041 6268 5030 6269 5043 6269 5042 6269 5030 6270 5044 6270 5043 6270 5030 6271 5045 6271 5044 6271 5030 6272 5046 6272 5045 6272 5030 6273 5047 6273 5046 6273 5030 6274 5048 6274 5047 6274 5049 6275 5050 6275 5030 6275 5030 6276 5050 6276 5048 6276 5051 6277 5049 6277 5030 6277 5052 6278 5051 6278 5030 6278 5053 6279 5052 6279 5030 6279 5054 6280 5053 6280 5030 6280 5055 6281 5054 6281 5030 6281 5056 6282 5055 6282 5030 6282 5030 6283 5040 6283 5038 6283 5057 6284 5058 6284 5059 6284 4283 6285 5057 6285 5059 6285 5060 6286 4283 6286 5059 6286 5060 6287 5061 6287 4283 6287 4283 6288 5061 6288 5062 6288 5063 6289 4283 6289 5062 6289 5063 6290 4282 6290 4283 6290 2624 6291 2623 6291 5064 6291 5064 6292 2623 6292 5065 6292 5065 6293 2623 6293 3992 6293 5066 6294 5065 6294 3992 6294 5067 6295 5066 6295 3992 6295 5068 6296 5067 6296 3992 6296 3695 6297 5068 6297 3992 6297 3695 6298 5069 6298 5068 6298 3695 6299 5070 6299 5069 6299 3695 6300 5071 6300 5070 6300 3695 6301 3826 6301 5071 6301 5071 6302 3826 6302 5072 6302 5072 6303 3826 6303 5073 6303 5073 6304 3826 6304 5074 6304 5074 6305 3826 6305 3856 6305 5075 6306 5074 6306 3856 6306 5076 6307 5075 6307 3856 6307 5077 6308 5076 6308 3856 6308 3859 6309 5077 6309 3856 6309 3859 6310 5078 6310 5077 6310 3859 6311 5079 6311 5078 6311 3859 6312 4282 6312 5079 6312 5079 6313 4282 6313 5080 6313 5080 6314 4282 6314 5081 6314 4282 6315 5063 6315 5081 6315 5082 6316 5083 6316 5084 6316 5082 6317 5085 6317 5086 6317 5087 6318 5082 6318 5088 6318 5089 6319 5087 6319 5090 6319 5091 6320 5092 6320 5089 6320 5093 6321 5094 6321 5092 6321 5094 6322 5095 6322 5096 6322 5096 6323 5095 6323 5097 6323 5098 6324 5099 6324 5100 6324 5101 6325 5102 6325 5103 6325 5104 6326 5105 6326 5103 6326 5104 6327 5106 6327 5105 6327 5104 6328 5107 6328 5106 6328 5107 6329 5108 6329 5109 6329 5107 6330 5110 6330 5108 6330 5107 6331 5111 6331 5110 6331 5112 6332 5113 6332 5107 6332 5112 6333 5114 6333 5113 6333 5112 6334 5115 6334 5114 6334 5112 6335 5116 6335 5117 6335 5116 6336 5118 6336 5119 6336 5119 6337 5118 6337 5120 6337 5118 6338 5121 6338 5122 6338 5118 6339 5123 6339 5121 6339 5118 6340 5124 6340 5123 6340 5125 6341 5126 6341 5127 6341 5127 6342 5126 6342 5124 6342 5128 6343 5129 6343 5127 6343 5118 6344 5127 6344 5124 6344 5130 6345 5128 6345 5127 6345 5118 6346 5122 6346 5131 6346 5130 6347 5132 6347 5128 6347 5112 6348 5118 6348 5116 6348 5099 6349 5133 6349 5134 6349 5135 6350 5133 6350 5096 6350 5099 6351 5098 6351 5133 6351 5098 6352 5136 6352 5137 6352 5101 6353 5137 6353 5138 6353 5139 6354 2623 6354 2622 6354 5140 6355 5139 6355 2622 6355 5140 6356 5141 6356 5139 6356 5140 6357 5142 6357 5141 6357 5140 6358 5143 6358 5142 6358 5142 6359 5143 6359 5144 6359 5144 6360 5143 6360 5145 6360 5145 6361 5143 6361 5146 6361 5146 6362 5143 6362 5132 6362 5130 6363 5146 6363 5132 6363 5147 6364 5128 6364 5132 6364 5148 6365 5149 6365 5132 6365 5132 6366 5149 6366 5147 6366 5125 6367 5127 6367 5129 6367 5120 6368 5118 6368 5131 6368 5115 6369 5112 6369 5117 6369 5111 6370 5107 6370 5113 6370 5109 6371 5106 6371 5107 6371 5103 6372 5102 6372 5104 6372 5103 6373 5150 6373 5101 6373 5102 6374 5101 6374 5138 6374 5101 6375 5098 6375 5137 6375 5098 6376 5100 6376 5136 6376 5096 6377 5097 6377 5135 6377 5094 6378 5096 6378 5092 6378 5093 6379 5092 6379 5091 6379 5092 6380 5087 6380 5089 6380 5087 6381 5088 6381 5090 6381 5082 6382 5084 6382 5088 6382 5086 6383 5083 6383 5082 6383 5151 6384 5152 6384 5086 6384 5085 6385 5153 6385 5086 6385 5086 6386 5153 6386 5151 6386 5133 6387 5135 6387 5134 6387 5154 6388 5155 6388 64 6388 5156 6389 5157 6389 5155 6389 5158 6390 5159 6390 5157 6390 5160 6391 5161 6391 5158 6391 5162 6392 5163 6392 5160 6392 5164 6393 5165 6393 5162 6393 5164 6394 5162 6394 5166 6394 5167 6395 5166 6395 5168 6395 5169 6396 5170 6396 5171 6396 5172 6397 5170 6397 5169 6397 5172 6398 5169 6398 5173 6398 5172 6399 5173 6399 5168 6399 5173 6400 5174 6400 5168 6400 5174 6401 5167 6401 5168 6401 5167 6402 5164 6402 5166 6402 5162 6403 5165 6403 5163 6403 5160 6404 5163 6404 5161 6404 5158 6405 5161 6405 5159 6405 5155 6406 5154 6406 5156 6406 5156 6407 5158 6407 5157 6407 2649 6408 2651 6408 5175 6408 5175 6409 5176 6409 5177 6409 5177 6410 5176 6410 5178 6410 5179 6411 5178 6411 5180 6411 5181 6412 5179 6412 5182 6412 5182 6413 5180 6413 5183 6413 5183 6414 5180 6414 5184 6414 5179 6415 5181 6415 5185 6415 5179 6416 5180 6416 5182 6416 5177 6417 5178 6417 5179 6417 5176 6418 5175 6418 2651 6418 5186 6419 5187 6419 86 6419 5188 6420 5189 6420 5187 6420 5190 6421 5191 6421 5189 6421 5192 6422 5193 6422 5190 6422 5194 6423 5195 6423 5192 6423 5196 6424 5197 6424 5194 6424 5196 6425 5194 6425 5198 6425 5199 6426 5198 6426 5200 6426 5201 6427 5202 6427 5203 6427 5204 6428 5202 6428 5201 6428 5204 6429 5201 6429 5205 6429 5204 6430 5205 6430 5200 6430 5205 6431 5206 6431 5200 6431 5206 6432 5199 6432 5200 6432 5199 6433 5196 6433 5198 6433 5194 6434 5197 6434 5195 6434 5192 6435 5195 6435 5193 6435 5190 6436 5193 6436 5191 6436 5187 6437 5186 6437 5188 6437 5188 6438 5190 6438 5189 6438 5207 6439 5208 6439 5209 6439 5207 6440 5210 6440 5211 6440 5212 6441 5213 6441 5214 6441 5214 6442 5209 6442 5208 6442 5213 6443 5215 6443 5216 6443 5212 6444 5215 6444 5213 6444 5208 6445 5212 6445 5214 6445 5207 6446 5209 6446 5210 6446 5217 6447 5218 6447 5219 6447 5219 6448 5218 6448 5220 6448 5221 6449 5222 6449 5223 6449 5217 6450 5222 6450 5224 6450 5223 6451 5225 6451 5221 6451 5224 6452 5222 6452 5226 6452 5226 6453 5222 6453 5221 6453 5218 6454 5217 6454 5224 6454 5227 6455 5228 6455 5229 6455 5227 6456 5230 6456 5231 6456 5229 6457 5228 6457 5232 6457 5233 6458 5229 6458 5232 6458 5232 6459 5234 6459 5233 6459 5235 6460 5236 6460 5237 6460 5235 6461 5234 6461 5236 6461 5235 6462 5233 6462 5234 6462 5231 6463 5228 6463 5227 6463 5238 6464 5239 6464 5240 6464 5238 6465 5241 6465 5239 6465 5238 6466 5242 6466 5241 6466 5238 6467 5243 6467 5242 6467 5244 6468 5245 6468 5243 6468 5238 6469 5244 6469 5243 6469 5244 6470 5246 6470 5245 6470 5238 6471 5247 6471 5244 6471 5244 6472 5247 6472 5248 6472 5248 6473 5247 6473 5249 6473 5250 6474 5248 6474 5249 6474 5251 6475 5250 6475 5249 6475 5251 6476 5252 6476 5253 6476 5252 6477 5254 6477 5255 6477 5254 6478 5256 6478 5257 6478 5256 6479 5258 6479 5259 6479 5260 6480 5261 6480 5259 6480 5256 6481 5262 6481 5263 6481 5258 6482 5256 6482 5263 6482 5258 6483 5260 6483 5259 6483 5259 6484 5261 6484 5264 6484 5257 6485 5256 6485 5259 6485 5255 6486 5254 6486 5257 6486 5253 6487 5252 6487 5255 6487 5251 6488 5253 6488 5250 6488 5265 6489 5266 6489 5267 6489 5267 6490 5268 6490 5269 6490 5269 6491 5268 6491 5270 6491 5271 6492 5270 6492 5272 6492 5273 6493 5272 6493 5274 6493 5275 6494 5274 6494 5276 6494 5272 6495 5273 6495 5271 6495 5273 6496 5274 6496 5275 6496 5270 6497 5271 6497 5269 6497 5266 6498 5268 6498 5267 6498 5277 6499 5278 6499 5265 6499 5278 6500 5266 6500 5265 6500 5279 6501 5280 6501 5281 6501 5282 6502 5283 6502 5280 6502 5284 6503 5282 6503 5280 6503 5285 6504 5286 6504 5287 6504 5283 6505 5288 6505 5289 6505 5290 6506 5291 6506 5285 6506 5287 6507 5290 6507 5285 6507 5289 6508 5288 6508 5286 6508 5286 6509 5288 6509 5287 6509 5283 6510 5282 6510 5288 6510 5279 6511 5284 6511 5280 6511 5279 6512 5281 6512 5292 6512 5293 6513 5294 6513 5295 6513 5295 6514 5294 6514 5296 6514 5293 6515 5297 6515 5298 6515 5296 6516 5294 6516 5299 6516 5300 6517 5299 6517 5301 6517 5302 6518 5300 6518 5301 6518 5303 6519 5302 6519 5304 6519 5305 6520 5303 6520 5306 6520 5304 6521 5306 6521 5303 6521 5301 6522 5304 6522 5302 6522 5296 6523 5299 6523 5300 6523 5295 6524 5297 6524 5293 6524 5307 6525 5308 6525 5309 6525 5309 6526 5310 6526 5307 6526 5309 6527 5311 6527 5310 6527 5310 6528 5311 6528 5312 6528 5312 6529 5313 6529 5314 6529 5314 6530 5313 6530 5315 6530 5316 6531 5315 6531 5317 6531 5318 6532 5319 6532 5317 6532 5318 6533 5320 6533 5319 6533 5321 6534 5322 6534 5320 6534 5321 6535 5323 6535 5322 6535 5324 6536 5325 6536 5322 6536 5326 6537 5322 6537 5323 6537 5321 6538 5327 6538 5328 6538 5323 6539 5321 6539 5328 6539 5326 6540 5324 6540 5322 6540 5322 6541 5325 6541 5329 6541 5318 6542 5321 6542 5320 6542 5317 6543 5319 6543 5316 6543 5315 6544 5316 6544 5314 6544 5312 6545 5311 6545 5313 6545 5330 6546 5331 6546 5332 6546 5332 6547 5331 6547 5333 6547 5334 6548 5335 6548 5336 6548 5337 6549 5336 6549 5335 6549 5338 6550 5339 6550 5340 6550 5340 6551 5341 6551 5338 6551 5342 6552 5343 6552 5344 6552 5342 6553 5345 6553 5343 6553 5344 6554 5343 6554 5346 6554 5347 6555 5346 6555 5348 6555 5348 6556 5346 6556 5349 6556 5349 6557 5346 6557 5350 6557 5344 6558 5346 6558 5347 6558 5343 6559 5351 6559 5346 6559 5352 6560 5353 6560 5351 6560 5354 6561 5355 6561 5353 6561 5356 6562 5357 6562 5355 6562 5358 6563 5359 6563 5357 6563 5359 6564 5360 6564 5361 6564 5362 6565 5363 6565 5364 6565 5361 6566 5362 6566 5364 6566 5361 6567 5360 6567 5362 6567 5359 6568 5358 6568 5360 6568 5357 6569 5356 6569 5358 6569 5355 6570 5354 6570 5356 6570 5353 6571 5352 6571 5354 6571 5343 6572 5352 6572 5351 6572 5365 6573 5366 6573 5367 6573 5365 6574 5368 6574 5369 6574 5367 6575 5370 6575 5371 6575 5371 6576 5370 6576 5372 6576 5373 6577 5372 6577 5374 6577 5375 6578 5373 6578 5374 6578 5376 6579 5377 6579 5378 6579 5375 6580 5376 6580 5378 6580 5375 6581 5374 6581 5376 6581 5371 6582 5372 6582 5373 6582 5366 6583 5370 6583 5367 6583 5369 6584 5366 6584 5365 6584 5379 6585 5380 6585 5381 6585 5379 6586 5382 6586 5383 6586 5381 6587 5380 6587 5384 6587 5385 6588 5381 6588 5386 6588 5387 6589 5385 6589 5388 6589 5389 6590 5387 6590 5388 6590 5390 6591 5391 6591 5389 6591 5389 6592 5391 6592 5387 6592 5388 6593 5385 6593 5386 6593 5386 6594 5381 6594 5384 6594 5379 6595 5383 6595 5380 6595 5392 6596 5383 6596 5382 6596 5393 6597 5394 6597 5395 6597 5396 6598 5395 6598 5397 6598 5398 6599 5397 6599 5399 6599 5400 6600 5401 6600 5402 6600 5403 6601 5400 6601 5404 6601 5402 6602 5404 6602 5400 6602 5399 6603 5402 6603 5401 6603 5398 6604 5399 6604 5401 6604 5396 6605 5397 6605 5398 6605 5394 6606 5405 6606 5406 6606 5405 6607 5394 6607 5393 6607 5393 6608 5395 6608 5396 6608 5407 6609 101 6609 102 6609 5408 6610 5407 6610 5409 6610 5410 6611 5408 6611 5409 6611 5411 6612 5412 6612 5410 6612 5411 6613 5413 6613 5412 6613 5414 6614 5415 6614 5413 6614 5416 6615 5417 6615 5418 6615 5419 6616 5416 6616 5418 6616 5420 6617 5419 6617 5418 6617 5421 6618 5422 6618 5419 6618 5423 6619 5421 6619 5419 6619 5424 6620 5423 6620 5419 6620 5425 6621 5420 6621 5426 6621 5427 6622 5426 6622 5420 6622 5428 6623 5420 6623 5429 6623 5428 6624 5427 6624 5420 6624 5420 6625 5425 6625 5424 6625 5419 6626 5420 6626 5424 6626 5414 6627 5417 6627 5415 6627 5409 6628 5407 6628 102 6628 5408 6629 5410 6629 5412 6629 5413 6630 5411 6630 5414 6630 5416 6631 5415 6631 5417 6631 5430 6632 5431 6632 5432 6632 5430 6633 5433 6633 5434 6633 5432 6634 5435 6634 5436 6634 5437 6635 5438 6635 5439 6635 5439 6636 5438 6636 5440 6636 5441 6637 5442 6637 5437 6637 5443 6638 5444 6638 5445 6638 5446 6639 5443 6639 5445 6639 5446 6640 5441 6640 5443 6640 5446 6641 5442 6641 5441 6641 5442 6642 5438 6642 5437 6642 5432 6643 5436 6643 5440 6643 5431 6644 5430 6644 5434 6644 5440 6645 5436 6645 5439 6645 5431 6646 5435 6646 5432 6646 5447 6647 5448 6647 5449 6647 5447 6648 5450 6648 5448 6648 5449 6649 5448 6649 5451 6649 5452 6650 5451 6650 5453 6650 5454 6651 5452 6651 5453 6651 5455 6652 5456 6652 5454 6652 5457 6653 5458 6653 5455 6653 5457 6654 5459 6654 5458 6654 5459 6655 5457 6655 5460 6655 5456 6656 5455 6656 5458 6656 5452 6657 5454 6657 5456 6657 5451 6658 5452 6658 5449 6658 5448 6659 5450 6659 5461 6659 5461 6660 5450 6660 5462 6660 5463 6661 5460 6661 5457 6661 5464 6662 5465 6662 5466 6662 5467 6663 5468 6663 5465 6663 5469 6664 5470 6664 5471 6664 5467 6665 5471 6665 5468 6665 5469 6666 5472 6666 5470 6666 5473 6667 5474 6667 5472 6667 5472 6668 5474 6668 5475 6668 5476 6669 5477 6669 5475 6669 5478 6670 5479 6670 5477 6670 5478 6671 5480 6671 5479 6671 5476 6672 5478 6672 5477 6672 5474 6673 5476 6673 5475 6673 5473 6674 5472 6674 5469 6674 5464 6675 5466 6675 5481 6675 5481 6676 5482 6676 5483 6676 5483 6677 5484 6677 5485 6677 5485 6678 5486 6678 5487 6678 5487 6679 5488 6679 5489 6679 5489 6680 5490 6680 5491 6680 5491 6681 5492 6681 5493 6681 5494 6682 5493 6682 5492 6682 5495 6683 5496 6683 5494 6683 5497 6684 5498 6684 5495 6684 5499 6685 5500 6685 5497 6685 5501 6686 5502 6686 5499 6686 5503 6687 5504 6687 5501 6687 5505 6688 5506 6688 5503 6688 5507 6689 5508 6689 5505 6689 5509 6690 5510 6690 5507 6690 5509 6691 5511 6691 5510 6691 5512 6692 5513 6692 5511 6692 5514 6693 5515 6693 5513 6693 5516 6694 5517 6694 5515 6694 5518 6695 5519 6695 5517 6695 5520 6696 5521 6696 5519 6696 5522 6697 5523 6697 5521 6697 5524 6698 5525 6698 5523 6698 5524 6699 5526 6699 5525 6699 5526 6700 5527 6700 5528 6700 5527 6701 5529 6701 5530 6701 5529 6702 5531 6702 5532 6702 5531 6703 5533 6703 5534 6703 5535 6704 5536 6704 5537 6704 5538 6705 5539 6705 5540 6705 5536 6706 5538 6706 5540 6706 5538 6707 5541 6707 5539 6707 5539 6708 5541 6708 5542 6708 5542 6709 5543 6709 5544 6709 5544 6710 5543 6710 5545 6710 5546 6711 5544 6711 5545 6711 5547 6712 5546 6712 5545 6712 5548 6713 5549 6713 5547 6713 5548 6714 5550 6714 5549 6714 5548 6715 5551 6715 5550 6715 5550 6716 5551 6716 5552 6716 5467 6717 5465 6717 5464 6717 5552 6718 5553 6718 5554 6718 5554 6719 5553 6719 5555 6719 5555 6720 5553 6720 5556 6720 5468 6721 5471 6721 5470 6721 5557 6722 5555 6722 5556 6722 5558 6723 5557 6723 5556 6723 5550 6724 5552 6724 5554 6724 5549 6725 5546 6725 5547 6725 5541 6726 5543 6726 5542 6726 5540 6727 5537 6727 5536 6727 5537 6728 5559 6728 5535 6728 5535 6729 5559 6729 5533 6729 5533 6730 5559 6730 5534 6730 5531 6731 5534 6731 5532 6731 5529 6732 5532 6732 5530 6732 5527 6733 5530 6733 5528 6733 5526 6734 5528 6734 5525 6734 5524 6735 5523 6735 5522 6735 5522 6736 5521 6736 5520 6736 5520 6737 5519 6737 5518 6737 5518 6738 5517 6738 5516 6738 5516 6739 5515 6739 5514 6739 5514 6740 5513 6740 5512 6740 5512 6741 5511 6741 5509 6741 5510 6742 5508 6742 5507 6742 5508 6743 5506 6743 5505 6743 5506 6744 5504 6744 5503 6744 5504 6745 5502 6745 5501 6745 5502 6746 5500 6746 5499 6746 5500 6747 5498 6747 5497 6747 5498 6748 5496 6748 5495 6748 5496 6749 5493 6749 5494 6749 5491 6750 5490 6750 5492 6750 5489 6751 5488 6751 5490 6751 5487 6752 5486 6752 5488 6752 5485 6753 5484 6753 5486 6753 5483 6754 5482 6754 5484 6754 5482 6755 5481 6755 5466 6755 5560 6756 5561 6756 5562 6756 5560 6757 5562 6757 5563 6757 5562 6758 5564 6758 5563 6758 5565 6759 5561 6759 5566 6759 5565 6760 5567 6760 5568 6760 5566 6761 5567 6761 5565 6761 5562 6762 5569 6762 5564 6762 5566 6763 5561 6763 5560 6763 5570 6764 5571 6764 5572 6764 5570 6765 5573 6765 5574 6765 5575 6766 5572 6766 5576 6766 5577 6767 5575 6767 5576 6767 5578 6768 5577 6768 5579 6768 5577 6769 5576 6769 5579 6769 5571 6770 5570 6770 5574 6770 5570 6771 5572 6771 5575 6771 5580 6772 5581 6772 5582 6772 5580 6773 5583 6773 5584 6773 5585 6774 5582 6774 5586 6774 5586 6775 5582 6775 5581 6775 5587 6776 5588 6776 5589 6776 5585 6777 5587 6777 5589 6777 5581 6778 5580 6778 5584 6778 5585 6779 5586 6779 5587 6779 5590 6780 5591 6780 5592 6780 5590 6781 5593 6781 5591 6781 5592 6782 5591 6782 5594 6782 5595 6783 5594 6783 5596 6783 5594 6784 5595 6784 5592 6784 5597 6785 5594 6785 5591 6785 5598 6786 5597 6786 5591 6786 5599 6787 5598 6787 5600 6787 5601 6788 5599 6788 5600 6788 5602 6789 5601 6789 5603 6789 5603 6790 5601 6790 5600 6790 5604 6791 5602 6791 5605 6791 5606 6792 5604 6792 5607 6792 5608 6793 5606 6793 5609 6793 5609 6794 5610 6794 5608 6794 5611 6795 5609 6795 5612 6795 5609 6796 5611 6796 5613 6796 5610 6797 5609 6797 5613 6797 5608 6798 5614 6798 5606 6798 5606 6799 5614 6799 5615 6799 5607 6800 5609 6800 5606 6800 5605 6801 5607 6801 5604 6801 5603 6802 5605 6802 5602 6802 5599 6803 5597 6803 5598 6803 5616 6804 5617 6804 5618 6804 5616 6805 5619 6805 5620 6805 5617 6806 5621 6806 5618 6806 5622 6807 5623 6807 5624 6807 5625 6808 5621 6808 5622 6808 5626 6809 5627 6809 5628 6809 5626 6810 5623 6810 5627 6810 5626 6811 5624 6811 5623 6811 5617 6812 5616 6812 5620 6812 5625 6813 5618 6813 5621 6813 5624 6814 5625 6814 5622 6814 5629 6815 5630 6815 5631 6815 5629 6816 5632 6816 5630 6816 5631 6817 5630 6817 5633 6817 5634 6818 5631 6818 5633 6818 5635 6819 5634 6819 5636 6819 5637 6820 5635 6820 5636 6820 5630 6821 5632 6821 5638 6821 5634 6822 5633 6822 5636 6822 5639 6823 5640 6823 5641 6823 5639 6824 5642 6824 5643 6824 5644 6825 5641 6825 5645 6825 5646 6826 5647 6826 5648 6826 5644 6827 5646 6827 5648 6827 5644 6828 5645 6828 5646 6828 5639 6829 5641 6829 5644 6829 5643 6830 5640 6830 5639 6830 5649 6831 5650 6831 5651 6831 5649 6832 5652 6832 5650 6832 5653 6833 5649 6833 5651 6833 5654 6834 5651 6834 5655 6834 5655 6835 5651 6835 5656 6835 5651 6836 5654 6836 5653 6836 5657 6837 5651 6837 5650 6837 5650 6838 5658 6838 5657 6838 5657 6839 5658 6839 5659 6839 5659 6840 5658 6840 5660 6840 5661 6841 5660 6841 5662 6841 5663 6842 5664 6842 5665 6842 5666 6843 5662 6843 5667 6843 5665 6844 5668 6844 5663 6844 5669 6845 5665 6845 5664 6845 5670 6846 5669 6846 5664 6846 5670 6847 5667 6847 5669 6847 5670 6848 5666 6848 5667 6848 5666 6849 5661 6849 5662 6849 5661 6850 5659 6850 5660 6850 5671 6851 5672 6851 5673 6851 5673 6852 5672 6852 5674 6852 5675 6853 5676 6853 5677 6853 5676 6854 5678 6854 5677 6854 5679 6855 5680 6855 5681 6855 5682 6856 5681 6856 5680 6856 5683 6857 5684 6857 5685 6857 5686 6858 5683 6858 5685 6858 5685 6859 5687 6859 5686 6859 5686 6860 5687 6860 5688 6860 5688 6861 5689 6861 5690 6861 5690 6862 5691 6862 5692 6862 5693 6863 5694 6863 5695 6863 5696 6864 5697 6864 5698 6864 5694 6865 5696 6865 5698 6865 5699 6866 5700 6866 5697 6866 5701 6867 5699 6867 5697 6867 5702 6868 5701 6868 5697 6868 5703 6869 5696 6869 5704 6869 5704 6870 5696 6870 5705 6870 5697 6871 5703 6871 5702 6871 5697 6872 5696 6872 5703 6872 5695 6873 5694 6873 5698 6873 5692 6874 5693 6874 5695 6874 5692 6875 5691 6875 5693 6875 5690 6876 5689 6876 5691 6876 5688 6877 5687 6877 5689 6877 5706 6878 5707 6878 5708 6878 5706 6879 5709 6879 5707 6879 5708 6880 5710 6880 5711 6880 5711 6881 5710 6881 5712 6881 5713 6882 5714 6882 5715 6882 5714 6883 5716 6883 5717 6883 5714 6884 5713 6884 5716 6884 5715 6885 5718 6885 5713 6885 5712 6886 5710 6886 5718 6886 5707 6887 5709 6887 5719 6887 5715 6888 5712 6888 5718 6888 5706 6889 5708 6889 5711 6889 5720 6890 5721 6890 5722 6890 5723 6891 5724 6891 5721 6891 5723 6892 5725 6892 5724 6892 5725 6893 5726 6893 5727 6893 5727 6894 5726 6894 5728 6894 5729 6895 5730 6895 5731 6895 5731 6896 5730 6896 5732 6896 5733 6897 5731 6897 5732 6897 5726 6898 5733 6898 5728 6898 5725 6899 5727 6899 5724 6899 5723 6900 5721 6900 5720 6900 5732 6901 5728 6901 5733 6901 5734 6902 5735 6902 5736 6902 5736 6903 5737 6903 5738 6903 5738 6904 5739 6904 5740 6904 5740 6905 5739 6905 5741 6905 5742 6906 5741 6906 5743 6906 5744 6907 5743 6907 5745 6907 5743 6908 5744 6908 5742 6908 5741 6909 5742 6909 5740 6909 5737 6910 5739 6910 5738 6910 5735 6911 5734 6911 5746 6911 5747 6912 5746 6912 5734 6912 5735 6913 5737 6913 5736 6913 5748 6914 115 6914 5749 6914 5750 6915 5748 6915 5749 6915 5751 6916 5752 6916 5750 6916 5751 6917 5753 6917 5752 6917 5754 6918 5755 6918 5753 6918 5754 6919 5756 6919 5755 6919 5757 6920 5758 6920 5759 6920 5760 6921 5757 6921 5759 6921 5761 6922 5762 6922 5760 6922 5763 6923 5764 6923 5762 6923 5765 6924 5763 6924 5762 6924 5766 6925 5762 6925 5761 6925 5767 6926 5761 6926 5760 6926 5768 6927 5760 6927 5769 6927 5768 6928 5767 6928 5760 6928 5762 6929 5766 6929 5765 6929 5757 6930 5760 6930 5762 6930 5756 6931 5759 6931 5758 6931 5749 6932 115 6932 114 6932 5748 6933 5750 6933 5752 6933 5753 6934 5751 6934 5754 6934 5758 6935 5755 6935 5756 6935 5770 6936 5771 6936 5772 6936 5772 6937 5771 6937 5773 6937 5773 6938 5771 6938 5774 6938 5775 6939 5776 6939 5777 6939 5772 6940 5776 6940 5770 6940 5778 6941 5779 6941 5780 6941 5779 6942 5781 6942 5782 6942 5779 6943 5778 6943 5781 6943 5780 6944 5775 6944 5778 6944 5783 6945 5773 6945 5774 6945 5778 6946 5775 6946 5777 6946 5776 6947 5772 6947 5777 6947 5784 6948 5785 6948 5786 6948 5787 6949 5788 6949 5785 6949 5789 6950 5790 6950 5788 6950 5788 6951 5787 6951 5791 6951 5792 6952 5793 6952 5794 6952 5792 6953 5790 6953 5793 6953 5793 6954 5790 6954 5789 6954 5789 6955 5788 6955 5791 6955 5785 6956 5784 6956 5787 6956 5795 6957 5784 6957 5786 6957 5786 6958 5796 6958 5795 6958 5797 6959 195 6959 5798 6959 5799 6960 5797 6960 5798 6960 5800 6961 5801 6961 5802 6961 5803 6962 5804 6962 5800 6962 5805 6963 5806 6963 5803 6963 5807 6964 5808 6964 5805 6964 5809 6965 5810 6965 5811 6965 5811 6966 5810 6966 5807 6966 5812 6967 5809 6967 5811 6967 5812 6968 5813 6968 5809 6968 5814 6969 5815 6969 5813 6969 5814 6970 5816 6970 5815 6970 5815 6971 5816 6971 5817 6971 5817 6972 5816 6972 5818 6972 5817 6973 5818 6973 5819 6973 5819 6974 5818 6974 5820 6974 5821 6975 5819 6975 5822 6975 5822 6976 5819 6976 5820 6976 5823 6977 5821 6977 5822 6977 5824 6978 5823 6978 5825 6978 5826 6979 5824 6979 5825 6979 5827 6980 5826 6980 5825 6980 5824 6981 5821 6981 5823 6981 5812 6982 5814 6982 5813 6982 5810 6983 5808 6983 5807 6983 5808 6984 5806 6984 5805 6984 5806 6985 5804 6985 5803 6985 5798 6986 195 6986 196 6986 5798 6987 5802 6987 5799 6987 5802 6988 5801 6988 5799 6988 5800 6989 5804 6989 5801 6989 5828 6990 5829 6990 5830 6990 5830 6991 5829 6991 5831 6991 5831 6992 5829 6992 5832 6992 5831 6993 5833 6993 5834 6993 5835 6994 5831 6994 5834 6994 5836 6995 5831 6995 5835 6995 5836 6996 5837 6996 5831 6996 5837 6997 5838 6997 5831 6997 5831 6998 5832 6998 5833 6998 5829 6999 5839 6999 5832 6999 5840 7000 5841 7000 5839 7000 5829 7001 5840 7001 5839 7001 5842 7002 5843 7002 5840 7002 5844 7003 5842 7003 5840 7003 5844 7004 5845 7004 5842 7004 5844 7005 5846 7005 5845 7005 5844 7006 5847 7006 5846 7006 5844 7007 5848 7007 5847 7007 5848 7008 5849 7008 5850 7008 5851 7009 5849 7009 5848 7009 5852 7010 5851 7010 5853 7010 5853 7011 5851 7011 5848 7011 5850 7012 5847 7012 5848 7012 5843 7013 5841 7013 5840 7013 5854 7014 5855 7014 5856 7014 5857 7015 5854 7015 5856 7015 5855 7016 5858 7016 5859 7016 5860 7017 5859 7017 5858 7017 5859 7018 5856 7018 5855 7018 5861 7019 5862 7019 5863 7019 5861 7020 5863 7020 5864 7020 5865 7021 5866 7021 5867 7021 5868 7022 5869 7022 5865 7022 5870 7023 5865 7023 5867 7023 5867 7024 5866 7024 5871 7024 5871 7025 5866 7025 5872 7025 5873 7026 5872 7026 5866 7026 5874 7027 5873 7027 5866 7027 5874 7028 5875 7028 5873 7028 5874 7029 5876 7029 5875 7029 5874 7030 5877 7030 5876 7030 5878 7031 5879 7031 5874 7031 5878 7032 5880 7032 5879 7032 5878 7033 5881 7033 5880 7033 5878 7034 5882 7034 5881 7034 5878 7035 5883 7035 5882 7035 5884 7036 5885 7036 5886 7036 5886 7037 5885 7037 5883 7037 5878 7038 5886 7038 5883 7038 5874 7039 5879 7039 5877 7039 5865 7040 5870 7040 5868 7040 5887 7041 5888 7041 5889 7041 5890 7042 5891 7042 5892 7042 5889 7043 5893 7043 5887 7043 5892 7044 5894 7044 5890 7044 5895 7045 5896 7045 5894 7045 5895 7046 5897 7046 5896 7046 5896 7047 5897 7047 5898 7047 5898 7048 5899 7048 5900 7048 5900 7049 5901 7049 5902 7049 5902 7050 5903 7050 5904 7050 5904 7051 5905 7051 5906 7051 5906 7052 5907 7052 5908 7052 5908 7053 5909 7053 5910 7053 5910 7054 5911 7054 5912 7054 5913 7055 5914 7055 5915 7055 5915 7056 5914 7056 5916 7056 5916 7057 5917 7057 5918 7057 5918 7058 5919 7058 5920 7058 5920 7059 5919 7059 5921 7059 5922 7060 5920 7060 5921 7060 5923 7061 5922 7061 5924 7061 5925 7062 5926 7062 5927 7062 5928 7063 5929 7063 5930 7063 5931 7064 5932 7064 5933 7064 5933 7065 5934 7065 5935 7065 5935 7066 5936 7066 5937 7066 5937 7067 5938 7067 5939 7067 5940 7068 5941 7068 5942 7068 5943 7069 5944 7069 5945 7069 5946 7070 5943 7070 5947 7070 5948 7071 5946 7071 5949 7071 5939 7072 5950 7072 5951 7072 5945 7073 5947 7073 5943 7073 5946 7074 5947 7074 5949 7074 5940 7075 5945 7075 5944 7075 5941 7076 5940 7076 5944 7076 5951 7077 5942 7077 5941 7077 5951 7078 5950 7078 5942 7078 5939 7079 5938 7079 5950 7079 5937 7080 5936 7080 5938 7080 5935 7081 5934 7081 5936 7081 5933 7082 5932 7082 5934 7082 5931 7083 5930 7083 5932 7083 5931 7084 5928 7084 5930 7084 5928 7085 5925 7085 5929 7085 5929 7086 5925 7086 5927 7086 5927 7087 5926 7087 5952 7087 5952 7088 5926 7088 5923 7088 5924 7089 5952 7089 5923 7089 5921 7090 5924 7090 5922 7090 5919 7091 5918 7091 5917 7091 5917 7092 5916 7092 5914 7092 5915 7093 5912 7093 5913 7093 5913 7094 5912 7094 5911 7094 5911 7095 5910 7095 5909 7095 5909 7096 5908 7096 5907 7096 5907 7097 5906 7097 5905 7097 5905 7098 5904 7098 5903 7098 5903 7099 5902 7099 5901 7099 5901 7100 5900 7100 5899 7100 5899 7101 5898 7101 5897 7101 5894 7102 5892 7102 5895 7102 5893 7103 5891 7103 5890 7103 5893 7104 5889 7104 5891 7104 5953 7105 5954 7105 5955 7105 5953 7106 5956 7106 5957 7106 5955 7107 5954 7107 5958 7107 5959 7108 5958 7108 5960 7108 5961 7109 5959 7109 5960 7109 5962 7110 5961 7110 5963 7110 5964 7111 5962 7111 5965 7111 5966 7112 5967 7112 5968 7112 5965 7113 5968 7113 5964 7113 5966 7114 5969 7114 5967 7114 5970 7115 5971 7115 5969 7115 5970 7116 5972 7116 5971 7116 5973 7117 5974 7117 5975 7117 5973 7118 5971 7118 5974 7118 5976 7119 5975 7119 5977 7119 5978 7120 5976 7120 5977 7120 5979 7121 5978 7121 5980 7121 5981 7122 5979 7122 5980 7122 5982 7123 5983 7123 5981 7123 5982 7124 5984 7124 5983 7124 5985 7125 5986 7125 5984 7125 5985 7126 5987 7126 5986 7126 5987 7127 5988 7127 5989 7127 5989 7128 5988 7128 5990 7128 5990 7129 5991 7129 5992 7129 5992 7130 5993 7130 5994 7130 5994 7131 5993 7131 5995 7131 5996 7132 5995 7132 5997 7132 5998 7133 5996 7133 5997 7133 5999 7134 5998 7134 6000 7134 6001 7135 5999 7135 6000 7135 6002 7136 6003 7136 6001 7136 6004 7137 6005 7137 6006 7137 6007 7138 6008 7138 6005 7138 6005 7139 6009 7139 6007 7139 6010 7140 6006 7140 6008 7140 6008 7141 6006 7141 6005 7141 6005 7142 6004 7142 6011 7142 6011 7143 6004 7143 6012 7143 6013 7144 6011 7144 6012 7144 6014 7145 6013 7145 6012 7145 6014 7146 6015 7146 6013 7146 6014 7147 6016 7147 6015 7147 6015 7148 6016 7148 6017 7148 6017 7149 6016 7149 6018 7149 6019 7150 6017 7150 6018 7150 6020 7151 6019 7151 6018 7151 6020 7152 6002 7152 6019 7152 6020 7153 6003 7153 6002 7153 6003 7154 5999 7154 6001 7154 5998 7155 5997 7155 6000 7155 5994 7156 5995 7156 5996 7156 5991 7157 5993 7157 5992 7157 5988 7158 5991 7158 5990 7158 5987 7159 5989 7159 5986 7159 5985 7160 5984 7160 5982 7160 5983 7161 5979 7161 5981 7161 5978 7162 5977 7162 5980 7162 5973 7163 5975 7163 5976 7163 5972 7164 5974 7164 5971 7164 5970 7165 5969 7165 5966 7165 5967 7166 5964 7166 5968 7166 5962 7167 5963 7167 5965 7167 5961 7168 5960 7168 5963 7168 5955 7169 5958 7169 5959 7169 5956 7170 6021 7170 5957 7170 5956 7171 6022 7171 6021 7171 6021 7172 6022 7172 6023 7172 6023 7173 6022 7173 6024 7173 6025 7174 6023 7174 6024 7174 6026 7175 6025 7175 6024 7175 6027 7176 6028 7176 6026 7176 6026 7177 6028 7177 6025 7177 6027 7178 6029 7178 6028 7178 6030 7179 6031 7179 6029 7179 6030 7180 6032 7180 6031 7180 6031 7181 6032 7181 6033 7181 6032 7182 6034 7182 6033 7182 6035 7183 6036 7183 6037 7183 6033 7184 6034 7184 6037 7184 6034 7185 6035 7185 6037 7185 5953 7186 5957 7186 5954 7186 6027 7187 6030 7187 6029 7187 6038 7188 6039 7188 6040 7188 6041 7189 6040 7189 6039 7189 6042 7190 6043 7190 6041 7190 6044 7191 6045 7191 6042 7191 6044 7192 6046 7192 6045 7192 6047 7193 6048 7193 6046 7193 6049 7194 6050 7194 6048 7194 6051 7195 6052 7195 6050 7195 6051 7196 6053 7196 6052 7196 6053 7197 6054 7197 6055 7197 6054 7198 6056 7198 6057 7198 6056 7199 6058 7199 6059 7199 6058 7200 6060 7200 6061 7200 6060 7201 6062 7201 6063 7201 6063 7202 6062 7202 6064 7202 6064 7203 6065 7203 6066 7203 6066 7204 6067 7204 6068 7204 6068 7205 6067 7205 6069 7205 6070 7206 6069 7206 6071 7206 6072 7207 6071 7207 6073 7207 6074 7208 6073 7208 6075 7208 6076 7209 6077 7209 6078 7209 6079 7210 6078 7210 6080 7210 6081 7211 6082 7211 6083 7211 6083 7212 6084 7212 6085 7212 6086 7213 6087 7213 6088 7213 6087 7214 6089 7214 6090 7214 6091 7215 6092 7215 6093 7215 6089 7216 6094 7216 6095 7216 6096 7217 6097 7217 6098 7217 6099 7218 6098 7218 6100 7218 6101 7219 6102 7219 6091 7219 6097 7220 6096 7220 6102 7220 6096 7221 6098 7221 6099 7221 6101 7222 6097 7222 6102 7222 6093 7223 6101 7223 6091 7223 6094 7224 6093 7224 6092 7224 6095 7225 6094 7225 6092 7225 6095 7226 6090 7226 6089 7226 6090 7227 6088 7227 6087 7227 6085 7228 6084 7228 6086 7228 6088 7229 6085 7229 6086 7229 6083 7230 6082 7230 6084 7230 6081 7231 6080 7231 6082 7231 6081 7232 6079 7232 6080 7232 6079 7233 6076 7233 6078 7233 6076 7234 6103 7234 6077 7234 6075 7235 6103 7235 6074 7235 6075 7236 6077 7236 6103 7236 6073 7237 6074 7237 6072 7237 6071 7238 6072 7238 6070 7238 6069 7239 6070 7239 6068 7239 6067 7240 6066 7240 6065 7240 6065 7241 6064 7241 6062 7241 6063 7242 6061 7242 6060 7242 6061 7243 6059 7243 6058 7243 6059 7244 6057 7244 6056 7244 6057 7245 6055 7245 6054 7245 6055 7246 6052 7246 6053 7246 6050 7247 6049 7247 6051 7247 6048 7248 6047 7248 6049 7248 6046 7249 6044 7249 6047 7249 6043 7250 6042 7250 6045 7250 6040 7251 6041 7251 6043 7251 6104 7252 6105 7252 6106 7252 6104 7253 6107 7253 6105 7253 6108 7254 6109 7254 6110 7254 6110 7255 6109 7255 6107 7255 6111 7256 6110 7256 6112 7256 6112 7257 6110 7257 6113 7257 6114 7258 6112 7258 6113 7258 6115 7259 6113 7259 6116 7259 6116 7260 6113 7260 6117 7260 6118 7261 6116 7261 6117 7261 6107 7262 6109 7262 6105 7262 6119 7263 6117 7263 6120 7263 6120 7264 6117 7264 6121 7264 6117 7265 6119 7265 6118 7265 6114 7266 6113 7266 6115 7266 6110 7267 6111 7267 6108 7267 6122 7268 6123 7268 6124 7268 6125 7269 6124 7269 6126 7269 6125 7270 6126 7270 6127 7270 6122 7271 6124 7271 6125 7271 6128 7272 6129 7272 6130 7272 6131 7273 6132 7273 6133 7273 6133 7274 6132 7274 6134 7274 6132 7275 6131 7275 6128 7275 6130 7276 6132 7276 6128 7276 6135 7277 6136 7277 6130 7277 6130 7278 6129 7278 6135 7278 6137 7279 6138 7279 6139 7279 6139 7280 6140 7280 6141 7280 6141 7281 6140 7281 6142 7281 6142 7282 6143 7282 6144 7282 6141 7283 6142 7283 6144 7283 6138 7284 6140 7284 6139 7284 6145 7285 6146 7285 6147 7285 6147 7286 6148 7286 6149 7286 6149 7287 6150 7287 6151 7287 6150 7288 6152 7288 6151 7288 6148 7289 6150 7289 6149 7289 6146 7290 6148 7290 6147 7290 6153 7291 6154 7291 6155 7291 6156 7292 6153 7292 6157 7292 6158 7293 6159 7293 6160 7293 6158 7294 6160 7294 6161 7294 6162 7295 6158 7295 6163 7295 6164 7296 6165 7296 6162 7296 6164 7297 6166 7297 6165 7297 6166 7298 6167 7298 6168 7298 6165 7299 6166 7299 6168 7299 6162 7300 6165 7300 6158 7300 6163 7301 6158 7301 6161 7301 6169 7302 6159 7302 6158 7302 6170 7303 6171 7303 6156 7303 6156 7304 6169 7304 6158 7304 6156 7305 6172 7305 6169 7305 6171 7306 6172 7306 6156 7306 6170 7307 6157 7307 6173 7307 6173 7308 6157 7308 6174 7308 6157 7309 6175 7309 6176 7309 6174 7310 6157 7310 6176 7310 6176 7311 6175 7311 6177 7311 6177 7312 6178 7312 6179 7312 6177 7313 6175 7313 6178 7313 6156 7314 6157 7314 6170 7314 6157 7315 6153 7315 6155 7315 6180 7316 6181 7316 6182 7316 6183 7317 6184 7317 6181 7317 6185 7318 6184 7318 6183 7318 6185 7319 6186 7319 6187 7319 6185 7320 6187 7320 6184 7320 6181 7321 6180 7321 6183 7321 6188 7322 6189 7322 6190 7322 6188 7323 6191 7323 6192 7323 6190 7324 6189 7324 6193 7324 6194 7325 6191 7325 6195 7325 6196 7326 6197 7326 6198 7326 6199 7327 6197 7327 6200 7327 6201 7328 6196 7328 6198 7328 6193 7329 6199 7329 6200 7329 6202 7330 6203 7330 6204 7330 6205 7331 6206 7331 6204 7331 6202 7332 6207 7332 6203 7332 6207 7333 6208 7333 6209 7333 6209 7334 6208 7334 6210 7334 6210 7335 6211 7335 6212 7335 6212 7336 6211 7336 6213 7336 6214 7337 6215 7337 6216 7337 6217 7338 6214 7338 6216 7338 6217 7339 6218 7339 6214 7339 6217 7340 6219 7340 6218 7340 6218 7341 6219 7341 6220 7341 6220 7342 6219 7342 6221 7342 6213 7343 6220 7343 6221 7343 6212 7344 6213 7344 6221 7344 6208 7345 6211 7345 6210 7345 6207 7346 6209 7346 6203 7346 6202 7347 6204 7347 6206 7347 6205 7348 6196 7348 6201 7348 6197 7349 6199 7349 6198 7349 6190 7350 6193 7350 6200 7350 6192 7351 6189 7351 6188 7351 6206 7352 6205 7352 6201 7352 6194 7353 6192 7353 6191 7353 6222 7354 6223 7354 6224 7354 6225 7355 6222 7355 6224 7355 6226 7356 6225 7356 6227 7356 6228 7357 6226 7357 6227 7357 6228 7358 6229 7358 6226 7358 6230 7359 6231 7359 6229 7359 6230 7360 6232 7360 6231 7360 6232 7361 6233 7361 6234 7361 6233 7362 6235 7362 6236 7362 6235 7363 6237 7363 6238 7363 6238 7364 6237 7364 6239 7364 6239 7365 6240 7365 6241 7365 6241 7366 6240 7366 6242 7366 6243 7367 6241 7367 6244 7367 6245 7368 6243 7368 6244 7368 6245 7369 6246 7369 6243 7369 6246 7370 6247 7370 6248 7370 6247 7371 6249 7371 6250 7371 6251 7372 6252 7372 6253 7372 6254 7373 6251 7373 6253 7373 6254 7374 6255 7374 6251 7374 6254 7375 6256 7375 6255 7375 6255 7376 6256 7376 6257 7376 6257 7377 6256 7377 6258 7377 6259 7378 6257 7378 6258 7378 6260 7379 6259 7379 6258 7379 6260 7380 6261 7380 6259 7380 6260 7381 6262 7381 6261 7381 6261 7382 6262 7382 6249 7382 6249 7383 6262 7383 6250 7383 6247 7384 6250 7384 6248 7384 6246 7385 6248 7385 6243 7385 6241 7386 6242 7386 6244 7386 6237 7387 6240 7387 6239 7387 6235 7388 6238 7388 6236 7388 6233 7389 6236 7389 6234 7389 6232 7390 6234 7390 6231 7390 6230 7391 6229 7391 6228 7391 6225 7392 6224 7392 6227 7392 6263 7393 6264 7393 6265 7393 6266 7394 6267 7394 6268 7394 6267 7395 6269 7395 6270 7395 6271 7396 6266 7396 6268 7396 6272 7397 6271 7397 6273 7397 6274 7398 6272 7398 6273 7398 6275 7399 6276 7399 6274 7399 6270 7400 6269 7400 6264 7400 6277 7401 6278 7401 6279 7401 6280 7402 6277 7402 6279 7402 6279 7403 6278 7403 6281 7403 6281 7404 6278 7404 6282 7404 6280 7405 6276 7405 6275 7405 6283 7406 6284 7406 6285 7406 6281 7407 6283 7407 6285 7407 6286 7408 6287 7408 6288 7408 6286 7409 6289 7409 6287 7409 6286 7410 6290 7410 6289 7410 6289 7411 6290 7411 6291 7411 6291 7412 6290 7412 6292 7412 6293 7413 6291 7413 6292 7413 6294 7414 6293 7414 6292 7414 6294 7415 6295 7415 6293 7415 6294 7416 6296 7416 6295 7416 6295 7417 6296 7417 6284 7417 6284 7418 6296 7418 6285 7418 6277 7419 6280 7419 6275 7419 6276 7420 6272 7420 6274 7420 6271 7421 6268 7421 6273 7421 6269 7422 6267 7422 6266 7422 6283 7423 6281 7423 6282 7423 6263 7424 6270 7424 6264 7424 6297 7425 6298 7425 6299 7425 6300 7426 6297 7426 6299 7426 6301 7427 6300 7427 6302 7427 6303 7428 6301 7428 6302 7428 6304 7429 6305 7429 6303 7429 6304 7430 6306 7430 6305 7430 6307 7431 6308 7431 6306 7431 6306 7432 6308 7432 6309 7432 6308 7433 6310 7433 6311 7433 6310 7434 6312 7434 6313 7434 6312 7435 6314 7435 6315 7435 6315 7436 6314 7436 6316 7436 6316 7437 6314 7437 6317 7437 6318 7438 6316 7438 6317 7438 6319 7439 6320 7439 6318 7439 6319 7440 6321 7440 6320 7440 6319 7441 6322 7441 6321 7441 6322 7442 6323 7442 6324 7442 6324 7443 6323 7443 6325 7443 6326 7444 6327 7444 6328 7444 6329 7445 6326 7445 6328 7445 6329 7446 6330 7446 6326 7446 6329 7447 6331 7447 6330 7447 6330 7448 6331 7448 6332 7448 6332 7449 6331 7449 6333 7449 6334 7450 6332 7450 6333 7450 6335 7451 6334 7451 6333 7451 6335 7452 6336 7452 6334 7452 6335 7453 6337 7453 6336 7453 6336 7454 6337 7454 6338 7454 6338 7455 6337 7455 6325 7455 6323 7456 6338 7456 6325 7456 6322 7457 6324 7457 6321 7457 6320 7458 6316 7458 6318 7458 6312 7459 6315 7459 6313 7459 6310 7460 6313 7460 6311 7460 6308 7461 6311 7461 6309 7461 6307 7462 6306 7462 6304 7462 6305 7463 6301 7463 6303 7463 6300 7464 6299 7464 6302 7464 6339 7465 6340 7465 6341 7465 6339 7466 6342 7466 6340 7466 6343 7467 6341 7467 6344 7467 6345 7468 6343 7468 6344 7468 6346 7469 6345 7469 6347 7469 6348 7470 6346 7470 6347 7470 6349 7471 6350 7471 6348 7471 6349 7472 6351 7472 6350 7472 6352 7473 6353 7473 6354 7473 6352 7474 6355 7474 6353 7474 6352 7475 6351 7475 6355 7475 6355 7476 6351 7476 6349 7476 6350 7477 6346 7477 6348 7477 6345 7478 6344 7478 6347 7478 6339 7479 6341 7479 6343 7479 6356 7480 6340 7480 6342 7480 6357 7481 6358 7481 6359 7481 6357 7482 6359 7482 6360 7482 6357 7483 6360 7483 6361 7483 6357 7484 6361 7484 6362 7484 6357 7485 6362 7485 6363 7485 6357 7486 6363 7486 6364 7486 6357 7487 6364 7487 6365 7487 6357 7488 6365 7488 6366 7488 6365 7489 6367 7489 6366 7489 6367 7490 6368 7490 6366 7490 6368 7491 6369 7491 6366 7491 6370 7492 6369 7492 6368 7492 6371 7493 6369 7493 6370 7493 6371 7494 6370 7494 6372 7494 6371 7495 6372 7495 6373 7495 6371 7496 6373 7496 6374 7496 6373 7497 6375 7497 6374 7497 6375 7498 6376 7498 6374 7498 6376 7499 6377 7499 6374 7499 6378 7500 6377 7500 6376 7500 6379 7501 6377 7501 6378 7501 6379 7502 6378 7502 6380 7502 6379 7503 6380 7503 6381 7503 6382 7504 6381 7504 6383 7504 6379 7505 6381 7505 6382 7505 6382 7506 6383 7506 6384 7506 6382 7507 6384 7507 6385 7507 6384 7508 6386 7508 6385 7508 6385 7509 6387 7509 6388 7509 6385 7510 6388 7510 6389 7510 6385 7511 6389 7511 6390 7511 6389 7512 6391 7512 6390 7512 6391 7513 6392 7513 6390 7513 6392 7514 6393 7514 6390 7514 6394 7515 6395 7515 6396 7515 6394 7516 6396 7516 6397 7516 6397 7517 6398 7517 6399 7517 6400 7518 6397 7518 6399 7518 6401 7519 6397 7519 6400 7519 6402 7520 6397 7520 6401 7520 6403 7521 6397 7521 6402 7521 6403 7522 6402 7522 4460 7522 6404 7523 6403 7523 6405 7523 6406 7524 6403 7524 6404 7524 6407 7525 6403 7525 6406 7525 6408 7526 6403 7526 6407 7526 6409 7527 6403 7527 6408 7527 6409 7528 6408 7528 6410 7528 6411 7529 6409 7529 6412 7529 6413 7530 6409 7530 6411 7530 6414 7531 6415 7531 6413 7531 6416 7532 6415 7532 6414 7532 6417 7533 6418 7533 6415 7533 6419 7534 6418 7534 6417 7534 6420 7535 6421 7535 6422 7535 6421 7536 6423 7536 6422 7536 6424 7537 6425 7537 6423 7537 6425 7538 6426 7538 6423 7538 6427 7539 6426 7539 6425 7539 6428 7540 6429 7540 6426 7540 6430 7541 6429 7541 6428 7541 6431 7542 6432 7542 6429 7542 6432 7543 6433 7543 6429 7543 6434 7544 6433 7544 6432 7544 6435 7545 6433 7545 6434 7545 6436 7546 6433 7546 6435 7546 6437 7547 6438 7547 6436 7547 6439 7548 6438 7548 6437 7548 6440 7549 6438 7549 6439 7549 6441 7550 6438 7550 6440 7550 6442 7551 6438 7551 6441 7551 6443 7552 6444 7552 6442 7552 6445 7553 6444 7553 6443 7553 6446 7554 6444 7554 6445 7554 6447 7555 6444 7555 6446 7555 6448 7556 6444 7556 6447 7556 6449 7557 6444 7557 6448 7557 6450 7558 6449 7558 6451 7558 6452 7559 6449 7559 6450 7559 6453 7560 6449 7560 6452 7560 6454 7561 6455 7561 6449 7561 6454 7562 6449 7562 6453 7562 6456 7563 6455 7563 6454 7563 6457 7564 6458 7564 6455 7564 6458 7565 6459 7565 6455 7565 6459 7566 6460 7566 6455 7566 6461 7567 6460 7567 6459 7567 6462 7568 6460 7568 6461 7568 6463 7569 6460 7569 6462 7569 6463 7570 6462 7570 6464 7570 6463 7571 6464 7571 6465 7571 6466 7572 6465 7572 6467 7572 6466 7573 6467 7573 6468 7573 6467 7574 6469 7574 6468 7574 6469 7575 6470 7575 6468 7575 6470 7576 6471 7576 6468 7576 6472 7577 6471 7577 6470 7577 6473 7578 6471 7578 6472 7578 6474 7579 6473 7579 6472 7579 6475 7580 6476 7580 6473 7580 6477 7581 6476 7581 6475 7581 6478 7582 6476 7582 6477 7582 6477 7583 6479 7583 6478 7583 6480 7584 6481 7584 6482 7584 6480 7585 6482 7585 6483 7585 6482 7586 6484 7586 6483 7586 6485 7587 6486 7587 6482 7587 6485 7588 6482 7588 6487 7588 6482 7589 6488 7589 6487 7589 6489 7590 6488 7590 6482 7590 6489 7591 6482 7591 6490 7591 6482 7592 6478 7592 6490 7592 6479 7593 6490 7593 6478 7593 6449 7594 6448 7594 6451 7594 6456 7595 6457 7595 6455 7595 6444 7596 6438 7596 6442 7596 6438 7597 6433 7597 6436 7597 6431 7598 6429 7598 6430 7598 6428 7599 6426 7599 6427 7599 6423 7600 6421 7600 6424 7600 6418 7601 6419 7601 6422 7601 6413 7602 6415 7602 6409 7602 6417 7603 6415 7603 6416 7603 6412 7604 6409 7604 6410 7604 6405 7605 6403 7605 4460 7605 6398 7606 6397 7606 6396 7606 6395 7607 6394 7607 6491 7607 6394 7608 6492 7608 6491 7608 6493 7609 6492 7609 6394 7609 6493 7610 6394 7610 6494 7610 6466 7611 6463 7611 6465 7611 6419 7612 6420 7612 6422 7612 6473 7613 6474 7613 6475 7613 6494 7614 6394 7614 6390 7614 6494 7615 6390 7615 6495 7615 6390 7616 6393 7616 6496 7616 6390 7617 6496 7617 6495 7617 6486 7618 6484 7618 6482 7618 6387 7619 6385 7619 6386 7619 6497 7620 6498 7620 6499 7620 6500 7621 6497 7621 6499 7621 6501 7622 6500 7622 6502 7622 6503 7623 6501 7623 6502 7623 6503 7624 6504 7624 6501 7624 6503 7625 6505 7625 6504 7625 6505 7626 6506 7626 6507 7626 6507 7627 6506 7627 6508 7627 6508 7628 6509 7628 6510 7628 6510 7629 6511 7629 6512 7629 6512 7630 6513 7630 6514 7630 6514 7631 6515 7631 6516 7631 6516 7632 6517 7632 6518 7632 6519 7633 6518 7633 6520 7633 6521 7634 6520 7634 6522 7634 6523 7635 6522 7635 6524 7635 6525 7636 6523 7636 6524 7636 6526 7637 6524 7637 6527 7637 6528 7638 6526 7638 6527 7638 6529 7639 6530 7639 6531 7639 6532 7640 6529 7640 6531 7640 6532 7641 6533 7641 6529 7641 6532 7642 6534 7642 6533 7642 6533 7643 6534 7643 6535 7643 6535 7644 6534 7644 6536 7644 6537 7645 6535 7645 6536 7645 6528 7646 6537 7646 6536 7646 6528 7647 6538 7647 6537 7647 6528 7648 6527 7648 6538 7648 6525 7649 6524 7649 6526 7649 6521 7650 6522 7650 6523 7650 6519 7651 6520 7651 6521 7651 6516 7652 6518 7652 6519 7652 6515 7653 6517 7653 6516 7653 6513 7654 6515 7654 6514 7654 6511 7655 6513 7655 6512 7655 6509 7656 6511 7656 6510 7656 6506 7657 6509 7657 6508 7657 6505 7658 6507 7658 6504 7658 6500 7659 6499 7659 6502 7659 6539 7660 6540 7660 6541 7660 6539 7661 6542 7661 6540 7661 6543 7662 6541 7662 6544 7662 6545 7663 6543 7663 6544 7663 6546 7664 6545 7664 6547 7664 6548 7665 6546 7665 6547 7665 6549 7666 6550 7666 6548 7666 6551 7667 6550 7667 6549 7667 6552 7668 6553 7668 6554 7668 6555 7669 6556 7669 6552 7669 6554 7670 6553 7670 6557 7670 6557 7671 6553 7671 6558 7671 6559 7672 6558 7672 6560 7672 6556 7673 6551 7673 6549 7673 6561 7674 6562 7674 6563 7674 6560 7675 6561 7675 6563 7675 6564 7676 6565 7676 6566 7676 6564 7677 6567 7677 6565 7677 6564 7678 6568 7678 6567 7678 6567 7679 6568 7679 6569 7679 6569 7680 6568 7680 6570 7680 6571 7681 6569 7681 6570 7681 6562 7682 6571 7682 6570 7682 6562 7683 6561 7683 6571 7683 6559 7684 6560 7684 6563 7684 6557 7685 6558 7685 6559 7685 6552 7686 6554 7686 6555 7686 6556 7687 6555 7687 6551 7687 6550 7688 6546 7688 6548 7688 6545 7689 6544 7689 6547 7689 6539 7690 6541 7690 6543 7690 6572 7691 6540 7691 6542 7691 6573 7692 6574 7692 6575 7692 6575 7693 6576 7693 6577 7693 6577 7694 6576 7694 6578 7694 6579 7695 6578 7695 6580 7695 6581 7696 6579 7696 6580 7696 6582 7697 6581 7697 6583 7697 6584 7698 6582 7698 6583 7698 4566 7699 6585 7699 4567 7699 4566 7700 6586 7700 6585 7700 6585 7701 6586 7701 6584 7701 6584 7702 6586 7702 6582 7702 6583 7703 6581 7703 6580 7703 6574 7704 198 7704 197 7704 6574 7705 6576 7705 6575 7705 6574 7706 6573 7706 198 7706 6578 7707 6579 7707 6577 7707 6587 7708 6588 7708 6589 7708 6589 7709 6588 7709 6590 7709 6590 7710 6591 7710 6589 7710 6591 7711 6592 7711 6589 7711 6593 7712 6592 7712 6591 7712 6594 7713 6592 7713 6593 7713 6595 7714 4920 7714 4919 7714 6596 7715 4920 7715 6595 7715 6596 7716 6595 7716 6594 7716 6593 7717 6596 7717 6594 7717 227 7718 6597 7718 225 7718 6597 7719 6598 7719 225 7719 6599 7720 6598 7720 6597 7720 6600 7721 6598 7721 6599 7721 6600 7722 6599 7722 6601 7722 6600 7723 6601 7723 6602 7723 6601 7724 6603 7724 6602 7724 6603 7725 6604 7725 6602 7725 6605 7726 6604 7726 6603 7726 6606 7727 6604 7727 6605 7727 6606 7728 6605 7728 6607 7728 6606 7729 6607 7729 6608 7729 6607 7730 6609 7730 6608 7730 6609 7731 6610 7731 6608 7731 6611 7732 6610 7732 6609 7732 6612 7733 6613 7733 6614 7733 6614 7734 6613 7734 6615 7734 234 7735 6616 7735 233 7735 6616 7736 6617 7736 233 7736 6618 7737 6617 7737 6616 7737 6619 7738 6617 7738 6618 7738 6619 7739 6618 7739 6620 7739 6619 7740 6620 7740 6621 7740 6620 7741 6622 7741 6621 7741 6622 7742 6623 7742 6621 7742 6624 7743 6623 7743 6622 7743 6615 7744 6623 7744 6624 7744 6615 7745 6624 7745 6614 7745 6613 7746 6612 7746 6625 7746 6612 7747 6626 7747 6625 7747 6626 7748 6611 7748 6625 7748 6610 7749 6611 7749 6626 7749 6627 7750 249 7750 248 7750 6628 7751 249 7751 6627 7751 6628 7752 6627 7752 6629 7752 6628 7753 6629 7753 6630 7753 6629 7754 6631 7754 6630 7754 6631 7755 6632 7755 6630 7755 6633 7756 6632 7756 6631 7756 237 7757 252 7757 6634 7757 6634 7758 6635 7758 237 7758 6636 7759 6635 7759 6634 7759 6637 7760 6635 7760 6636 7760 6637 7761 6636 7761 6638 7761 6637 7762 6638 7762 6639 7762 6638 7763 6640 7763 6639 7763 6640 7764 6633 7764 6639 7764 6632 7765 6633 7765 6640 7765 6641 7766 267 7766 266 7766 6642 7767 267 7767 6641 7767 6642 7768 6641 7768 6643 7768 6642 7769 6643 7769 6644 7769 6643 7770 6645 7770 6644 7770 6645 7771 6646 7771 6644 7771 6647 7772 6646 7772 6645 7772 255 7773 270 7773 6648 7773 6648 7774 6649 7774 255 7774 6650 7775 6649 7775 6648 7775 6651 7776 6649 7776 6650 7776 6651 7777 6650 7777 6652 7777 6651 7778 6652 7778 6653 7778 6652 7779 6654 7779 6653 7779 6654 7780 6647 7780 6653 7780 6646 7781 6647 7781 6654 7781 6655 7782 6656 7782 6657 7782 6657 7783 6658 7783 6659 7783 6659 7784 6658 7784 6660 7784 6661 7785 6660 7785 6662 7785 6663 7786 6661 7786 6662 7786 6664 7787 6663 7787 6665 7787 6666 7788 6664 7788 6665 7788 6655 7789 5031 7789 6656 7789 6667 7790 6668 7790 6669 7790 6670 7791 6667 7791 6669 7791 6670 7792 6666 7792 6667 7792 6670 7793 6664 7793 6666 7793 6663 7794 6662 7794 6665 7794 6659 7795 6660 7795 6661 7795 6656 7796 5031 7796 5033 7796 6657 7797 6656 7797 6658 7797 6671 7798 6672 7798 200 7798 6673 7799 6672 7799 6671 7799 6674 7800 6675 7800 6673 7800 6676 7801 6675 7801 6674 7801 6677 7802 6676 7802 6678 7802 6677 7803 6678 7803 6679 7803 6680 7804 6679 7804 6681 7804 6680 7805 6681 7805 6682 7805 6682 7806 6683 7806 6684 7806 6683 7807 6685 7807 6684 7807 6685 7808 6686 7808 6687 7808 6686 7809 6688 7809 6687 7809 6689 7810 6690 7810 6688 7810 6691 7811 6690 7811 6689 7811 6692 7812 6693 7812 6691 7812 6694 7813 6693 7813 6692 7813 6695 7814 6669 7814 6668 7814 6696 7815 6669 7815 6695 7815 6696 7816 6695 7816 6697 7816 6696 7817 6697 7817 6698 7817 6697 7818 6699 7818 6698 7818 6699 7819 6700 7819 6698 7819 6694 7820 6700 7820 6699 7820 6692 7821 6700 7821 6694 7821 6690 7822 6691 7822 6693 7822 6688 7823 6686 7823 6689 7823 6687 7824 6684 7824 6685 7824 6683 7825 6682 7825 6681 7825 6679 7826 6680 7826 6677 7826 6674 7827 6678 7827 6676 7827 6672 7828 199 7828 200 7828 6673 7829 6675 7829 6672 7829 6701 7830 6702 7830 6703 7830 6703 7831 6702 7831 6704 7831 6704 7832 6702 7832 6705 7832 6706 7833 6707 7833 6708 7833 6709 7834 6706 7834 6708 7834 6701 7835 6709 7835 6708 7835 6710 7836 6707 7836 6711 7836 6712 7837 6713 7837 6714 7837 6715 7838 6716 7838 6712 7838 6713 7839 6717 7839 6718 7839 6716 7840 6710 7840 6711 7840 6719 7841 6720 7841 6721 7841 6719 7842 6722 7842 6720 7842 6720 7843 6723 7843 6724 7843 6724 7844 6723 7844 6725 7844 6725 7845 6726 7845 6727 7845 6722 7846 6728 7846 6717 7846 6729 7847 6730 7847 6731 7847 6730 7848 6727 7848 6726 7848 6731 7849 6732 7849 6729 7849 6733 7850 6734 7850 6735 7850 6736 7851 6733 7851 6735 7851 6736 7852 6737 7852 6733 7852 6736 7853 6738 7853 6737 7853 6737 7854 6738 7854 6739 7854 6739 7855 6738 7855 6740 7855 6741 7856 6739 7856 6740 7856 6732 7857 6741 7857 6740 7857 6732 7858 6731 7858 6741 7858 6727 7859 6730 7859 6729 7859 6723 7860 6726 7860 6725 7860 6720 7861 6724 7861 6721 7861 6722 7862 6719 7862 6728 7862 6717 7863 6728 7863 6718 7863 6713 7864 6718 7864 6714 7864 6712 7865 6714 7865 6715 7865 6716 7866 6715 7866 6710 7866 6711 7867 6707 7867 6706 7867 6701 7868 6703 7868 6709 7868 6742 7869 6704 7869 6705 7869 6743 7870 6744 7870 6745 7870 6743 7871 6746 7871 6744 7871 6746 7872 6747 7872 6748 7872 6748 7873 6749 7873 6750 7873 6750 7874 6751 7874 6752 7874 6753 7875 6754 7875 6755 7875 6756 7876 6752 7876 6753 7876 6754 7877 6757 7877 6758 7877 6757 7878 6759 7878 6758 7878 6757 7879 6760 7879 6759 7879 6754 7880 6758 7880 6755 7880 6756 7881 6750 7881 6752 7881 6753 7882 6755 7882 6756 7882 6750 7883 6749 7883 6751 7883 6748 7884 6747 7884 6749 7884 6743 7885 6745 7885 6761 7885 6761 7886 6745 7886 6762 7886 6762 7887 6745 7887 6763 7887 6764 7888 6762 7888 6763 7888 6765 7889 6764 7889 6763 7889 6765 7890 6766 7890 6764 7890 6767 7891 6768 7891 6766 7891 6767 7892 6769 7892 6768 7892 6769 7893 6770 7893 6771 7893 6771 7894 6770 7894 6772 7894 6772 7895 6773 7895 6774 7895 6774 7896 6773 7896 6775 7896 6776 7897 6775 7897 6777 7897 6778 7898 6776 7898 6777 7898 6779 7899 6778 7899 6780 7899 6781 7900 6779 7900 6780 7900 6782 7901 6783 7901 6781 7901 6784 7902 6785 7902 6786 7902 6787 7903 6788 7903 6789 7903 6790 7904 6791 7904 6792 7904 6793 7905 6788 7905 6794 7905 6788 7906 6793 7906 6790 7906 6792 7907 6788 7907 6790 7907 6792 7908 6789 7908 6788 7908 6789 7909 6795 7909 6787 7909 6787 7910 6795 7910 6796 7910 6796 7911 6795 7911 6784 7911 6786 7912 6796 7912 6784 7912 6782 7913 6786 7913 6785 7913 6783 7914 6782 7914 6785 7914 6783 7915 6779 7915 6781 7915 6778 7916 6777 7916 6780 7916 6775 7917 6776 7917 6774 7917 6748 7918 6744 7918 6746 7918 6768 7919 6769 7919 6771 7919 6772 7920 6770 7920 6773 7920 6766 7921 6765 7921 6767 7921 6797 7922 6798 7922 6799 7922 6800 7923 6801 7923 6798 7923 6800 7924 6802 7924 6801 7924 6801 7925 6802 7925 6803 7925 6803 7926 6802 7926 6804 7926 6804 7927 6802 7927 6805 7927 6806 7928 6805 7928 6807 7928 6807 7929 6805 7929 6808 7929 6809 7930 6807 7930 6808 7930 6810 7931 6811 7931 6812 7931 6810 7932 6808 7932 6811 7932 6812 7933 6813 7933 6814 7933 6814 7934 6813 7934 6815 7934 6814 7935 6815 7935 6816 7935 6817 7936 6814 7936 6816 7936 6811 7937 6813 7937 6812 7937 6806 7938 6804 7938 6805 7938 6808 7939 6810 7939 6809 7939 6797 7940 6799 7940 6818 7940 6818 7941 6799 7941 6819 7941 6820 7942 6818 7942 6819 7942 6821 7943 6820 7943 6819 7943 6822 7944 6821 7944 6819 7944 6822 7945 6823 7945 6821 7945 6824 7946 6825 7946 6822 7946 6824 7947 6826 7947 6825 7947 6824 7948 6827 7948 6826 7948 6828 7949 6829 7949 6827 7949 6828 7950 6830 7950 6829 7950 6829 7951 6830 7951 6831 7951 6830 7952 6832 7952 6833 7952 6833 7953 6832 7953 6834 7953 6834 7954 6832 7954 6835 7954 6836 7955 6837 7955 6838 7955 6839 7956 6840 7956 6841 7956 6838 7957 6839 7957 6836 7957 6838 7958 6840 7958 6839 7958 6838 7959 6842 7959 6840 7959 6840 7960 6842 7960 6835 7960 6832 7961 6840 7961 6835 7961 6830 7962 6833 7962 6831 7962 6828 7963 6827 7963 6824 7963 6798 7964 6797 7964 6800 7964 6823 7965 6822 7965 6825 7965</p>
                </triangles>
            </mesh>
        </geometry>
    </library_geometries>
    <library_visual_scenes>
        <visual_scene id="VisualSceneNode" name="VisualScene">
            <node id="node" name="node">
                <instance_geometry url="#shape0-lib"/>
            </node>
        </visual_scene>
    </library_visual_scenes>
    <scene>
        <instance_visual_scene url="#VisualSceneNode"/>
    </scene>
</COLLADA>
